nco_code,title
1111.01,"Elected Official, Union Government"
1111.01,
1111.0100,"Elected Official, Union Government"
1111.0100,
1111.02,"Elected Official, State Government"
1111.02,
1111.0200,
1111.0200,"Elected Official, State Government"
1111.03,"Elected Official, Local Bodies"
1111.03,
1111.0300,
1111.0300,"Elected Official, Local Bodies"
1111.99,
1111.99,"Legislators, Other"
1111.9900,
1111.9900,"Legislators, Other"
1112.01,
1112.01,"Administrative Official, Union Government"
1112.0100,
1112.0100,"Administrative Official, Union Government"
1112.02,Diplomat
1112.02,
1112.0200,
1112.0200,Diplomat
1112.03,"Executive Officials, Union Government"
1112.03,
1112.0300,
1112.0300,"Executive Officials, Union Government"
1112.04,"Administrative Official, State Government"
1112.04,
1112.0400,
1112.0400,"Administrative Official, State Government"
1112.05,
1112.05,"Executive Official, State Government"
1112.0500,"Executive Official, State Government"
1112.0500,
1112.06,"Administrative and Executive Officials, Quasi"
1112.06,
1112.0600,
1112.0600,"Administrative and Executive Officials, Quasi"
1112.07,"Administrative & Executive Off icials, Quasi"
1112.07,
1112.0700,
1112.0700,"Administrative & Executive Off icials, Quasi"
1112.08,"Administrative and Executive Officials, Local"
1112.08,
1112.0800,
1112.0800,"Administrative and Executive Officials, Local"
1112.99,
1112.99,"Senior Government Officials, Other"
1112.9900,
1112.9900,"Senior Government Officials, Other"
1114.01,
1114.01,Political Worker
1114.0100,Political Worker
1114.0100,
1114.02,
1114.02,"Senior Officials of Employers, Workers and Other"
1114.0200,"Senior Officials of Employers, Workers and Other"
1114.0200,
1114.03,"Director, Disaster Management Services"
1114.03,
1114.0300,"Director, Disaster Management Services"
1114.0300,
1114.99,"Senior Officials of Special Interest Organizations,"
1114.99,
1114.9900,
1114.9900,"Senior Officials of Special Interest Organizations,"
1120.01,"Working Proprietor, Electricity"
1120.01,
1120.0100,"Working Proprietor, Electricity"
1120.0100,
1120.02,"Working Proprietor, Gas"
1120.02,
1120.0200,
1120.0200,"Working Proprietor, Gas"
1120.03,
1120.03,"Working Proprietor, Water Supply"
1120.0300,
1120.0300,"Working Proprietor, Water Supply"
1120.04,
1120.04,"Director, Electricity"
1120.0400,
1120.0400,"Director, Electricity"
1120.05,"Director, Gas"
1120.05,
1120.0500,"Director, Gas"
1120.0500,
1120.06,
1120.06,"Director, Water Supply"
1120.0600,"Director, Water Supply"
1120.0600,
1120.07,
1120.07,"Director, Bank"
1120.0700,
1120.0700,"Director, Bank"
1120.08,"Director, Insurance"
1120.08,
1120.0800,
1120.0800,"Director, Insurance"
1120.09,"Working Proprietor, Mines/Proprietor, Mines"
1120.09,
1120.0900,"Working Proprietor, Mines/Proprietor, Mines"
1120.0900,
1120.1,"Working Proprietor, Quarry/Proprietor, Quarry"
1120.1,
1120.1000,
1120.1000,"Working Proprietor, Quarry/Proprietor, Quarry"
1120.11,"Working Proprietor, Well Drilling/Proprietor,"
1120.11,
1120.1100,"Working Proprietor, Well Drilling/Proprietor,"
1120.1100,
1120.12,
1120.12,"Working Proprietor, Construction/Proprietor,"
1120.1200,"Working Proprietor, Construction/Proprietor,"
1120.1200,
1120.13,"Director, Construction"
1120.13,
1120.1300,"Director, Construction"
1120.1300,
1120.14,"Director, Mines"
1120.14,
1120.1400,"Director, Mines"
1120.1400,
1120.15,
1120.15,"Director, Quarry"
1120.1500,"Director, Quarry"
1120.1500,
1120.16,"Director, Well Drilling"
1120.16,
1120.1600,"Director, Well Drilling"
1120.1600,
1120.17,"Working Proprietor, Manufacturing/Proprietor,"
1120.17,
1120.1700,
1120.1700,"Working Proprietor, Manufacturing/Proprietor,"
1120.18,Director Manufacturing
1120.18,
1120.1800,
1120.1800,Director Manufacturing
1120.19,
1120.19,"Working Proprietor, Wholesale Trade/Proprietor,"
1120.1900,"Working Proprietor, Wholesale Trade/Proprietor,"
1120.1900,
1120.2,
1120.2,"Working Proprietor, Retail Trade/Proprietor,"
1120.2000,"Working Proprietor, Retail Trade/Proprietor,"
1120.2000,
1120.21,
1120.21,"Director, Wholesale Trade"
1120.2100,"Director, Wholesale Trade"
1120.2100,
1120.22,"Director, Retail Trade"
1120.22,
1120.2200,"Director, Retail Trade"
1120.2200,
1120.23,"Working Proprietor, Transport"
1120.23,
1120.2300,"Working Proprietor, Transport"
1120.2300,
1120.24,"Director, Transport"
1120.24,
1120.2400,"Director, Transport"
1120.2400,
1120.25,
1120.25,"Director, Communication"
1120.2500,"Director, Communication"
1120.2500,
1120.26,
1120.26,"Director, Airport"
1120.2600,
1120.2600,"Director, Airport"
1120.27,
1120.27,"Working Proprietor, Storage and Warehousing"
1120.2700,
1120.2700,"Working Proprietor, Storage and Warehousing"
1120.28,"Director, Storage and Warehousing"
1120.28,
1120.2800,"Director, Storage and Warehousing"
1120.2800,
1120.29,"Working Proprietor, Lodging and Catering"
1120.29,
1120.2900,"Working Proprietor, Lodging and Catering"
1120.2900,
1120.3,
1120.3,"Director, Lodging and Catering Services/Director"
1120.3000,"Director, Lodging and Catering Services/Director"
1120.3000,
1120.31,
1120.31,Executive Chef
1120.3100,Executive Chef
1120.3100,
1120.32,"Working Proprietor, Recreation and"
1120.32,
1120.3200,"Working Proprietor, Recreation and"
1120.3200,
1120.33,
1120.33,"Director, Recreation and Entertainment"
1120.3300,
1120.3300,"Director, Recreation and Entertainment"
1120.34,
1120.34,"Station Director, Radio/TV"
1120.3400,
1120.3400,"Station Director, Radio/TV"
1120.3401,Account Executive
1120.3401,Account Director ( Advertising Agency)
1120.3402,Sales Executive –
1120.3402,Sales Director (Media Org)
1120.35,"Working Proprietor, Other Services"
1120.35,
1120.3500,"Working Proprietor, Other Services"
1120.3500,
1120.36,
1120.36,"Director, Other Services"
1120.3600,
1120.3600,"Director, Other Services"
1120.37,"Director, Museum/Zoo"
1120.37,
1120.3700,"Director, Museum/Zoo"
1120.3700,
1120.38,Chief Librarian
1120.38,
1120.3800,Chief Librarian
1120.3800,
1120.39,"Principal, College"
1120.39,
1120.3900,
1120.3900,"Principal, College"
1120.99,"Managing Directors and Chief Executives, Others"
1120.99,
1120.9900,
1120.9900,"Managing Directors and Chief Executives, Others"
1211.01,"General Manager, Bank"
1211.01,
1211.0100,
1211.0100,"General Manager, Bank"
1211.02,"General Manager, Insurance"
1211.02,
1211.0200,"General Manager, Insurance"
1211.0200,
1211.03,"Purser, Ship"
1211.03,
1211.0300,
1211.0300,"Purser, Ship"
1211.99,"Finance Managers, Others"
1211.99,Finance and Administration
1211.99,
1211.9900,
1211.9900,Finance and Administration
1211.9900,"Finance Managers, Others"
1212.01,
1212.01,Personnel Manager
1212.01,Perso nnel Manager
1212.0100,
1212.0100,Perso nnel Manager
1212.0100,Personnel Manager
1212.99,"Personnel and Industrial Relations Managers,"
1212.99,Personnel and Industrial Relations
1212.99,
1212.9900,"Personnel and Industrial Relations Managers,"
1212.9900,
1212.9900,Personnel and Industrial Relations
1213.01,
1213.01,"Manager, Automotive Service"
1213.0100,"Manager, Automotive Service"
1213.0100,
1213.0101,Quality Assurance Standards In -Charge
1213.0101,
1213.0101,Quality Assurance Standards In
1213.0101,
1213.0102,Manager – Customer Quality
1213.0102,Manager -Customer Quality
1213.0102,Manager –
1213.02,
1213.02,"Manager, Automotive Service Station"
1213.02,"Manager, Automotive Service"
1213.0200,"Manager, Automotive Service Station"
1213.0200,"Manager, Automotive Service"
1213.0200,
1213.0201,Armature Winder
1213.0201,Area Service Manager
1213.0202,Test and Repair
1213.0202,Territory Service Manager
1213.99,
1213.99,"Managers, Other Services"
1213.9900,
1213.9900,"Managers, Other Services"
1219.01,
1219.01,"Manager, Import and Export"
1219.0100,"Manager, Import and Export"
1219.0100,
1219.0101,Extra
1219.0101,Export Manager
1219.02,"Manager, Health Club/Manager, Fitness"
1219.02,"Manager, Health Club /Manager,"
1219.02,
1219.0200,"Manager, Health Club /Manager,"
1219.0200,"Manager, Health Club/Manager, Fitness"
1219.0200,
1221.01,Sales Manager (Wholesale Trade)
1221.01,
1221.0100,
1221.0100,Sales Manager (Wholesale Trade)
1221.02,
1221.02,Sales Manager (Retail Trade)
1221.0200,
1221.0200,Sales Manager (Retail Trade)
1221.0301,Home Delivery Manager
1221.0301,Home
1221.0401,Occupational
1221.0401,Territory Sales Manager (Broadband)
1221.0401,Territory Sales Manager
1221.0501,Territory Sales Manager (Prepaid)
1221.0501,Territory Sales
1221.0601,Sales Co-ordinator  (Media Org)
1221.0601,Sales Co -Ordinator (Media Org)
1221.0601,Sales
1221.0602,Sales Manager (Media Org)
1221.0602,Sales Manager
1221.99,"Sales and Marketing Managers, Other"
1221.99,
1221.99,"Sales and Marketing Managers,"
1221.9900,"Sales and Marketing Managers,"
1221.9900,"Sales and Marketing Managers, Other"
1221.9900,
1222.01,"Manager, Advertising and"
1222.01,
1222.01,"Manager, Advertising and Promotion"
1222.0100,"Manager, Advertising and"
1222.0100,"Manager, Advertising and Promotion"
1222.0100,
1222.0102,Advertising Sales
1222.0102,Advertising Operations Co-
1222.0102,Advertising Operations Co -Ordinator (Digital)
1222.02,
1222.02,"Manager, Fashion/Fashion"
1222.02,"Manager, Fashion/Fashion Manager"
1222.0200,"Manager, Fashion/Fashion"
1222.0200,
1222.0200,"Manager, Fashion/Fashion Manager"
1222.99,
1222.99,Advertising and Public Relations Department
1222.99,Advertising and Public Relations
1222.9900,
1222.9900,Advertising and Public Relations Department
1222.9900,Advertising and Public Relations
1223.0101,Manager Vendor
1223.0101,Manager Testing Facility
1223.0102,Manager Material Testing
1223.0102,Manager Stores
1223.0201,Research Associate
1223.0201,"Reservation Clerk,"
1311.01,"General Manager, Plantation"
1311.01,
1311.01,"General Manager, Plantation  General Manager, Plantation manages"
1311.0100,"General Manager, Plantation  General Manager, Plantation manages"
1311.0100,
1311.0100,"General Manager, Plantation"
1311.02,"General Manager, Horticulture"
1311.02,
1311.0200,
1311.0200,"General Manager, Horticulture"
1311.03,"General Manager, Agricultural Farm"
1311.03,"General Manager, Agricultural"
1311.03,
1311.0300,"General Manager, Agricultural Farm"
1311.0300,"General Manager, Agricultural"
1311.0300,
1311.04,
1311.04,"General Manager, Livestock Farm"
1311.0400,"General Manager, Livestock Farm"
1311.0400,
1311.05,"Gene ral Manager, Dairy Farm"
1311.05,
1311.05,"General Manager, Dairy Farm"
1311.0500,"Gene ral Manager, Dairy Farm"
1311.0500,"General Manager, Dairy Farm"
1311.0500,
1311.06,"General Manager, Poultry"
1311.06,
1311.0600,"General Manager, Poultry"
1311.0600,
1311.07,"Manager, Agricultural Farm"
1311.07,
1311.07,"Manager,  Agricultural Farm"
1311.0700,"Manager,  Agricultural Farm"
1311.0700,"Manager, Agricultural Farm"
1311.0700,
1311.08,"Manager, Plantation"
1311.08,
1311.0800,"Manager, Plantation"
1311.0800,
1311.09,"Manager, Nursery"
1311.09,
1311.0900,"Manager, Nursery"
1311.0900,
1311.0901,Rubber Nursery Manager
1311.0901,Rubber Nursery
1311.1,
1311.1,"Manager, Aerial Planting and Cultivation"
1311.1,"Manager, Aerial Planting and"
1311.1000,"Manager, Aerial Planting and"
1311.1000,
1311.1000,"Manager, Aerial Planting and Cultivation"
1311.11,"Manager, Orchard"
1311.11,
1311.1100,"Manager, Orchard"
1311.1100,
1311.12,"Manager, Horticulture Farm"
1311.12,
1311.1200,"Manager, Horticulture Farm"
1311.1200,
1311.13,"Manager, Livestock Farm"
1311.13,
1311.1300,"Manager, Livestock Farm"
1311.1300,
1311.14,
1311.14,"Manager, Dairy Farm"
1311.1400,"Manager, Dairy Farm"
1311.1400,
1311.15,"Manager, Poultry Farm"
1311.15,
1311.1500,
1311.1500,"Manager, Poultry Farm"
1311.99,"Agricultural and Forestry Production Managers,"
1311.99,
1311.99,Agricultural and Forestry
1311.9900,"Agricultural and Forestry Production Managers,"
1311.9900,
1311.9900,Agricultural and Forestry
1321.01,"Manager, Electricity"
1321.01,
1321.0100,
1321.0100,"Manager, Electricity"
1321.02,Terminal Manager
1321.02,
1321.0200,Terminal Manager
1321.0200,
1321.03,"Manager, Gas"
1321.03,
1321.0300,
1321.0300,"Manager, Gas"
1321.04,"Manager, Water Supply"
1321.04,
1321.0400,"Manager, Water Supply"
1321.0400,
1321.05,"Manager, Food Processing Plant"
1321.05,
1321.0500,"Manager, Food Processing Plant"
1321.0500,
1321.06,"Manager, Manufacturing"
1321.06,"Manager , Manufacturing"
1321.06,
1321.0600,"Manager , Manufacturing"
1321.0600,
1321.0600,"Manager, Manufacturing"
1321.07,"General Manager, Electricity"
1321.07,
1321.0700,
1321.0700,"General Manager, Electricity"
1321.08,
1321.08,"General Manager, Gas"
1321.0800,"General Manager, Gas"
1321.0800,
1321.09,
1321.09,"General Manager, Water Supply"
1321.0900,"General Manager, Water Supply"
1321.0900,
1321.1,
1321.1,"General Manager, Manufacturing"
1321.1000,
1321.1000,"General Manager, Manufacturing"
1321.99,"Manufacturing Managers, Other"
1321.99,"Manufacturing Managers , Other  Manufacturing Managers , Other include s"
1321.99,
1321.9900,"Manufacturing Managers , Other  Manufacturing Managers , Other include s"
1321.9900,"Manufacturing Managers, Other"
1321.9900,
1322.01,
1322.01,"Manager, Mine"
1322.0100,"Manager, Mine"
1322.0100,
1322.02,"Manager, Quarry"
1322.02,
1322.0200,
1322.0200,"Manager, Quarry"
1322.03,
1322.03,"Manager, Well Drilling"
1322.0300,"Manager, Well Drilling"
1322.0300,
1322.04,
1322.04,"General Manager, Mine"
1322.0400,"General Manager, Mine"
1322.0400,
1322.05,"General Manager, Quarry"
1322.05,
1322.0500,"General Manager, Quarry"
1322.0500,
1322.06,"General Manager, Well Drilling"
1322.06,
1322.0600,"General Manager, Well Drilling"
1322.0600,
1322.99,"Mining Managers, Other"
1322.99,
1322.99,"Mining Managers,  Other"
1322.9900,"Mining Managers, Other"
1322.9900,
1322.9900,"Mining Managers,  Other"
1323.01,"Manager, Construction /Manager"
1323.01,
1323.01,"Manager, Construction/Manager Construction"
1323.0100,"Manager, Construction/Manager Construction"
1323.0100,"Manager, Construction /Manager"
1323.0100,
1323.02,"Manager, Land Survey"
1323.02,
1323.0200,"Manager, Land Survey"
1323.0200,
1323.03,"General Manager, Construction/General"
1323.03,
1323.03,"General Manager,"
1323.0300,"General Manager,"
1323.0300,
1323.0300,"General Manager, Construction/General"
1323.99,
1323.99,"Construction Managers, Other"
1323.99,"Construction Managers,  Other"
1323.9900,
1323.9900,"Construction Managers,  Other"
1323.9900,"Construction Managers, Other"
1324.01,"Manager, Material"
1324.01,"Manager, Material Control/Manager Materials"
1324.01,
1324.0100,"Manager, Material Control/Manager Materials"
1324.0100,
1324.0100,"Manager, Material"
1324.0101,Manager Testing
1324.0101,Manager Supplier Quality
1324.0102,Material Scientist
1324.0102,Material Co-ordination  Manager
1324.0102,Material Co -Ordination Manager
1324.0103,Manager Vendor Development
1324.0103,"Manager,"
1324.02,"Manager, Transport"
1324.02,
1324.0200,"Manager, Transport"
1324.0200,
1324.03,"Station Master, Roadways"
1324.03,
1324.0300,"Station Master, Roadways"
1324.0300,
1324.04,
1324.04,"Traffic Inspector, Motor Transport"
1324.0400,
1324.0400,"Traffic Inspector, Motor Transport"
1324.05,"Manager, Traffic"
1324.05,
1324.0500,"Manager, Traffic"
1324.0500,
1324.06,
1324.06,"Traffic Inspector, Railway"
1324.0600,"Traffic Inspector, Railway"
1324.0600,
1324.07,"Traffic Inspector, Tram"
1324.07,
1324.0700,"Traffic Inspector, Tram"
1324.0700,
1324.08,"Manager, Flight Operation"
1324.08,
1324.0800,"Manager, Flight Operation"
1324.0800,
1324.09,
1324.09,Aerodrome Officer
1324.0900,Aerodrome Officer
1324.0900,
1324.1,
1324.1,"Flight Operation Officer, Air Service"
1324.1000,
1324.1000,"Flight Operation Officer, Air Service"
1324.11,"Traffic Officer, Air Service/Traffic"
1324.11,
1324.11,"Traffic Officer, Air Service/Traffic Controller"
1324.1100,"Traffic Officer, Air Service/Traffic"
1324.1100,
1324.1100,"Traffic Officer, Air Service/Traffic Controller"
1324.12,
1324.12,"Manager, Storage and"
1324.12,"Manager, Storage and Warehousing"
1324.1200,
1324.1200,"Manager, Storage and"
1324.1200,"Manager, Storage and Warehousing"
1324.1201,Warehouse
1324.1201,Warehouse Supervisor
1324.13,
1324.13,"Goods Supervisor, Railway"
1324.1300,"Goods Supervisor, Railway"
1324.1300,
1324.14,
1324.14,"Goods Supervisor, Road Transport"
1324.1400,"Goods Supervisor, Road Transport"
1324.1400,
1324.15,"Station Master, Railway"
1324.15,
1324.1500,"Station Master, Railway"
1324.1500,
1324.16,"Platform Inspector, Railway"
1324.16,
1324.1600,
1324.1600,"Platform Inspector, Railway"
1324.17,
1324.17,"Rates Inspector, Railway"
1324.1700,"Rates Inspector, Railway"
1324.1700,
1324.18,"Depot Starter, Tram"
1324.18,
1324.1800,"Depot Starter, Tram"
1324.1800,
1324.19,"Section Controller, Railway"
1324.19,
1324.1900,
1324.1900,"Section Controller, Railway"
1324.2,
1324.2,"Accident Officer, Tram"
1324.2000,
1324.2000,"Accident Officer, Tram"
1324.21,"General Manager, Transport"
1324.21,
1324.2100,"General Manager, Transport"
1324.2100,
1324.22,
1324.22,"General Manager, Storage and Warehousing"
1324.22,"General Manager, Storage and"
1324.2200,"General Manager, Storage and"
1324.2200,
1324.2200,"General Manager, Storage and Warehousing"
1324.99,
1324.99,"Supply, Distribution and Related Managers and"
1324.99,"Supply, Distribution  and Related"
1324.9900,"Supply, Distribution  and Related"
1324.9900,"Supply, Distribution and Related Managers and"
1324.9900,
1330.01,"Manager, Communication"
1330.01,
1330.0100,"Manager, Communication"
1330.0100,
1330.0101,Communication Analyst
1330.0101,Community Health
1330.02,"Contract Officer,"
1330.02,
1330.02,"Contract Officer, Telephone/Liaising Officer/"
1330.0200,"Contract Officer,"
1330.0200,"Contract Officer, Telephone/Liaising Officer/"
1330.0200,
1330.03,
1330.03,Post Master
1330.0300,
1330.0300,Post Master
1330.06,
1330.06,"General Manager, Communication"
1330.0600,
1330.0600,"General Manager, Communication"
1330.0701,Clutch Specialist
1330.0701,Cluster Manager
1330.99,Information and Communication Technology
1330.99,Information and
1330.99,
1330.9900,Information and
1330.9900,
1330.9900,Information and Communication Technology
1345.01,Headmaster
1345.01,
1345.0100,Headmaster
1345.0100,
1346.01,"Manager, Bank"
1346.01,
1346.0100,
1346.0100,"Manager, Bank"
1346.02,"Manager, Insurance"
1346.02,
1346.0200,"Manager, Insurance"
1346.0200,
1346.99,
1346.99,Financial and Insurance Service
1346.99,Financial and Insurance Service Branch
1346.9900,
1346.9900,Financial and Insurance Service
1346.9900,Financial and Insurance Service Branch
1411.01,
1411.01,"Manager, Lodging and Catering"
1411.0100,
1411.0100,"Manager, Lodging and Catering"
1411.02,
1411.02,"General Manager, Lodging and"
1411.02,"General Manager, Lodging and Catering Services"
1411.0200,"General Manager, Lodging and"
1411.0200,
1411.0200,"General Manager, Lodging and Catering Services"
1411.99,
1411.99,"Hotel Managers, Others"
1411.99,"Hotel Managers,  Others"
1411.9900,"Hotel Managers,  Others"
1411.9900,"Hotel Managers, Others"
1411.9900,
1412.01,"Manager, Fast Food Service"
1412.01,
1412.0100,
1412.0100,"Manager, Fast Food Service"
1412.99,
1412.99,"Restaurant Managers, Other"
1412.99,"Restaurant Managers , Other"
1412.9900,
1412.9900,"Restaurant Managers , Other"
1412.9900,"Restaurant Managers, Other"
1420.01,
1420.01,"Manager, Wholesale Trade"
1420.0100,"Manager, Wholesale Trade"
1420.0100,
1420.02,
1420.02,"Manager, Retail Trade"
1420.0200,
1420.0200,"Manager, Retail Trade"
1420.03,"Manager, Export"
1420.03,
1420.0300,
1420.0300,"Manager, Export"
1420.04,"General Manager, Wholesale Trade/Senior"
1420.04,
1420.04,"General Manager, Wholesale"
1420.0400,"General Manager, Wholesale Trade/Senior"
1420.0400,"General Manager, Wholesale"
1420.0400,
1420.05,
1420.05,"General Manager, Retail Trade,"
1420.05,"General Manager, Retail Trade, Senior Manager,"
1420.0500,
1420.0500,"General Manager, Retail Trade, Senior Manager,"
1420.0500,"General Manager, Retail Trade,"
1420.99,"Retail and Wholesale Trade Managers, Other"
1420.99,
1420.99,Retail and Wholesale Trade
1420.9900,
1420.9900,Retail and Wholesale Trade
1420.9900,"Retail and Wholesale Trade Managers, Other"
1431.01,"General Manager, Recreation and"
1431.01,
1431.01,"General Manager, Recreation and Entertainment"
1431.0100,"General Manager, Recreation and"
1431.0100,
1431.0100,"General Manager, Recreation and Entertainment"
1431.99,"Sports, Recreation and Cultural Centre Manager,"
1431.99,"Sports, Recreation and Cultural"
1431.99,
1431.9900,"Sports, Recreation and Cultural"
1431.9900,
1431.9900,"Sports, Recreation and Cultural Centre Manager,"
2111.01,
2111.01,"Physicist, General"
2111.0100,"Physicist, General"
2111.0100,
2111.02,
2111.02,"Physicist, Mechanics"
2111.0200,
2111.0200,"Physicist, Mechanics"
2111.03,
2111.03,"Physicist, Heat"
2111.0300,"Physicist, Heat"
2111.0300,
2111.04,
2111.04,"Physicist, Light"
2111.0400,"Physicist, Light"
2111.0400,
2111.05,"Physicist, Sound"
2111.05,
2111.0500,"Physicist, Sound"
2111.0500,
2111.06,
2111.06,"Physicist, Electricity and Magnetism"
2111.0600,
2111.0600,"Physicist, Electricity and Magnetism"
2111.07,"Physicist, Electronics"
2111.07,
2111.0700,
2111.0700,"Physicist, Electronics"
2111.08,"Physicist, Nuclear"
2111.08,
2111.0800,
2111.0800,"Physicist, Nuclear"
2111.09,
2111.09,Astronomer
2111.0900,Astronomer
2111.0900,
2111.1,
2111.1,Metrologist
2111.1000,Metrologist
2111.1000,
2111.11,
2111.11,Material Scientist
2111.1100,Material Scientist
2111.1100,
2111.99,
2111.99,"Physicists and Astronomers, Other"
2111.9900,"Physicists and Astronomers, Other"
2111.9900,
2112.01,Meteorologist
2112.01,
2112.0100,Meteorologist
2112.0100,
2112.99,"Meteorologists, Other"
2112.99,
2112.9900,"Meteorologists, Other"
2112.9900,
2113.01,"Chemist, General"
2113.01,
2113.0100,
2113.0100,"Chemist, General"
2113.02,
2113.02,"Chemist, Organic"
2113.0200,
2113.0200,"Chemist, Organic"
2113.03,
2113.03,"Chemist, Inorganic"
2113.0300,"Chemist, Inorganic"
2113.0300,
2113.04,
2113.04,"Chemist, Physical"
2113.0400,
2113.0400,"Chemist, Physical"
2113.05,"Chemist, Analytical"
2113.05,
2113.0500,"Chemist, Analytical"
2113.0500,
2113.06,"Chemist, Industrial"
2113.06,
2113.0600,
2113.0600,"Chemist, Industrial"
2113.0601,Quality Control
2113.0601,Quality Control Chemist
2113.0621,Lab Chemist -Finished Product
2113.0621,Lab Chemist – Finished Product Testing
2113.0621,Lab Chemist –
2113.0622,Labeller
2113.0622,Lab Chemist – Incoming Raw Material Testing
2113.0622,Lab Chemist -Incoming raw material
2113.0623,Lab Chemist –
2113.0623,Lab Chemist – Compound Testing – Batch
2113.0623,Lab Chemist -Compound testing –
2113.0624,Lab Chemist – Cured Compound Testing
2113.0624,Lab Chemist -Cured compound
2113.0624,Lab Chemist –
2113.08,
2113.08,"Chemist, Forensic Science"
2113.0800,
2113.0800,"Chemist, Forensic Science"
2113.0901,Quality Assurance Chemist
2113.0901,Quality Assurance
2113.99,
2113.99,"Chemists, Other"
2113.9900,"Chemists, Other"
2113.9900,
2114.01,Geologist
2114.01,
2114.0100,
2114.0100,Geologist
2114.02,
2114.02,Petrologists
2114.0200,Petrologists
2114.0200,
2114.03,Palaeontologist
2114.03,
2114.0300,Palaeontologist
2114.0300,
2114.04,
2114.04,Geophysicist
2114.0400,Geophysicist
2114.0400,
2114.05,
2114.05,Hydrologist
2114.0500,
2114.0500,Hydrologist
2114.06,Mineralogist
2114.06,
2114.0600,
2114.0600,Mineralogist
2114.07,Seismologist
2114.07,
2114.0700,
2114.0700,Seismologist
2114.08,
2114.08,Oceanographer
2114.0800,Oceanographer
2114.0800,
2114.15,
2114.15,"Geologist, Petroleum"
2114.1500,
2114.1500,"Geologist, Petroleum"
2114.55,"Hydrographer, Waterworks"
2114.55,
2114.5500,"Hydrographer, Waterworks"
2114.5500,
2114.99,"Geologists and Geophysicists,"
2114.99,
2114.99,"Geologists and Geophysicists, Other"
2114.9900,
2114.9900,"Geologists and Geophysicists, Other"
2114.9900,"Geologists and Geophysicists,"
2120.01,Mathematician
2120.01,
2120.0100,Mathematician
2120.0100,
2120.02,Actuary
2120.02,
2120.0200,Actuary
2120.0200,
2120.03,Statistician
2120.03,
2120.0300,
2120.0300,Statistician
2120.04,
2120.04,"Statistician, Applied"
2120.0400,"Statistician, Applied"
2120.0400,
2120.05,
2120.05,Operation Research Analyst
2120.0500,Operation Research Analyst
2120.0500,
2120.0501,Associate – Clinical
2120.0501,Associate – Analytics
2120.0501,Associate -Analytics
2120.99,
2120.99,"Mathematicians, Actuaries and Statisticians,"
2120.99,"Mathematicians, Actuaries and"
2120.9900,"Mathematicians, Actuaries and"
2120.9900,
2120.9900,"Mathematicians, Actuaries and Statisticians,"
2131.01,"Biologist, General"
2131.01,
2131.0100,"Biologist, General"
2131.0100,
2131.02,
2131.02,Marine Biologist
2131.0200,Marine Biologist
2131.0200,
2131.03,
2131.03,Cytologist
2131.0300,
2131.0300,Cytologist
2131.04,"Botanist, General"
2131.04,
2131.0400,
2131.0400,"Botanist, General"
2131.05,Economic Botanist
2131.05,
2131.0500,
2131.0500,Economic Botanist
2131.06,
2131.06,Plant Breeder
2131.0600,Plant Breeder
2131.0600,
2131.07,
2131.07,Mycologist
2131.0700,Mycologist
2131.0700,
2131.08,
2131.08,Algologist
2131.0800,Algologist
2131.0800,
2131.09,
2131.09,"Zoologist, General"
2131.0900,"Zoologist, General"
2131.0900,
2131.1,
2131.1,Entomologist
2131.1000,
2131.1000,Entomologist
2131.11,
2131.11,Parasitologist
2131.1100,Parasitologist
2131.1100,
2131.12,Bacteriologist
2131.12,
2131.1200,
2131.1200,Bacteriologist
2131.13,"Chemist, Biological"
2131.13,
2131.1300,"Chemist, Biological"
2131.1300,
2131.14,"Chemist, Food"
2131.14,
2131.1400,"Chemist, Food"
2131.1400,
2131.15,
2131.15,Plant Pathologist
2131.1500,
2131.1500,Plant Pathologist
2131.18,Plant Phys iologist
2131.18,Plant Physiologist
2131.18,
2131.1800,
2131.1800,Plant Phys iologist
2131.1800,Plant Physiologist
2131.99,"Biologists, Botanists, Zoologists and Related"
2131.99,
2131.99,"Biologists, Botanists, Zoologists and"
2131.9900,"Biologists, Botanists, Zoologists and"
2131.9900,"Biologists, Botanists, Zoologists and Related"
2131.9900,
2132.01,Agronomist
2132.01,
2132.0100,
2132.0100,Agronomist
2132.02,Horticulturist
2132.02,
2132.0200,Horticulturist
2132.0200,
2132.03,Soil Scientist
2132.03,
2132.0300,
2132.0300,Soil Scientist
2132.04,Soil Conservationist
2132.04,
2132.0400,
2132.0400,Soil Conservationist
2132.05,Silviculturist
2132.05,
2132.0500,
2132.0500,Silviculturist
2132.06,Wood Anatomist
2132.06,
2132.0600,Wood Anatomist
2132.0600,
2132.07,
2132.07,Dairy Scientist
2132.0700,Dairy Scientist
2132.0700,
2132.08,
2132.08,Poultry Scientist
2132.0800,Poultry Scientist
2132.0800,
2132.09,
2132.09,Pisciculturist
2132.0900,
2132.0900,Pisciculturist
2132.1,"Farm Overseer, Crop Production"
2132.1,
2132.1000,"Farm Overseer, Crop Production"
2132.1000,
2132.99,
2132.99,Agronomists and Related
2132.99,"Agronomists and Related Professionals, Other"
2132.9900,"Agronomists and Related Professionals, Other"
2132.9900,
2132.9900,Agronomists and Related
2133.01,Ecologist
2133.01,
2133.0100,Ecologist
2133.0100,
2133.02,Environment Scientist (Including Health)
2133.02,
2133.02,Environment Scientist (Including
2133.0200,Environment Scientist (Including Health)
2133.0200,
2133.0200,Environment Scientist (Including
2133.03,
2133.03,Taxonomist
2133.0300,Taxonomist
2133.0300,
2133.04,Paleobotanist
2133.04,
2133.0400,Paleobotanist
2133.0400,
2141.01,"Works Inspector,"
2141.01,
2141.01,"Works Inspector, Engineering/Inspection"
2141.0100,
2141.0100,"Works Inspector,"
2141.0100,"Works Inspector, Engineering/Inspection"
2141.02,Instrument Engineer/Instrumentation Engineer
2141.02,Instrument
2141.02,
2141.0200,Instrument Engineer/Instrumentation Engineer
2141.0200,
2141.0200,Instrument
2141.03,Industrial Engineer
2141.03,
2141.0300,Industrial Engineer
2141.0300,
2141.0301,Industrial Robot
2141.0301,Industrial Engineer Executive  Industrial Engineer is responsible for
2141.0301,Industrial Engineer Executive
2141.04,
2141.04,Packaging Engineer
2141.0400,Packaging Engineer
2141.0400,
2141.05,Planning Engineer
2141.05,
2141.0500,Planning Engineer
2141.0500,
2141.0501,Production Planning & Control Engineer
2141.0501,Production
2141.0501,Production Planning & Control
2141.06,Methods Engineer
2141.06,
2141.0600,
2141.0600,Methods Engineer
2141.08,Engineering Estimator /Estimation
2141.08,
2141.08,Engineering Estimator/Estimation Engineer
2141.0800,Engineering Estimator/Estimation Engineer
2141.0800,
2141.0800,Engineering Estimator /Estimation
2141.09,
2141.09,Agricultural Engineer
2141.0900,
2141.0900,Agricultural Engineer
2141.1,
2141.1,Textile Technologist
2141.1000,Textile Technologist
2141.1000,
2141.11,Nuclear Engineer
2141.11,
2141.1100,Nuclear Engineer
2141.1100,
2141.12,Jute Technologist
2141.12,
2141.1200,
2141.1200,Jute Technologist
2141.13,Fibre Technologist
2141.13,
2141.13,Fibre  Technologist
2141.1300,Fibre  Technologist
2141.1300,
2141.1300,Fibre Technologist
2141.14,Spinning Master
2141.14,
2141.1400,
2141.1400,Spinning Master
2141.15,Weaving Master
2141.15,
2141.1500,Weaving Master
2141.1500,
2141.16,
2141.16,Dyeing and  Bleaching Master (Textiles)
2141.16,Dyeing and Bleaching Master
2141.1600,Dyeing and  Bleaching Master (Textiles)
2141.1600,
2141.1600,Dyeing and Bleaching Master
2141.17,Printing Master (Textile)
2141.17,
2141.1700,Printing Master (Textile)
2141.1700,
2141.18,
2141.18,Sugar Technologist
2141.1800,
2141.1800,Sugar Technologist
2141.19,
2141.19,Dairy Technologist
2141.1900,
2141.1900,Dairy Technologist
2141.2,Wood Technologist
2141.2,
2141.2000,Wood Technologist
2141.2000,
2141.21,Leather Technologist
2141.21,
2141.2100,Leather Technologist
2141.2100,
2141.22,
2141.22,Glass Technologist
2141.2200,
2141.2200,Glass Technologist
2141.23,Ceramic Technologist
2141.23,
2141.2300,
2141.2300,Ceramic Technologist
2141.24,Printing Technologist
2141.24,
2141.2400,
2141.2400,Printing Technologist
2141.25,
2141.25,Safety Engineer
2141.2500,Safety Engineer
2141.2500,
2141.26,
2141.26,Occupational Health and Safety
2141.26,Occupational Health and Safety Specialist
2141.2600,Occupational Health and Safety Specialist
2141.2600,
2141.2600,Occupational Health and Safety
2142.01,
2142.01,"Civil Engineer, General"
2142.0100,
2142.0100,"Civil Engineer, General"
2142.02,"Civil Engineer, Bu ilding"
2142.02,
2142.02,"Civil Engineer, Building"
2142.0200,
2142.0200,"Civil Engineer, Building"
2142.0200,"Civil Engineer, Bu ilding"
2142.03,"Civil Engineer, Structural"
2142.03,
2142.0300,"Civil Engineer, Structural"
2142.0300,
2142.0301,Plumbing Site Engineer
2142.0301,Plumbing
2142.04,
2142.04,"Civil Engineer, Irrigation"
2142.0400,"Civil Engineer, Irrigation"
2142.0400,
2142.05,
2142.05,Hydraulic Engineer
2142.0500,
2142.0500,Hydraulic Engineer
2142.0501,"Fireman,"
2142.0501,Fire Protection Systems Design Engineer
2142.0501,Fire Protection Systems Design
2142.06,
2142.06,"Civil Engineer, Highways and Roads"
2142.0600,
2142.0600,"Civil Engineer, Highways and Roads"
2142.07,
2142.07,"Civil Engineer, Railways"
2142.0700,"Civil Engineer, Railways"
2142.0700,
2142.08,Airport Engineer
2142.08,
2142.0800,Airport Engineer
2142.0800,
2142.09,"Civil Engineer, Public Health"
2142.09,
2142.0900,"Civil Engineer, Public Health"
2142.0900,
2142.0901,Public Health System Design
2142.0901,Public Health System Design Engineer
2142.0901,Public Prosecutor
2142.1,
2142.1,"Engineer, Waterworks"
2142.1000,
2142.1000,"Engineer, Waterworks"
2142.1001,"Guard, Goods"
2142.1001,Groundwater Engineer
2142.1001,Ground Water Engineer
2142.1002,Wastewater Systems Design
2142.1002,Wastewater
2142.1002,Waste Water Systems Design
2142.99,"Civil Engineers, other"
2142.99,"Civil Engineers, Other"
2142.99,
2142.9900,"Civil Engineers, Other"
2142.9900,
2142.9900,"Civil Engineers, other"
2143.01,
2143.01,Solar Energy System Designer
2143.0100,Solar Energy System Designer
2143.0100,
2143.02,
2143.02,Bio-Medical Engineer
2143.0200,
2143.0200,Bio-Medical Engineer
2143.03,Radiation Protection Engineer
2143.03,
2143.0300,
2143.0300,Radiation Protection Engineer
2143.04,
2143.04,"Waste Management Engineer,"
2143.04,"Waste Management Engineer, Radioactive"
2143.0400,"Waste Management Engineer, Radioactive"
2143.0400,
2143.0400,"Waste Management Engineer,"
2143.05,Pollution Control Engineer
2143.05,
2143.0500,
2143.0500,Pollution Control Engineer
2144.01,"Mechanical Engineer, General"
2144.01,
2144.0100,
2144.0100,"Mechanical Engineer, General"
2144.0101,Process Design Engineer
2144.0101,Process Design Enginee r
2144.0101,"Process Man,"
2144.0102,Process Try -Out Engineer
2144.0102,Process Try -out Engineer
2144.0102,Process Try -Out
2144.0103,Process Try -out Technician
2144.0103,Process Try -Out Technician
2144.0103,Process Validation
2144.0104,Processing Man
2144.0104,Process Validation Executive
2144.0105,"Manager, Quarry"
2144.0105,"Manager, Process Engineering"
2144.0106,
2144.0106,
2144.0106,Manager – Product Lifecycle Management
2144.0106,Manager -Product Lifecycle
2144.02,
2144.02,"Designer, Machine"
2144.0200,
2144.0200,"Designer, Machine"
2144.0201,Designer (CAD)
2144.0201,Designer - Mechanical
2144.0201,Designer -Mechanical
2144.03,Tool Engineer
2144.03,
2144.0300,Tool Engineer
2144.0300,
2144.0301,Occupational
2144.0301,Equipment Designer
2144.0401,
2144.0401,
2144.0401,"Mechanical  Engineer, Production"
2144.0401,"Mechanical Engineer, Production"
2144.0402,Product Conceptualization Engineer
2144.0402,Product Design
2144.0403,Production Engineer
2144.0403,Production
2144.05,
2144.05,"Mechanical Engineer, Structural"
2144.0500,
2144.0500,"Mechanical Engineer, Structural"
2144.06,"Mechanical Engineer, Maintenance"
2144.06,
2144.0600,"Mechanical Engineer, Maintenance"
2144.0600,
2144.0601,Service Engineer –
2144.0601,Service Engineer -Breakdown
2144.0601,Service Engineer – Breakdown Service
2144.07,
2144.07,"Mechanical Engineer, Automobile"
2144.0700,"Mechanical Engineer, Automobile"
2144.0700,
2144.0701,Prototyping Engineer
2144.0701,Prototyping
2144.08,
2144.08,Automobile Designer
2144.0800,
2144.0800,Automobile Designer
2144.0801,Product
2144.0801,Product Design Manager
2144.0801,Product Design Engineer
2144.0802,Modeller  Modeller is br oadly responsible for
2144.0802,Modeller
2144.0803,Product Design Engineer
2144.0803,Occupational
2144.0804,Prototyping Manager
2144.0804,Occupational
2144.09,
2144.09,"Mechanical Engineer, Aeronautical"
2144.0900,
2144.0900,"Mechanical Engineer, Aeronautical"
2144.1,"Mechanical Engineer, Marine"
2144.1,
2144.1000,
2144.1000,"Mechanical Engineer, Marine"
2144.11,"Architect, Naval"
2144.11,
2144.1100,"Architect, Naval"
2144.1100,
2144.12,"Mechanical Engineer, Air -"
2144.12,
2144.12,"Mechanical Engineer, Air -Conditioning"
2144.1200,"Mechanical Engineer, Air -"
2144.1200,
2144.1200,"Mechanical Engineer, Air -Conditioning"
2144.1301,Lead Brush Maker
2144.1301,Layout Engineer
2144.1302,Industrial Engineer (Workstation
2144.1302,Industrial Engineer
2144.1401,Service Engineer – Installation
2144.1401,Service Engineer –
2144.1401,Service Engineer -Installation
2144.1402,Service Engineer -Installation and
2144.1402,Service Office
2144.1402,Service Engineer – Installation and
2144.99,
2144.99,"Mechanical Engineers, Other"
2144.9900,"Mechanical Engineers, Other"
2144.9900,
2145.01,"Chemical Engineer, General"
2145.01,
2145.0100,
2145.0100,"Chemical Engineer, General"
2145.02,
2145.02,"Designer, Chemical Engineering"
2145.0200,"Designer, Chemical Engineering"
2145.0200,
2145.03,
2145.03,"Chemical Engineer, Paints and"
2145.03,"Chemical Engineer, Paints and Varnish"
2145.0300,"Chemical Engineer, Paints and Varnish"
2145.0300,"Chemical Engineer, Paints and"
2145.0300,
2145.04,
2145.04,"Chemical Engineer, Drugs and Acids"
2145.0400,
2145.0400,"Chemical Engineer, Drugs and Acids"
2145.05,
2145.05,"Chemical Engineer, Petroleum"
2145.0500,
2145.0500,"Chemical Engineer, Petroleum"
2145.06,"Chemical Engineer, Fertilizers"
2145.06,
2145.0600,"Chemical Engineer, Fertilizers"
2145.0600,
2145.07,"Chemical En gineer, Food"
2145.07,
2145.07,"Chemical Engineer, Food"
2145.0700,"Chemical En gineer, Food"
2145.0700,"Chemical Engineer, Food"
2145.0700,
2145.08,"Technologist, Food/Chemical Engineer"
2145.08,
2145.08,"Technologist, Food /Chemical"
2145.0800,"Technologist, Food /Chemical"
2145.0800,"Technologist, Food/Chemical Engineer"
2145.0800,
2145.09,
2145.09,"Technologist, Fuel"
2145.0900,
2145.0900,"Technologist, Fuel"
2145.1,Oil Technologist
2145.1,
2145.1000,Oil Technologist
2145.1000,
2145.11,"Technologist, Paper"
2145.11,
2145.1100,"Technologist, Paper"
2145.1100,
2145.12,"Technologist, Alcohol"
2145.12,
2145.1200,
2145.1200,"Technologist, Alcohol"
2145.13,"Technologist, Rubber"
2145.13,
2145.1300,
2145.1300,"Technologist, Rubber"
2145.14,
2145.14,"Technologist, Plastics"
2145.1400,"Technologist, Plastics"
2145.1400,
2145.99,"Chemical Engineers and Technologists, Other"
2145.99,Chemical Engineers and
2145.99,
2145.9900,
2145.9900,"Chemical Engineers and Technologists, Other"
2145.9900,Chemical Engineers and
2146.01,
2146.01,"Mining Engineer, General"
2146.0100,"Mining Engineer, General"
2146.0100,
2146.02,
2146.02,"Mining Engineer, Non -metals"
2146.02,"Mining Engineer, Non -Metals"
2146.0200,
2146.0200,"Mining Engineer, Non -Metals"
2146.0200,"Mining Engineer, Non -metals"
2146.03,"Mining Engineer, Metal"
2146.03,
2146.0300,"Mining Engineer, Metal"
2146.0300,
2146.04,
2146.04,"Mining Engineer, Petroleum and Gas"
2146.04,"Mining Engineer, Petroleum and"
2146.0400,"Mining Engineer, Petroleum and"
2146.0400,
2146.0400,"Mining Engineer, Petroleum and Gas"
2146.05,"Metallurgist, Extractive"
2146.05,
2146.0500,"Metallurgist, Extractive"
2146.0500,
2146.0501,Manager Heat Treatment/Metallurgist
2146.0501,Manager Heat
2146.0501,Manager
2146.06,
2146.06,"Metallurgists, Adaptive"
2146.0600,
2146.0600,"Metallurgists, Adaptive"
2146.99,"Mining Engineers, Metallurgists"
2146.99,
2146.99,"Mining Engineers, Metallurgists and Related"
2146.9900,"Mining Engineers, Metallurgists and Related"
2146.9900,
2146.9900,"Mining Engineers, Metallurgists"
2149.01,"Engineers and Related Technologists, Other"
2149.01,Engineers and Related
2149.01,
2149.0100,"Engineers and Related Technologists, Other"
2149.0100,Engineers and Related
2149.0100,
2151.01,"Electrical Engineer, General"
2151.0100,"Electrical Engineer, General"
2151.02,"Designer, Electrical Engineering"
2151.02,
2151.0200,"Designer, Electrical Engineering"
2151.0200,
2151.0201,Design Engineer
2151.0202,Electrical Design Developer
2151.0202,Electrical
2151.03,"Electrical Engineer, Generation and Supply"
2151.03,"Electrical Engineer, Generation and"
2151.03,
2151.0300,"Electrical Engineer, Generation and Supply"
2151.0300,"Electrical Engineer, Generation and"
2151.0300,
2151.04,
2151.04,Illumination Engineer
2151.0400,Illumination Engineer
2151.0400,
2151.0403,LED Light Design Engineer
2151.0403,LED Light Design
2151.0404,LED Light Design Validation
2151.0404,LED Light Design Validation Engineer
2151.0404,LED Light Repair
2151.0601,System Analysts
2151.0601,System Analyst (PCB Design)
2151.0602,Systems Designer (PCB Design)
2151.0602,Systems Designer (PCB Des ign)
2151.0602,Tabla Maker
2151.0701,Design -For-Test
2151.0701,Design -For-Manufacture Engineer
2151.0701,Design -for-Manufacture Engineer
2151.99,"Electrical Engineers, Other"
2151.99,
2151.9900,"Electrical Engineers, Other"
2151.9900,
2152.02,Electronic Engineer
2152.02,
2152.0200,
2152.0200,Electronic Engineer
2152.0301,
2152.0301,Stress Analyst /Computer Aided
2152.0301,Stress Analyst/Computer -Aided Test Executive
2152.0301,
2152.04,Electro -Optical Engineer
2152.04,
2152.0400,
2152.0400,Electro -Optical Engineer
2152.0501,Design Engineer
2152.0502,Design -For-Test Engineer
2152.0502,Desktop
2152.0502,Design -for-Test Engineer
2152.0601,Quality Engineer
2152.0801,Electronic Hardware Design Engineer
2152.0801,Electronic
2152.0801,Electronic Hardware Design
2152.0901,"Veterinarian,"
2152.0901,Verification Engineer
2152.0902,Testing and Validation Engineer
2152.0902,
2152.0902,
2152.99,"Electronics Engineers, Other"
2152.99,
2152.9900,
2152.9900,"Electronics Engineers, Other"
2153.01,
2153.01,"Telecommunication Engineer, General"
2153.01,"Telecommunication Engineer,"
2153.0100,"Telecommunication Engineer,"
2153.0100,"Telecommunication Engineer, General"
2153.0100,
2153.0101,Telecom Terminal Equipment Application
2153.0101,Telecommunicatio
2153.0101,Telecom Terminal Equipment
2153.0102,Telecom Terminal Equipment
2153.0102,Telecom Terminal
2153.0102,Telecom Terminal Equipment Application (Native
2153.02,
2153.02,"Radio Engineer,"
2153.02,"Radio Engineer, Telecommunication"
2153.0200,"Radio Engineer, Telecommunication"
2153.0200,"Radio Engineer,"
2153.0200,
2153.03,"Microwave Engineer, Telecommunication"
2153.03,"Microwave Engineer,"
2153.03,
2153.0300,"Microwave Engineer,"
2153.0300,
2153.0300,"Microwave Engineer, Telecommunication"
2153.04,"Line Communication Engineer, Tele -"
2153.04,"Line Communication E ngineer,"
2153.04,
2153.0400,"Line Communication E ngineer,"
2153.0400,"Line Communication Engineer, Tele -"
2153.0400,
2153.05,
2153.05,Sound Engineer
2153.0500,Sound Engineer
2153.0500,
2153.0501,Sound Recording
2153.0501,"Sound Engineer, Media"
2153.0511,Sound Editor
2153.0511,Sound Designer
2153.0601,"Core Layer,"
2153.0601,Core Engineer
2153.99,"Telecommunication Engineers, Other"
2153.99,Telecommunicatio
2153.99,"Telecommunication Engineers,"
2153.9900,Telecommunicatio
2153.9900,"Telecommunication Engineers, Other"
2153.9900,"Telecommunication Engineers,"
2161.01,Architect
2161.01,
2161.0100,
2161.0100,Architect
2161.99,"Building Architects, Other"
2161.99,
2161.9900,
2161.9900,"Building Architects, Other"
2163.01,
2163.01,Package Designer/Packaging Designer
2163.01,Package Designer /Packaging
2163.0100,Package Designer /Packaging
2163.0100,Package Designer/Packaging Designer
2163.0100,
2163.0201,Designer -
2163.0201,Design Merchandiser
2163.0301,Hand Spinner
2163.0301,Hand Sketch Designer (Basic)
2163.04,Furniture Designer
2163.04,
2163.0400,Furniture Designer
2163.0400,
2163.05,Fashion Designer
2163.05,
2163.0500,
2163.0500,Fashion Designer
2163.06,
2163.06,Textile Designer
2163.0600,
2163.0600,Textile Designer
2164.01,
2164.01,Town Planner
2164.0100,Town Planner
2164.0100,
2164.02,
2164.02,Traffic Planner
2164.0200,Traffic Planner
2164.0200,
2165.01,
2165.01,Cartographer
2165.0100,Cartographer
2165.0100,
2165.02,"Surveyor, Topographical"
2165.02,
2165.0200,
2165.0200,"Surveyor, Topographical"
2165.03,Aerial -Photograph Interpreter
2165.03,
2165.03,Aerial – Photograph Interpreter
2165.0300,
2165.0300,Aerial -Photograph Interpreter
2165.0300,Aerial – Photograph Interpreter
2165.04,
2165.04,"Surveyor, Photogrammetric"
2165.0400,"Surveyor, Photogrammetric"
2165.0400,
2165.05,"Surveyor, Mine"
2165.05,
2165.0500,"Surveyor, Mine"
2165.0500,
2165.06,"Surveyor, Hydrographic"
2165.06,
2165.0600,"Surveyor, Hydrographic"
2165.0600,
2165.99,"Cartographers and Surveyors, Other"
2165.99,
2165.99,"Cartographers and Surveyors,"
2165.9900,"Cartographers and Surveyors,"
2165.9900,"Cartographers and Surveyors, Other"
2165.9900,
2166.01,
2166.01,Commercial Artist
2166.0100,Commercial Artist
2166.0100,
2166.0111,Art Teacher
2166.0111,Art Director
2166.0201,
2166.0201,Multi Media Artist and
2166.0201,Multimedia Artist and Animator/Animator
2166.0201,
2166.0202,Modeller (Except
2166.0202,Modeller
2166.0203,Risk Management
2166.0203,Rigging Artist
2166.0204,Texturing Artist
2166.0204,Thatch Cutter
2166.0205,Annealer (Glass
2166.0205,Animation Director
2166.0206,Character Designer
2166.0206,"Charcoal Burner,"
2166.0207,Clerical Support
2166.0207,Clean -Up Artist
2166.0207,Clean -up Artist
2166.0208,"Compositor, Hand"
2166.0208,Compositor
2166.0209,Storyboard Artist
2166.0209,Stowing Worker
2166.021,Rendering Artist
2166.021,"Renovator,"
2166.0210,"Renovator,"
2166.0210,Rendering Artist
2166.0211,VFX Editor
2166.0211,"Viewer, Workshop"
2166.0212,Roto Curing
2166.0212,Roto Artist
2166.03,Web Designer
2166.03,
2166.0300,
2166.0300,Web Designer
2166.0401,Designer (CAD)
2166.0401,Designer
2166.0501,
2166.0501,Graphic Designer
2166.0501,
2166.0511,Colour Key Artist
2166.0511,Colour Maker
2166.0512,Colourist
2166.0512,Columnist
2211.01,
2211.01,"Physician, General"
2211.0100,"Physician, General"
2211.0100,
2211.02,"Surgeon, General"
2211.02,
2211.0200,
2211.0200,"Surgeon, General"
2211.03,"Anatomist, Medical"
2211.03,
2211.0300,"Anatomist, Medical"
2211.0300,
2211.04,Anaesthetist
2211.04,
2211.0400,
2211.0400,Anaesthetist
2211.05,
2211.05,Psychiatrist  Psychiatrist diagnoses and treats human
2211.05,Psychiatrist
2211.0500,
2211.0500,Psychiatrist  Psychiatrist diagnoses and treats human
2211.0500,Psychiatrist
2211.99,
2211.99,"Generalist Medical Practitioners, Allopathic,"
2211.99,"Generalist Medical Practitioners ,"
2211.9900,"Generalist Medical Practitioners ,"
2211.9900,"Generalist Medical Practitioners, Allopathic,"
2211.9900,
2212.01,Neurologist
2212.01,
2212.0100,
2212.0100,Neurologist
2212.02,Dermatologist
2212.02,
2212.0200,
2212.0200,Dermatologist
2212.03,Allergy Specialist
2212.03,
2212.0300,
2212.0300,Allergy Specialist
2212.04,"Ear, Nose and Throat Specialist"
2212.04,
2212.0400,
2212.0400,"Ear, Nose and Throat Specialist"
2212.05,Cardiologist
2212.05,
2212.0500,
2212.0500,Cardiologist
2212.06,Radiologist
2212.06,
2212.0600,
2212.0600,Radiologist
2212.07,Tuberculosis Specialist
2212.07,
2212.0700,Tuberculosis Specialist
2212.0700,
2212.08,Ophthalmologist
2212.08,
2212.0800,
2212.0800,Ophthalmologist
2212.09,Urologist
2212.09,
2212.0900,Urologist
2212.0900,
2212.1,Venereologist
2212.1,
2212.1000,
2212.1000,Venereologist
2212.11,Obstetrician
2212.11,
2212.1100,
2212.1100,Obstetrician
2212.12,
2212.12,Gynaecologist
2212.1200,Gynaecologist
2212.1200,
2212.13,Paediatrician
2212.13,
2212.1300,Paediatrician
2212.1300,
2212.14,Orthopaedist
2212.14,
2212.1400,
2212.1400,Orthopaedist
2212.15,Pharmacologist
2212.15,
2212.1500,Pharmacologist
2212.1500,
2212.16,Toxicologist (Pharmaceutical)
2212.16,
2212.1600,Toxicologist (Pharmaceutical)
2212.1600,
2212.17,
2212.17,"Pathologist, Medical"
2212.1700,
2212.1700,"Pathologist, Medical"
2212.18,
2212.18,"Malariologist, Medical"
2212.1800,"Malariologist, Medical"
2212.1800,
2212.19,
2212.19,"Physiologist, Medical"
2212.1900,
2212.1900,"Physiologist, Medical"
2212.99,
2212.99,"Specialist Medical Practitioners, Other"
2212.9900,
2212.9900,"Specialist Medical Practitioners, Other"
2221.01,"Nurse, Specialist"
2221.01,
2221.0100,"Nurse, Specialist"
2221.0100,
2221.99,"Professional Nurses, Other"
2221.99,
2221.9900,"Professional Nurses, Other"
2221.9900,
2230.01,"Physician, Ayurvedic"
2230.01,
2230.01,"Physician, Ayurveda"
2230.0100,"Physician, Ayurveda"
2230.0100,
2230.0100,"Physician, Ayurvedic"
2230.02,
2230.02,"Physician, Homeopathic"
2230.0200,
2230.0200,"Physician, Homeopathic"
2230.03,"Physician, Bio -Chemic/Bio Chemist"
2230.03,"Physician, Bio -Chemic /Bio Chemist"
2230.03,
2230.0300,"Physician, Bio -Chemic /Bio Chemist"
2230.0300,"Physician, Bio -Chemic/Bio Chemist"
2230.0300,
2230.04,
2230.04,"Physician, Unani"
2230.0400,"Physician, Unani"
2230.0400,
2230.99,"Traditional Medicine Practitioners, Other"
2230.99,"Traditional Medicine Practitioners,"
2230.99,
2230.9900,"Traditional Medicine Practitioners, Other"
2230.9900,"Traditional Medicine Practitioners,"
2230.9900,
2240.01,"Laboratory Assistant, Clinical"
2240.01,
2240.0100,"Laboratory Assistant, Clinical"
2240.0100,
2240.04,
2240.04,Dresser
2240.0400,Dresser
2240.0400,
2240.0501,Emergency Medical Technician -
2240.0501,Emergency Medical Technician – Basic
2240.0501,Employment
2240.0502,Emergency Medical Technician -
2240.0502,
2240.0502,Emergency Medical Technician – Advanced
2240.0502,
2240.99,Parasitologist
2240.99,"Paramedical Practitioners, Other"
2240.9900,Parasitologist
2240.9900,"Paramedical Practitioners, Other"
2250.01,Animal Pathologist
2250.01,
2250.0100,Animal Pathologist
2250.0100,
2250.02,
2250.02,"Veterinarian, General"
2250.0200,"Veterinarian, General"
2250.0200,
2250.03,
2250.03,"Veterinarian, Surgeon"
2250.0300,
2250.0300,"Veterinarian, Surgeon"
2250.04,Animal Geneti cist
2250.04,Animal Genetist
2250.04,
2250.0400,Animal Genetist
2250.0400,Animal Geneti cist
2250.0400,
2250.05,Zoo Veterinarian
2250.05,
2250.0500,
2250.0500,Zoo Veterinarian
2250.06,"Veterinarian, Poultry"
2250.06,
2250.0600,"Veterinarian, Poultry"
2250.0600,
2250.99,
2250.99,"Veterinarians, Other"
2250.9900,"Veterinarians, Other"
2250.9900,
2261.01,Dentist
2261.01,
2261.0100,Dentist
2261.0100,
2261.02,
2261.02,Oral and Maxillofacial Surgeon
2261.0200,Oral and Maxillofacial Surgeon
2261.0200,
2261.03,"Orthodontist  Orthodontist examines, diagnoses, and"
2261.03,
2261.03,Orthodontist
2261.0300,"Orthodontist  Orthodontist examines, diagnoses, and"
2261.0300,Orthodontist
2261.0300,
2261.04,Periodontist
2261.04,
2261.0400,Periodontist
2261.0400,
2261.05,
2261.05,Prosthodontist
2261.0500,Prosthodontist
2261.0500,
2261.06,
2261.06,Paediatric Dentist
2261.0600,
2261.0600,Paediatric Dentist
2261.99,"Dental Specialists, Other"
2261.99,
2261.9900,"Dental Specialists, Other"
2261.9900,
2262.01,
2262.01,"Chemist, Pharmaceuticals"
2262.0100,"Chemist, Pharmaceuticals"
2262.0100,
2262.0101,"Chemist, Pharmaceuticals"
2262.0101,"Chemist, Physical"
2263.01,
2263.01,Health Officer
2263.0100,
2263.0100,Health Officer
2263.02,"Administrator, Hospital"
2263.02,
2263.0200,"Administrator, Hospital"
2263.0200,
2263.99,Environmental and Occupational Health and
2263.99,
2263.99,Environmental and Occupational
2263.9900,Environmental and Occupational Health and
2263.9900,
2263.9900,Environmental and Occupational
2264.01,
2264.01,Physiotherapist
2264.0100,Physiotherapist
2264.0100,
2264.02,Occupational Therapist
2264.02,
2264.0200,Occupational Therapist
2264.0200,
2264.03,
2264.03,Chiropodist
2264.0300,
2264.0300,Chiropodist
2264.04,
2264.04,Masseur
2264.0400,Masseur
2264.0400,
2264.0401,Sports Masseur
2264.0401,"Sports, Recreation"
2264.99,Physiotherapists and Related Associate
2264.99,Physiotherapists and Related
2264.99,
2264.9900,Physiotherapists and Related Associate
2264.9900,Physiotherapists and Related
2264.9900,
2265.01,
2265.01,"Nutritionist, General"
2265.0100,"Nutritionist, General"
2265.0100,
2265.02,
2265.02,"Dietician, General"
2265.0200,"Dietician, General"
2265.0200,
2265.0201,Dietician Assistant
2265.0201,"Dietician, General"
2265.03,
2265.03,Animal Nutritionist
2265.0300,Animal Nutritionist
2265.0300,
2265.99,
2265.99,"Dieticians and Nutritionists, Other"
2265.9900,"Dieticians and Nutritionists, Other"
2265.9900,
2266.01,Speech Therapist and Audiologist
2266.01,
2266.0100,Speech Therapist and Audiologist
2266.0100,
2266.02,Speech Pathologist
2266.02,
2266.0200,Speech Pathologist
2266.0200,
2266.03,Voice Pathologist
2266.03,
2266.0300,
2266.0300,Voice Pathologist
2266.0401,Speech Language Pathologist and Audiologist
2266.0401,Speech Language Pathologist and
2266.0401,Speech  Pathologist
2267.99,"Optometrists and Opticians, Other"
2267.99,
2267.9900,"Optometrists and Opticians, Other"
2267.9900,
2269.01,
2269.01,Naturopath
2269.0100,
2269.0100,Naturopath
2269.02,
2269.02,"Physician, Osteopathic"
2269.0200,"Physician, Osteopathic"
2269.0200,
2269.03,"Physician, Sidha"
2269.03,
2269.03,"Physician, Siddha"
2269.0300,"Physician, Sidha"
2269.0300,
2269.0300,"Physician, Siddha"
2269.04,"Physicians and Surgeons, Other"
2269.04,
2269.0400,"Physicians and Surgeons, Other"
2269.0400,
2269.05,Orthotist  and Prosthetist
2269.05,Orthotist and Prosthetist
2269.05,
2269.0500,Orthotist  and Prosthetist
2269.0500,
2269.0500,Orthotist and Prosthetist
2269.06,Orientation and Mobility Instructor
2269.06,Orientation & Mobility Instructor
2269.06,
2269.0600,Orientation & Mobility Instructor
2269.0600,Orientation and Mobility Instructor
2269.0600,
2269.07,"Medical and Health Technicians, Other"
2269.07,
2269.07,"Medical and Health Technicians,"
2269.0700,"Medical and Health Technicians,"
2269.0700,"Medical and Health Technicians, Other"
2269.0700,
2310.01,"University and College Teacher,"
2310.01,"University and College Teacher, Arts"
2310.01,
2310.0100,"University and College Teacher, Arts"
2310.0100,
2310.0100,"University and College Teacher,"
2310.02,"University and College Teacher, Commerce"
2310.02,
2310.02,"University and College Teacher,"
2310.0200,"University and College Teacher,"
2310.0200,
2310.0200,"University and College Teacher, Commerce"
2310.03,"University and College Teacher, Management"
2310.03,"University and College Teacher,"
2310.03,
2310.0300,"University and College Teacher, Management"
2310.0300,
2310.0300,"University and College Teacher,"
2310.04,"University and College Teacher,"
2310.04,
2310.0400,"University and College Teacher,"
2310.0400,
2310.05,
2310.05,"University and College Teacher,"
2310.0500,"University and College Teacher,"
2310.0500,
2310.06,
2310.06,"University and College Teacher,"
2310.06,"University and College Teacher, Science"
2310.0600,
2310.0600,"University and College Teacher, Science"
2310.0600,"University and College Teacher,"
2310.07,
2310.07,"University and Colle ge Teacher,"
2310.07,"University and College Teacher, Engineering/"
2310.0700,
2310.0700,"University and College Teacher, Engineering/"
2310.0700,"University and Colle ge Teacher,"
2310.08,"University and College Teacher, Information"
2310.08,
2310.08,"University and College Teacher,"
2310.0800,
2310.0800,"University and College Teacher, Information"
2310.0800,"University and College Teacher,"
2310.09,
2310.09,"University and College Teacher,"
2310.09,"University and College Teacher, Medicine and"
2310.0900,
2310.0900,"University and College Teacher,"
2310.0900,"University and College Teacher, Medicine and"
2310.1,
2310.1,"University and College Teacher,"
2310.1,"University and College Teacher, Veterinary"
2310.1000,
2310.1000,"University and College Teacher,"
2310.1000,"University and College Teacher, Veterinary"
2310.11,"University and College Teacher,"
2310.11,
2310.11,"University and College Teacher, Agricultural"
2310.1100,
2310.1100,"University and College Teacher, Agricultural"
2310.1100,"University and College Teacher,"
2310.12,
2310.12,"University and College Teacher,"
2310.12,"University and College Teacher, Fine"
2310.1200,
2310.1200,"University and College Teacher,"
2310.1200,"University and College Teacher, Fine"
2310.99,"Professors/Assistant Professors,"
2310.99,"Professors/Assistant Professors, Other"
2310.99,
2310.9900,"Professors/Assistant Professors, Other"
2310.9900,
2310.9900,"Professors/Assistant Professors,"
2320.0101,Certified Training Assessor
2320.0101,"Chairman,"
2320.0102,Physical Security Trainer
2320.0102,Physical Training
2320.0102,Physical Security Train er
2330.01,"Senior Secondary and Secondary School Teacher,"
2330.01,
2330.01,Senior Secondary and Secondary
2330.0100,
2330.0100,"Senior Secondary and Secondary School Teacher,"
2330.0100,Senior Secondary and Secondary
2330.02,"Senior Secondary and Secondary School Teacher,"
2330.02,Senior Secondary and Secondary
2330.02,
2330.0200,
2330.0200,"Senior Secondary and Secondary School Teacher,"
2330.0200,Senior Secondary and Secondary
2330.03,
2330.03,"Senior Secondary and Secondary School Teacher,"
2330.03,Senior Secondary and Secondary
2330.0300,Senior Secondary and Secondary
2330.0300,
2330.0300,"Senior Secondary and Secondary School Teacher,"
2330.04,"Language Teacher, Senior Secondary and"
2330.04,
2330.04,"Language Teacher, Senior"
2330.0400,"Language Teacher, Senior"
2330.0400,"Language Teacher, Senior Secondary and"
2330.0400,
2330.99,Senior Secondary and Secondary School
2330.99,Senior Secondary and Secondary
2330.99,
2330.9900,Senior Secondary and Secondary School
2330.9900,
2330.9900,Senior Secondary and Secondary
2341.01,Middle School Teacher
2341.01,
2341.0100,
2341.0100,Middle School Teacher
2341.02,"Language Teacher, Middle School"
2341.02,
2341.0200,"Language Teacher, Middle School"
2341.0200,
2341.04,Primary School Teacher
2341.04,
2341.0400,
2341.0400,Primary School Teacher
2341.99,
2341.99,"Primary School Teachers, Other"
2341.9900,
2341.9900,"Primary School Teachers, Other"
2342.01,
2342.01,"Teacher, Infant School/Teacher Pre -Primary"
2342.01,"Teacher, Infant School/Teacher"
2342.0100,"Teacher, Infant School/Teacher"
2342.0100,"Teacher, Infant School/Teacher Pre -Primary"
2342.0100,
2342.99,Pre-Primary Education Teaching Associate
2342.99,
2342.99,Pre-Primary Education Teaching
2342.9900,Pre-Primary Education Teaching
2342.9900,Pre-Primary Education Teaching Associate
2342.9900,
2351.01,School Inspector
2351.01,
2351.0100,
2351.0100,School Inspector
2351.99,"Education Methods Specialists, Other"
2351.99,"Education Methods Specialists,"
2351.99,
2351.9900,"Education Methods Specialists, Other"
2351.9900,
2351.9900,"Education Methods Specialists,"
2352.01,Teacher for Visually Impaired
2352.01,
2352.0100,
2352.0100,Teacher for Visually Impaired
2352.02,Teac her for Hearing -Impaired
2352.02,
2352.0200,Teac her for Hearing -Impaired
2352.0200,
2352.03,
2352.03,Teacher for Differently -Abled  (Mental)
2352.03,Teacher for Differently -Abled
2352.0300,
2352.0300,Teacher for Differently -Abled  (Mental)
2352.0300,Teacher for Differently -Abled
2352.04,Teacher for Differently -Abled  (Physical)
2352.04,Teacher for Differently -Abled
2352.04,
2352.0400,Teacher for Differently -Abled  (Physical)
2352.0400,
2352.0400,Teacher for Differently -Abled
2352.99,
2352.99,"Teacher for Differently -Abled ,"
2352.99,"Teacher for  Differently -Abled , Other"
2352.9900,"Teacher for  Differently -Abled , Other"
2352.9900,
2352.9900,"Teacher for Differently -Abled ,"
2355.01,Art Teacher
2355.01,
2355.0100,Art Teacher
2355.0100,
2355.99,"Arts Teacher,  Other"
2355.99,
2355.99,"Arts Teacher, Other"
2355.9900,"Arts Teacher, Other"
2355.9900,
2355.9900,"Arts Teacher,  Other"
2356.01,
2356.01,Manual Training Teacher/Craft Instructor
2356.01,Manual Training Teacher/Craft
2356.0100,Manual Training Teacher/Craft
2356.0100,
2356.0100,Manual Training Teacher/Craft Instructor
2356.0301,Master Trainer for Junior Software Developer
2356.0301,Master Trainer for Junior Software
2356.0301,"Masticator,"
2356.99,"Information Technology Trainers,"
2356.99,
2356.99,"Information Technology Trainers, Other"
2356.9900,"Information Technology Trainers, Other"
2356.9900,"Information Technology Trainers,"
2356.9900,
2359.01,"Handwork Teacher/Teacher, Art and Craft"
2359.01,"Handwork Teacher /Teacher, Art"
2359.01,
2359.0100,
2359.0100,"Handwork Teacher /Teacher, Art"
2359.0100,"Handwork Teacher/Teacher, Art and Craft"
2411.01,
2411.01,Accountant
2411.0100,Accountant
2411.0100,
2411.0101,Associate
2411.0101,Associate -Transactional Finance
2411.0101,Associate – Transactional Finance & Accounting
2411.02,
2411.02,Auditor
2411.0200,
2411.0200,Auditor
2411.0201,Associate –
2411.0201,Associate – Finance & Accounting Complex
2411.0201,Associate -Finance and Accounting
2411.03,Cost Accountant
2411.03,
2411.0300,
2411.0300,Cost Accountant
2412.01,
2412.01,Financial Examiner
2412.0100,
2412.0100,Financial Examiner
2412.02,
2412.02,Financial Analyst
2412.0200,Financial Analyst
2412.0200,
2412.03,
2412.03,Budget Analyst
2412.0300,
2412.0300,Budget Analyst
2412.04,Risk Management Analyst
2412.04,
2412.0400,Risk Management Analyst
2412.0400,
2412.0501,Agriculture Field Officer
2412.0501,Agronomist
2412.06,Commission Agent
2412.06,
2412.0600,Commission Agent
2412.0600,
2412.99,"Financial and Investment Advisors ,"
2412.99,"Financial and Investment Advisors, Other"
2412.99,
2412.9900,"Financial and Investment Advisors, Other"
2412.9900,"Financial and Investment Advisors ,"
2412.9900,
2421.0101,Analyst -Research
2421.0101,"Anatomist,"
2421.0101,Analyst – Research
2423.01,
2423.01,Vocational Guidance Officer/Career
2423.01,Vocational Guidance Officer/Career Counsellors
2423.0100,Vocational Guidance Officer/Career
2423.0100,Vocational Guidance Officer/Career Counsellors
2423.0100,
2423.0101,Associate – Recruitment
2423.0101,Associate – Supply
2423.0101,Associate -Recruitment
2423.02,
2423.02,Counsellor
2423.0200,Counsellor
2423.0200,
2423.05,Occupational Analyst
2423.05,
2423.0500,Occupational Analyst
2423.0500,
2423.99,"Personal and Careers Professionals,"
2423.99,
2423.99,"Personal and Careers Professionals, Other"
2423.9900,"Personal and Careers Professionals, Other"
2423.9900,
2423.9900,"Personal and Careers Professionals,"
2424.01,"Manpower Officer/Area Manager, Human"
2424.01,
2424.01,"Manpower Officer/Area Manager,"
2424.0100,
2424.0100,"Manpower Officer/Area Manager, Human"
2424.0100,"Manpower Officer/Area Manager,"
2424.02,
2424.02,Employment Officer/Operation
2424.02,"Employment Officer/Operation Head,"
2424.0200,
2424.0200,"Employment Officer/Operation Head,"
2424.0200,Employment Officer/Operation
2424.03,Human Resource Manager
2424.03,
2424.0300,
2424.0300,Human Resource Manager
2424.0401,Sales Training Manager
2424.0401,Sales/Pre -Sales
2424.0402,"Salesman, Retail"
2424.0402,Sales/Service Trainer (Dealer)
2424.0402,Sales /Service Trainer (Dea ler)
2424.0501,Service Training Centre In charge
2424.0501,Service Training Centre In -Charge
2424.0501,"Set Framer, Silk"
2424.0502,Field Service Trainer
2424.0502,Field Technician:
2424.99,"Training and Staff Development Professionals,"
2424.99,Tram Car Driver
2424.99,Training and Staff Development
2424.9900,"Training and Staff Development Professionals,"
2424.9900,Tram Car Driver
2424.9900,Training and Staff Development
2431.01,Market Research Analyst
2431.01,
2431.0100,
2431.0100,Market Research Analyst
2431.0101,Regional Service Marketing
2431.0101,Regional Service Marketing Manager
2431.0101,Regional Service
2431.0102,Regional Service Process Manager
2431.0102,Registrar
2431.0201,Product Brand Manager
2431.0201,Product
2431.0201,Product Brand Manager (Automotive)
2431.0202,Account Executive (Advertising
2431.0202,Accountant
2431.0202,Account Executive (Advertising Agency)
2431.03,
2431.03,Caption Writer
2431.0300,
2431.0300,Caption Writer
2431.04,Advertisement Writer
2431.04,
2431.0400,
2431.0400,Advertisement Writer
2431.0501,Market Research Associate – Sales &
2431.0501,Market Research Associate -Sales
2431.0501,Marketing and
2431.0502,Management Trainee -Sales and
2431.0502,Management Trainee – Sales &
2431.0502,Manager –
2431.0503,Market Research Associate – Product  Marketing
2431.0503,Market Research
2431.0503,Market Research Associate -Product
2431.0504,Management Trainee – Product Marketing
2431.0504,Management
2431.0504,Management Trainee -Product
2431.0601,Product Graders
2431.0601,Product Executive
2431.0651,Sales Executive (Media Org)
2431.0651,Sales Lead (Pre -
2431.0671,Traffic Co -Ordinator
2431.0671,Traffic Co-ordinator
2431.0671,Occupational
2431.07,Creative Writer
2431.07,
2431.0700,
2431.0700,Creative Writer
2431.08,Propagandist
2431.08,
2431.0800,
2431.0800,Propagandist
2431.99,Advertising and
2431.99,"Advertising and Marketing Professionals, Other"
2431.99,Advertising and Marketing
2431.9900,"Advertising and Marketing Professionals, Other"
2431.9900,Advertising and
2431.9900,Advertising and Marketing
2432.01,Publicity Officer
2432.01,
2432.01,Publ icity Officer
2432.0100,Publicity Officer
2432.0100,Publ icity Officer
2432.0100,
2432.02,Public Relations Officer
2432.02,
2432.0200,
2432.0200,Public Relations Officer
2432.0201,Digital Marketing/Social Media Manager
2432.0201,Digital Marketing/Social Media
2432.0201,Occupational
2432.03,Information Officer
2432.03,
2432.0300,
2432.0300,Information Officer
2432.99,"Public Relations Professionals, Other"
2432.99,"Public Relations Professionals,"
2432.99,
2432.9900,"Public Relations Professionals, Other"
2432.9900,"Public Relations Professionals,"
2432.9900,
2433.0101,Area Service
2433.0101,Area Sales Officer
2433.0201,
2433.0201,
2433.0201,Medical Representative
2433.0301,Sales Executive –
2433.0301,Sales Executive – Medical Electronics
2433.0301,Sales Executive -Medical Electronics
2433.0401,Sales Executive -Consumer
2433.0401,Sales Executive –
2433.0401,Sales Executive – Consumer Electronics
2433.0501,Sales Executive -Solar Electronics
2433.0501,Sales Executive
2433.0501,Sales Executive – Solar Electronics
2433.0601,Business Development Executive
2433.0601,Butcher
2433.07,
2433.07,"Field Offic er, Insurance"
2433.07,"Field Officer, Insurance"
2433.0700,
2433.0700,"Field Offic er, Insurance"
2433.0700,"Field Officer, Insurance"
2434.0101,Sales and Pre -Sales Analyst
2434.0101,Sales Associate
2434.0201,Sales/Service
2434.0201,Sales/Pre -Sales Executive
2456.7891,Environmental Scientist
2511.01,
2511.01,System Analysts
2511.0100,
2511.0100,System Analysts
2511.0101,"Depot Starter,"
2511.0101,Deployment Engineer
2511.0102,Occupational
2511.0102,Engineer – Software Transition
2511.0102,Engineer -Software Transition
2511.0103,Engineer –
2511.0103,Engineer -Packaging
2511.0103,Engineer – Packaging
2511.0104,Engineer –
2511.0104,Engineer -Product Lifecycle
2511.0104,Engineer – Product Lifecycle Management (PLM)
2511.0105,Analyst
2511.0105,Analyst – Research
2511.0106,Surface Grinder
2511.0106,Support Engineer
2511.99,
2511.99,"System Analysts, Other"
2511.9900,
2511.9900,"System Analysts, Other"
2512.01,Computer Programmer /Software
2512.01,Computer Programmer/Software Engineer
2512.01,
2512.0100,Computer Programmer/Software Engineer
2512.0100,
2512.0100,Computer Programmer /Software
2512.0201,Software Engineer
2512.0201,
2512.0201,
2512.0202,Test Engineer -Software
2512.0202,Test Engineer –
2512.0202,Test Engineer – Software
2512.0203,Design Engineer(Product Engineer)
2512.0203,Design Engineer  (Product Engineer)
2512.0203,Design
2512.0204,
2512.0204,Software Developer -Application
2512.0204,Software Developer – Application Development
2512.0204,
2512.0205,Jute Technologist
2512.0205,Junior Software Developer
2512.0205,Junior Software D eveloper
2512.0206,Engineer Trainee – IT Services
2512.0206,Engineer Trainee -IT Services
2512.0206,"Engineer,"
2512.0207,Engineer Trainee –
2512.0207,Engineer Trainee – Engineering Analysis
2512.0207,Engineer Trainee -Engineering
2512.03,Programmer Analyst
2512.03,
2512.0300,Programmer Analyst
2512.0300,
2512.0301,Software Developer – Product Development and
2512.0301,Software Engineer
2512.0301,Software Developer -Product
2512.0401,FPGA Design Engineer
2512.0401,"Frame Maker, Cap"
2512.0501,"Embosser, Leather"
2512.0501,Embedded Software Engineer
2512.0601,Design
2512.0601,Design Engineer – Engineering Analysis
2512.0601,Design Engineer -Engineering
2512.0701,"Appraiser,"
2512.0701,Application Maintenance Engineer
2512.08,
2512.08,"Programmer, Engineering and Scientific/System"
2512.08,"Programmer, Engineering and"
2512.0800,"Programmer, Engineering and"
2512.0800,"Programmer, Engineering and Scientific/System"
2512.0800,
2513.0101,Web Developer
2513.0101,Weigher
2513.0201,Usher
2513.0201,User Interface Developer
2513.0301,Occupational
2513.0301,Media Developer -Product
2513.0301,Media Developer – Product Development and
2513.0302,Media Developer
2513.0302,Media Developer -Application
2513.0302,Media Developer – Application Development
2514.99,"Computer Programmers, Other"
2514.99,
2514.9900,
2514.9900,"Computer Programmers, Other"
2519.01,System Programmer
2519.01,
2519.0100,System Programmer
2519.0100,
2519.03,Quality Assurance Analyst (Computers)
2519.03,Quality Assurance Analyst
2519.03,
2519.0300,Quality Assurance Analyst
2519.0300,Quality Assurance Analyst (Computers)
2519.0300,
2519.0301,
2519.0301,Quality Assurance
2519.0301,Quality Assurance Engineer – IT Services
2519.0301,
2519.0302,Test Engineer – IT Services
2519.0302,Test Engineer –
2519.0302,Test Engineer -IT Services
2519.0401,Quality Assurance Engineer – Software Products
2519.0401,Quality Ass urance Engineer -
2519.0401,Quality Assurance
2519.0402,Test Engineer
2519.0402,Test Engineer – Software Products
2519.0402,Test Engineer -Software Products
2519.0501,Quality Inspector –
2519.0501,Quality Engineer
2521.01,
2521.01,Database  Design Analyst
2521.01,Database Design Analyst
2521.0100,Database  Design Analyst
2521.0100,
2521.0100,Database Design Analyst
2521.0202,Junior Data Associate
2521.0202,Junior Functioner
2522.01,Database Administrator
2522.01,Database  Administrator
2522.01,
2522.0100,Database Administrator
2522.0100,Database  Administrator
2522.0100,
2522.0201,Security Officer
2522.0201,Security Analyst
2523.01,Data Communication
2523.01,Data Communication Analyst/Network
2523.01,
2523.0100,Data Communication
2523.0100,Data Communication Analyst/Network
2523.0100,
2523.02,
2523.02,Computer System Hardware Analyst/Hardware
2523.02,Computer System Hardware
2523.0200,
2523.0200,Computer System Hardware Analyst/Hardware
2523.0200,Computer System Hardware
2523.0301,Testing and
2523.0301,Tester/Test Engineer -Hardware
2523.0301,Tester/Test Engineer – Hardware
2523.0401,Design Engineer
2523.0401,Design Engineer –
2523.0501,Hardware Engineer
2523.0501,Harmonium Fitter
2523.99,
2523.99,"Computer Network Professionals,"
2523.99,"Computer Network Professionals, Other"
2523.9900,"Computer Network Professionals,"
2523.9900,
2523.9900,"Computer Network Professionals, Other"
2611.01,
2611.01,Attorney General of India
2611.0100,
2611.0100,Attorney General of India
2611.02,Solicitor General of India
2611.02,
2611.0200,Solicitor General of India
2611.0200,
2611.03,Advocate General
2611.03,
2611.0300,
2611.0300,Advocate General
2611.04,Legal Remembrancer
2611.04,
2611.0400,Legal Remembrancer
2611.0400,
2611.05,Government Advocate
2611.05,
2611.0500,Government Advocate
2611.0500,
2611.06,
2611.06,Public Prosecutor
2611.0600,
2611.0600,Public Prosecutor
2611.07,
2611.07,Police Prosecutor
2611.0700,Police Prosecutor
2611.0700,
2611.08,Attorney at Law
2611.08,
2611.0800,
2611.0800,Attorney at Law
2611.09,
2611.09,Advocate
2611.0900,
2611.0900,Advocate
2611.1001,Intellectual Property Executive
2611.1001,Interior Designer
2611.1002,Legal
2611.1002,Legal Associate
2611.99,"Lawyers, Other"
2611.99,
2611.9900,
2611.9900,"Lawyers, Other"
2612.01,
2612.01,"Judge, Supreme Court"
2612.0100,
2612.0100,"Judge, Supreme Court"
2612.02,
2612.02,"Judge, High Court"
2612.0200,"Judge, High Court"
2612.0200,
2612.03,
2612.03,District and Session Judge
2612.0300,
2612.0300,District and Session Judge
2612.04,
2612.04,Munsif
2612.0400,
2612.0400,Munsif
2612.05,"Judge, Subordinate Court"
2612.05,"Judge, Sub -ordinate Court"
2612.05,
2612.0500,"Judge, Subordinate Court"
2612.0500,"Judge, Sub -ordinate Court"
2612.0500,
2612.06,
2612.06,Magistrate
2612.0600,Magistrate
2612.0600,
2612.07,"Magistrate, Juvenile Court"
2612.07,
2612.0700,"Magistrate, Juvenile Court"
2612.0700,
2612.08,
2612.08,"Chairman, Administrative Tribunal"
2612.0800,"Chairman, Administrative Tribunal"
2612.0800,
2612.09,"Member, Administrative Tribunal"
2612.09,
2612.0900,
2612.0900,"Member, Administrative Tribunal"
2612.1,
2612.1,"President, Industrial Tribunal"
2612.1000,"President, Industrial Tribunal"
2612.1000,
2612.11,
2612.11,"Member, Industrial Tribunal"
2612.1100,
2612.1100,"Member, Industrial Tribunal"
2612.12,
2612.12,"President, Consumer Redressal"
2612.12,"President, Consumer Redressal Forum"
2612.1200,"President, Consumer Redressal Forum"
2612.1200,"President, Consumer Redressal"
2612.1200,
2612.13,
2612.13,"Member, Consumer Redressal"
2612.13,"Member, Consumer Redressal Forum"
2612.1300,
2612.1300,"Member, Consumer Redressal"
2612.1300,"Member, Consumer Redressal Forum"
2612.99,
2612.99,"Judges and Magistrates, Other"
2612.9900,"Judges and Magistrates, Other"
2612.9900,
2619.01,Prothonotary and Senior Master
2619.01,
2619.0100,
2619.0100,Prothonotary and Senior Master
2619.02,"Registrar (Appellate Side, High Court)"
2619.02,
2619.02,"Registrar (Appellate Side, High"
2619.0200,"Registrar (Appellate Side, High"
2619.0200,
2619.0200,"Registrar (Appellate Side, High Court)"
2619.03,Registrar
2619.03,
2619.0300,
2619.0300,Registrar
2619.04,Master Official Referee and Registrar in Equity
2619.04,
2619.04,Master Official Referee and
2619.0400,Master Official Referee and
2619.0400,Master Official Referee and Registrar in Equity
2619.0400,
2619.05,
2619.05,Taxing Master
2619.0500,Taxing Master
2619.0500,
2619.06,
2619.06,Insolvency Registrar
2619.0600,Insolvency Registrar
2619.0600,
2619.07,Official Assignee (High Court)
2619.07,
2619.0700,Official Assignee (High Court)
2619.0700,
2619.08,
2619.08,Court Receiver and Liquidator
2619.0800,
2619.0800,Court Receiver and Liquidator
2619.09,
2619.09,Sheriff
2619.0900,Sheriff
2619.0900,
2619.1,
2619.1,Coroner
2619.1000,Coroner
2619.1000,
2619.99,
2619.99,"Legal Professionals, Other"
2619.9900,
2619.9900,"Legal Professionals, Other"
2621.01,
2621.01,Archivist
2621.0100,Archivist
2621.0100,
2621.02,Curator (Museum)
2621.02,
2621.0200,
2621.0200,Curator (Museum)
2621.03,
2621.03,"Restorer, Painting"
2621.0300,"Restorer, Painting"
2621.0300,
2621.04,"Restorer, Lace and Textile"
2621.04,
2621.0400,"Restorer, Lace and Textile"
2621.0400,
2621.05,
2621.05,"Restorer, Ceramics"
2621.0500,
2621.0500,"Restorer, Ceramics"
2621.06,
2621.06,"Restorer, Paper and Prints"
2621.0600,
2621.0600,"Restorer, Paper and Prints"
2621.07,"Restorer, Furniture"
2621.07,
2621.0700,"Restorer, Furniture"
2621.0700,
2621.99,"Archivists and Curators, Other"
2621.99,
2621.9900,
2621.9900,"Archivists and Curators, Other"
2622.01,
2622.01,Librarian
2622.0100,
2622.0100,Librarian
2622.02,Librarian (Film)
2622.02,
2622.0200,
2622.0200,Librarian (Film)
2622.03,Tape Librarian/Librarian Digital/Librarian Media
2622.03,
2622.03,Tape Librarian/Libraria n
2622.0300,
2622.0300,Tape Librarian/Librarian Digital/Librarian Media
2622.0300,Tape Librarian/Libraria n
2622.05,News Librarian
2622.05,
2622.0500,News Librarian
2622.0500,
2622.0601,"Doffer, Fly"
2622.0601,Document Coder/Processor
2622.99,"Librarians and Related Information Professionals,"
2622.99,
2622.99,Librarians and Related Information
2622.9900,Librarians and Related Information
2622.9900,
2622.9900,"Librarians and Related Information Professionals,"
2631.01,Economist
2631.01,
2631.0100,
2631.0100,Economist
2631.02,Energy Economist
2631.02,
2631.0200,Energy Economist
2631.0200,
2631.03,Home Economist
2631.03,
2631.0300,Home Economist
2631.0300,
2631.99,"Economists, Other"
2631.99,
2631.9900,
2631.9900,"Economists, Other"
2632.01,"Sociologist, General"
2632.01,
2632.0100,
2632.0100,"Sociologist, General"
2632.02,
2632.02,Social Ecologist
2632.0200,
2632.0200,Social Ecologist
2632.03,
2632.03,Clinical Sociologist
2632.0300,
2632.0300,Clinical Sociologist
2632.04,
2632.04,Demographer
2632.0400,
2632.0400,Demographer
2632.05,Criminologists
2632.05,
2632.0500,
2632.0500,Criminologists
2632.06,Penologist
2632.06,
2632.0600,Penologist
2632.0600,
2632.07,
2632.07,"Anthropologist, General"
2632.0700,
2632.0700,"Anthropologist, General"
2632.08,"Anthropologist, Physical"
2632.08,
2632.0800,
2632.0800,"Anthropologist, Physical"
2632.09,"Anthropologist, Cultural"
2632.09,
2632.0900,
2632.0900,"Anthropologist, Cultural"
2632.1,Gene alogist
2632.1,
2632.1,Genealogist
2632.1000,
2632.1000,Gene alogist
2632.1000,Genealogist
2632.11,Archaeologist
2632.11,
2632.1100,Archaeologist
2632.1100,
2632.12,
2632.12,Geographer
2632.1200,Geographer
2632.1200,
2632.99,
2632.99,"Sociologists, Anthropologists and"
2632.99,"Sociologists, Anthropologists and Related"
2632.9900,"Sociologists, Anthropologists and Related"
2632.9900,
2632.9900,"Sociologists, Anthropologists and"
2633.01,
2633.01,Historian
2633.0100,
2633.0100,Historian
2633.02,Biographer
2633.02,
2633.0200,
2633.0200,Biographer
2633.03,
2633.03,Epigraphist
2633.0300,
2633.0300,Epigraphist
2633.04,
2633.04,Numismatist
2633.0400,Numismatist
2633.0400,
2633.05,Philatelist
2633.05,
2633.0500,
2633.0500,Philatelist
2633.06,Political Scientist
2633.06,
2633.0600,Political Scientist
2633.0600,
2633.99,"Philosophers, Historians and Political Scientists,"
2633.99,"Philosophers, Historians and"
2633.99,
2633.9900,"Philosophers, Historians and"
2633.9900,"Philosophers, Historians and Political Scientists,"
2633.9900,
2634.01,
2634.01,Psychologist
2634.0100,
2634.0100,Psychologist
2634.02,Psychometrist
2634.02,
2634.0200,
2634.0200,Psychometrist
2634.03,
2634.03,"Psychologist, Engineering"
2634.0300,"Psychologist, Engineering"
2634.0300,
2634.04,
2634.04,"Psychologist, Educational"
2634.0400,
2634.0400,"Psychologist, Educational"
2634.05,"Psychologist, Social"
2634.05,
2634.0500,
2634.0500,"Psychologist, Social"
2634.06,Clinical Psychologist
2634.06,
2634.0600,Clinical Psychologist
2634.0600,
2634.07,Industrial – Organizational Psychologist
2634.07,
2634.07,Industrial – Organization al
2634.0700,
2634.0700,Industrial – Organization al
2634.0700,Industrial – Organizational Psychologist
2634.08,"Psychologist, Counselling"
2634.08,
2634.0800,
2634.0800,"Psychologist, Counselling"
2634.99,
2634.99,"Psychologists, Other"
2634.9900,
2634.9900,"Psychologists, Other"
2635.01,Labour Welfare Officer
2635.01,
2635.0100,Labour Welfare Officer
2635.0100,
2635.02,Women’s Welfare Officer
2635.02,
2635.0200,
2635.0200,Women’s Welfare Officer
2635.03,Probation Officer
2635.03,
2635.0300,
2635.0300,Probation Officer
2635.04,Medical Social Worker
2635.04,
2635.0400,
2635.0400,Medical Social Worker
2635.05,
2635.05,Child and Family Social Worker
2635.0500,
2635.0500,Child and Family Social Worker
2635.06,
2635.06,Health Educator
2635.0600,
2635.0600,Health Educator
2635.07,Women’s Welfare Organizer
2635.07,
2635.0700,Women’s Welfare Organizer
2635.0700,
2635.08,
2635.08,Child Welfare Organizer
2635.0800,Child Welfare Organizer
2635.0800,
2635.09,Family Planning Organizer
2635.09,
2635.0900,
2635.0900,Family Planning Organizer
2635.1,Vocational Rehabilitation Counsellor
2635.1,Vocational Rehabilitation
2635.1,
2635.1000,Vocational Rehabilitation
2635.1000,Vocational Rehabilitation Counsellor
2635.1000,
2635.11,
2635.11,"Counsellor, Marriage and Family"
2635.1100,"Counsellor, Marriage and Family"
2635.1100,
2635.99,
2635.99,"Social Work Professionals, Other"
2635.9900,"Social Work Professionals, Other"
2635.9900,
2636.01,
2636.01,Priest
2636.0100,
2636.0100,Priest
2636.02,Purohit
2636.02,
2636.0200,
2636.0200,Purohit
2636.99,Ordained Religious and Non -Ordained Religious
2636.99,Non -Ordained Religious Workers
2636.99,
2636.9900,Ordained Religious and Non -Ordained Religious
2636.9900,Non -Ordained Religious Workers
2636.9900,
2641.01,Author
2641.01,
2641.0100,
2641.0100,Author
2641.02,
2641.02,Critic
2641.0200,
2641.0200,Critic
2641.03,
2641.03,Editor
2641.0300,Editor
2641.0300,
2641.0302,Script Editor
2641.0302,Script Researcher
2641.04,Sub-Editor
2641.04,
2641.04,Sub-editor
2641.0400,Sub-editor
2641.0400,Sub-Editor
2641.0400,
2641.05,Poet
2641.05,
2641.0500,Poet
2641.0500,
2641.0601,Script Writer
2641.0601,
2641.0601,
2641.0602,Script Writer
2641.0602,Script Researcher
2641.0701,Associate – Editorial
2641.0701,Associate –
2641.0701,Associate -Editorial
2641.0801,Associate –
2641.0801,Associate – Learning
2641.0801,Associate -Learning
2641.0901,Technical Writer –
2641.0901,Technical Writer – Product Documentation
2641.0901,Technical Writer -Product
2641.0902,Technical Writer –
2641.0902,
2641.0902,
2641.0902,Technical Writer – Application Development
2641.0903,Technical Writer – Technical Documentation/
2641.0903,Technical Writer -Technical
2641.0903,Technician
2641.99,"Authors, Journalists and Other"
2641.99,"Authors, Journalists and  Other Writers"
2641.99,
2641.9900,"Authors, Journalists and Other"
2641.9900,
2641.9900,"Authors, Journalists and  Other Writers"
2642.01,
2642.01,News Reporter
2642.0100,News Reporter
2642.0100,
2642.02,Columnist
2642.02,
2642.0200,Columnist
2642.0200,
2642.03,Freelance Journalist
2642.03,
2642.0300,
2642.0300,Freelance Journalist
2642.04,Commentary Writer
2642.04,
2642.0400,
2642.0400,Commentary Writer
2642.05,
2642.05,Radio Commentator
2642.0500,Radio Commentator
2642.0500,
2642.06,Commentator (Motion Picture)
2642.06,
2642.0600,
2642.0600,Commentator (Motion Picture)
2643.01,
2643.01,Language Specialist
2643.0100,
2643.0100,Language Specialist
2643.02,Translator
2643.02,
2643.0200,
2643.0200,Translator
2643.03,Interpreter
2643.03,
2643.0300,
2643.0300,Interpreter
2643.0401,Language Translator -Software
2643.0401,Language Translator – Software Products
2643.0401,Lapper
2643.0402,Language Translator – IT Services
2643.0402,Language Translator -IT Services
2643.0402,Language
2643.99,"Philologists, Translators and Interpreters, Other"
2643.99,
2643.99,"Philologists, Translators and"
2643.9900,"Philologists, Translators and Interpreters, Other"
2643.9900,
2643.9900,"Philologists, Translators and"
2651.01,
2651.01,Sculptor
2651.0100,
2651.0100,Sculptor
2651.02,Modeller (Except Stone)
2651.02,
2651.0200,Modeller (Except Stone)
2651.0200,
2651.03,Stone Modeller
2651.03,
2651.0300,Stone Modeller
2651.0300,
2651.04,"Painter, Fine Art"
2651.04,
2651.0400,
2651.0400,"Painter, Fine Art"
2651.05,"Renovator, Paintings"
2651.05,
2651.0500,"Renovator, Paintings"
2651.0500,
2651.06,Cartoonist
2651.06,
2651.0600,Cartoonist
2651.0600,
2651.99,
2651.99,"Visual Artists, Other"
2651.9900,
2651.9900,"Visual Artists, Other"
2652.01,
2652.01,Music Composer
2652.0100,
2652.0100,Music Composer
2652.02,
2652.02,Orchestra Conductor
2652.0200,Orchestra Conductor
2652.0200,
2652.03,Singer
2652.03,
2652.0300,
2652.0300,Singer
2652.04,
2652.04,"Instrumental Musician, String"
2652.04,"Instrumental Musician, String Instrument"
2652.0400,"Instrumental Musician, String Instrument"
2652.0400,
2652.0400,"Instrumental Musician, String"
2652.05,"Instrumental Musician, Percussion"
2652.05,"Instrumental Musician, Percussion Instrument"
2652.05,
2652.0500,
2652.0500,"Instrumental Musician, Percussion Instrument"
2652.0500,"Instrumental Musician, Percussion"
2652.06,
2652.06,"Instrumental Musician, Wind"
2652.06,"Instrumental Musician, Wind Instrument"
2652.0600,
2652.0600,"Instrumental Musician, Wind Instrument"
2652.0600,"Instrumental Musician, Wind"
2652.99,
2652.99,"Musicians, Singers and Composers,"
2652.99,"Musicians, Singers and Composers, Other"
2652.9900,
2652.9900,"Musicians, Singers and Composers, Other"
2652.9900,"Musicians, Singers and Composers,"
2653.01,Choreographer
2653.01,
2653.0100,Choreographer
2653.0100,
2653.02,
2653.02,Nattuvan
2653.0200,
2653.0200,Nattuvan
2653.03,Dancer
2653.03,
2653.0300,
2653.0300,Dancer
2653.99,"Choreographers and Dancers,"
2653.99,
2653.99,"Choreographers and Dancers, Other"
2653.9900,"Choreographers and Dancers, Other"
2653.9900,
2653.9900,"Choreographers and Dancers,"
2654.01,"Director, Theatrical"
2654.01,
2654.0100,
2654.0100,"Director, Theatrical"
2654.02,
2654.02,"Director, Music"
2654.0200,"Director, Music"
2654.0200,
2654.03,
2654.03,Dance Director
2654.0300,
2654.0300,Dance Director
2654.0351,Live Action Director
2654.0351,"Livestock Worker,"
2654.04,"Director, Research (Motion  Picture, Radio & TV)"
2654.04,"Director, Research (Motion  Picture,"
2654.04,
2654.0400,
2654.0400,"Director, Research (Motion  Picture,"
2654.0400,"Director, Research (Motion  Picture, Radio & TV)"
2654.05,"Manager, Recreation and Entertainment"
2654.05,"Manager, Recreation and"
2654.05,
2654.0500,
2654.0500,"Manager, Recreation and"
2654.0500,"Manager, Recreation and Entertainment"
2654.06,"Producer, Stage"
2654.06,
2654.0600,
2654.0600,"Producer, Stage"
2654.07,"Producer, Film"
2654.07,
2654.0700,"Producer, Film"
2654.0700,
2654.08,
2654.08,Production Manager (Motion Picture)
2654.08,Production Manager (Motion
2654.0800,
2654.0800,Production Manager (Motion Picture)
2654.0800,Production Manager (Motion
2654.0901,Lime Juice Tank
2654.0901,Lighting Artist
2654.99,"Stage and Film Directors, Other"
2654.99,
2654.9900,
2654.9900,"Stage and Film Directors, Other"
2655.01,Actor and Actress
2655.01,
2655.0100,Actor and Actress
2655.0100,
2655.02,
2655.02,Extra
2655.0200,
2655.0200,Extra
2655.0301,Voice Pathologist
2655.0301,Voice Over Artist
2655.0301,Voice over  Artist
2656.01,
2656.01,Programme Announcer
2656.0100,
2656.0100,Programme Announcer
2656.02,
2656.02,Disc Jockey
2656.0200,
2656.0200,Disc Jockey
2656.99,
2656.99,"Radio, T elevision and Other"
2656.99,"Radio, Television and Other Announcers, Other"
2656.9900,"Radio, T elevision and Other"
2656.9900,
2656.9900,"Radio, Television and Other Announcers, Other"
2659.01,
2659.01,Rope Dancer
2659.0100,Rope Dancer
2659.0100,
2659.02,Acrobat
2659.02,
2659.0200,
2659.0200,Acrobat
2659.03,Equestrian
2659.03,
2659.0300,Equestrian
2659.0300,
2659.04,Contortionist
2659.04,
2659.0400,
2659.0400,Contortionist
2659.05,"Circus Performers, Other"
2659.05,
2659.0500,
2659.0500,"Circus Performers, Other"
2659.06,Ventriloquist
2659.06,
2659.0600,Ventriloquist
2659.0600,
2659.07,
2659.07,Buffoon; Clown
2659.0700,
2659.0700,Buffoon; Clown
2659.08,Mimic
2659.08,
2659.0800,
2659.0800,Mimic
2659.09,Magician
2659.09,
2659.0900,
2659.0900,Magician
2659.1,
2659.1,Juggler
2659.1000,Juggler
2659.1000,
2659.11,
2659.11,Snake Charmer
2659.1100,Snake Charmer
2659.1100,
2659.12,Puppeteer
2659.12,
2659.1200,
2659.1200,Puppeteer
2659.13,"Trainer, Animal"
2659.13,
2659.1300,
2659.1300,"Trainer, Animal"
2659.14,Race Horse Trainer
2659.14,
2659.1400,Race Horse Trainer
2659.1400,
3111.01,
3111.01,"Laboratory Assistant, Physical"
3111.0100,
3111.0100,"Laboratory Assistant, Physical"
3111.02,
3111.02,"Laboratory Assistant, Soil"
3111.0200,
3111.0200,"Laboratory Assistant, Soil"
3111.03,"Laboratory Assistant, Chemical"
3111.03,
3111.0300,
3111.0300,"Laboratory Assistant, Chemical"
3111.04,Chemical Radiation Technician
3111.04,
3111.0400,
3111.0400,Chemical Radiation Technician
3111.05,"Laboratory Assistant, Geological"
3111.05,
3111.0500,
3111.0500,"Laboratory Assistant, Geological"
3111.06,"Slide Examiner, Petrology"
3111.06,
3111.0600,"Slide Examiner, Petrology"
3111.0600,
3111.07,
3111.07,"Slide Examiner, Palaeontology"
3111.0700,
3111.0700,"Slide Examiner, Palaeontology"
3111.99,"Physical Science Technicians, Other"
3111.99,
3111.9900,
3111.9900,"Physical Science Technicians, Other"
3112.01,"Overseer, Civil Engineering"
3112.01,
3112.0100,
3112.0100,"Overseer, Civil Engineering"
3112.02,
3112.02,Permanent Way Inspector
3112.0200,
3112.0200,Permanent Way Inspector
3112.03,
3112.03,Plain Tabler
3112.0300,
3112.0300,Plain Tabler
3112.04,Topographical Auxiliary
3112.04,
3112.0400,Topographical Auxiliary
3112.0400,
3112.05,
3112.05,Computer Topographical
3112.0500,Computer Topographical
3112.0500,
3112.06,"Surveyor, Tidal"
3112.06,
3112.0600,"Surveyor, Tidal"
3112.0600,
3112.0701,Assistant Laboratory and Field Technician
3112.0701,Assistant Lab oratory and Field
3112.0701,Assistant Mason
3112.99,"Civil Engineering Technicians, Other"
3112.99,
3112.9900,"Civil Engineering Technicians, Other"
3112.9900,
3113.0101,"Electrical Engineering,"
3113.0101,"Electrical Engineering, Technician/Maintenance"
3113.0101,
3113.0101,
3113.0102,Maize Cultivator
3113.0102,Maintenance Technician Electrical
3113.0111,
3113.0111,Technician Furnace Transformers: Ferro Alloys
3113.0111,
3113.0111,Technician
3113.02,
3113.02,Electrical Technician (High Voltage)
3113.0200,Electrical Technician (High Voltage)
3113.0200,
3113.03,
3113.03,Energy Auditor
3113.0300,
3113.0300,Energy Auditor
3113.0401,Mach ine Maintenance Technician
3113.0401,Machine Maintenance Technician
3113.0401,Machine
3113.0501,Maintenance
3113.0501,Maintenance Executive
3113.0601,Maintenance
3113.0601,Maintenance Technician
3113.0701,Customer Inspection Technician
3113.0701,Occupational
3113.0801,In-process and Final Quality
3113.0801,In-Process and Final Quality Engineer
3113.0801,"Inquiry Clerks,"
3113.0802,Finance Agent
3113.0802,Final Testing Technician
3113.0803,Automated Optical Inspection Machine Operator
3113.0803,Automated Optical
3113.0803,Automated Optical Inspection
3113.0901,Cluster In -Charge
3113.0901,Cluster In Charge
3113.0901,Cluster Manager
3113.1001,LED Luminaries Testing and Measurement
3113.1001,Ledger Clerk
3113.1001,LED Luminaries  Testing and
3113.1002,LED Luminaries
3113.1002,LED Light Repair Technician
3113.99,"Electrical Technicians, Other"
3113.99,
3113.99,"Electrical T echnicians, Other"
3113.9900,"Electrical Technicians, Other"
3113.9900,"Electrical T echnicians, Other"
3113.9900,
3114.01,Electronics Technician
3114.01,
3114.0100,
3114.0100,Electronics Technician
3114.02,Television Chassis Inspector/Television Technician
3114.02,
3114.0200,
3114.0200,Television Chassis Inspector/Television Technician
3114.0601,Bucket Wheel
3114.0601,BSS Support Engineer
3114.0701,"Field Officer,"
3114.0701,Field Maintenance Engineer
3114.0801,ICT Technician
3114.0801,ICT Engineer
3114.0802,ICT Technician
3114.0802,Illumination
3114.0804,Broadcasting and
3114.0804,Broadband Technician
3114.0804,Broadband  Technician
3114.0901,Installation Engineer -L
3114.0901,Installation
3114.0901,Installation Engineer – L
3114.0902,Installation Engineer Installation
3114.0902,Installation Engineer Installation Engineer – SDH
3114.0902,Occupational
3114.1101,Production
3114.1101,Product Specialist Engineer
3114.1201,"Transport Clerks,"
3114.1201,Transmission Engineer
3114.1301,Neurologist
3114.1301,Network Management Engineer
3114.99,Electronics and Telecommunications Engineering
3114.99,Electronics and
3114.99,
3114.9900,Electronics and
3114.9900,
3114.9900,Electronics and Telecommunications Engineering
3115.0101,Mechanical Engineering
3115.0101,
3115.0101,Mechanical Engineering Technician/Supervisor
3115.0101,
3115.0102,Maintenance Technician – Mechanical
3115.0102,Maintenance
3115.0102,Maintenance Technician -
3115.0103,Maintenance Technician Assistant – Mechanical
3115.0103,Occupational
3115.0103,Maintenance Technician Assistant -
3115.0104,Boiler Fitter
3115.0104,Body Shop In  Charge
3115.0104,Body Shop In -Charge
3115.0105,Workshop Manager
3115.0105,Wrapper
3115.0201,Automotive Engineering Technician/Testing
3115.0201,
3115.0201,Automotive Engineering
3115.0201,
3115.0202,Test Engineer Product /Vehicle
3115.0202,Test Technician
3115.0202,Test Engineer Product/Vehicle
3115.0301,"Executive, Proto Manufacturing"
3115.0301,Exhaust Box
3115.0401,Method Study Executive
3115.0401,Methods Engineer
3115.0501,Manager Maintenance Mechanical &
3115.0501,Manager Maintenance Mechanical
3115.0501,Manager Material
3115.0601,Master  Auto Service
3115.0601,Master Cutter
3115.0601,Master Auto Service Technician/Auto Service
3115.0602,Auto Service Technical Manager/Auto Service
3115.0602,Auto Service
3115.0602,Auto Service Technical
3115.1,Aeronautical Engineering Technician
3115.1,Aeronautical Engineering
3115.1,
3115.1000,
3115.1000,Aeronautical Engineering
3115.1000,Aeronautical Engineering Technician
3115.11,
3115.11,"Heating, Ventilation and"
3115.11,"Heating, Ventilation and Refrigeration Engineering"
3115.1100,"Heating, Ventilation and Refrigeration Engineering"
3115.1100,"Heating, Ventilation and"
3115.1100,
3115.12,
3115.12,Die Designer
3115.1200,Die Designer
3115.1200,
3115.1301,Tool Designer
3115.1301,Tool Engineer
3115.1302,Tool Room Supervisor
3115.1302,"Tool Setter,"
3115.14,
3115.14,Loco Foreman
3115.1400,
3115.1400,Loco Foreman
3115.15,"Yard Foreman, Railway"
3115.15,
3115.1500,"Yard Foreman, Railway"
3115.1500,
3115.16,
3115.16,Train Examiner
3115.1600,Train Examiner
3115.1600,
3115.99,
3115.99,"Mechanical Engineering Technicians, Other"
3115.99,Mechanical Engineering
3115.9900,"Mechanical Engineering Technicians, Other"
3115.9900,
3115.9900,Mechanical Engineering
3116.01,
3116.01,"Laboratory Assistant, Glass and"
3116.01,"Laboratory Assistant, Glass and Ceramics"
3116.0100,"Laboratory Assistant, Glass and Ceramics"
3116.0100,"Laboratory Assistant, Glass and"
3116.0100,
3116.02,"Laboratory Assistant, Food & Beverages/ Chemist/"
3116.02,"Laboratory Assistant, Food and"
3116.02,
3116.0200,"Laboratory Assistant, Food & Beverages/ Chemist/"
3116.0200,"Laboratory Assistant, Food and"
3116.0200,
3116.03,"Laboratory Assistant, Chemical Engineering"
3116.03,"Laboratory Assistant, Chemical"
3116.03,
3116.0300,"Laboratory Assistant, Chemical Engineering"
3116.0300,"Laboratory Assistant, Chemical"
3116.0300,
3116.04,"Core Analyst, Petrol and Natural Gas"
3116.04,
3116.04,"Core Analyst, Petrol and Natural"
3116.0400,"Core Analyst, Petrol and Natural Gas"
3116.0400,
3116.0400,"Core Analyst, Petrol and Natural"
3116.05,"Laboratory Assistant, Petroleum and Lubricants"
3116.05,"Laboratory Assistant, Petroleum"
3116.05,
3116.0500,"Laboratory Assistant, Petroleum"
3116.0500,"Laboratory Assistant, Petroleum and Lubricants"
3116.0500,
3116.06,"Chemist, Water Purification/Water"
3116.06,
3116.06,"Chemist, Water Purification/Water Treatment"
3116.0600,
3116.0600,"Chemist, Water Purification/Water Treatment"
3116.0600,"Chemist, Water Purification/Water"
3116.99,
3116.99,"Chemical Engineering Technicians,"
3116.9900,
3116.9900,"Chemical Engineering Technicians,"
3117.01,
3117.01,Rock Slicer
3117.0100,Rock Slicer
3117.0100,
3117.02,Petroleum and Natural Gas Extraction Technician
3117.02,
3117.0200,
3117.0200,Petroleum and Natural Gas Extraction Technician
3117.03,"Laboratory Assistant, Metallurgical"
3117.03,
3117.0300,"Laboratory Assistant, Metallurgical"
3117.0300,
3117.99,Mining and Metallurgical
3117.99,
3117.99,"Mining and Metallurgical Technicians, Other"
3117.9900,"Mining and Metallurgical Technicians, Other"
3117.9900,Mining and Metallurgical
3117.9900,
3118.01,"Draughtsperson , Architectural"
3118.01,
3118.01,"Draughtperson, Architectural"
3118.0100,"Draughtperson, Architectural"
3118.0100,
3118.0100,"Draughtsperson , Architectural"
3118.02,"Draughtperson, Civil"
3118.02,"Draughtsperson , Civil"
3118.02,
3118.0200,"Draughtsperson , Civil"
3118.0200,"Draughtperson, Civil"
3118.0200,
3118.0201,Plumbing Draftsman
3118.0201,Plumbing Foreman
3118.03,
3118.03,"Draughtsperson , Electrical"
3118.03,"Draughtperson, Electrical"
3118.0300,"Draughtperson, Electrical"
3118.0300,"Draughtsperson , Electrical"
3118.0300,
3118.0301,Drafts man
3118.0301,Draftsman
3118.0301,Dragline Operator
3118.0302,Physical Science
3118.0302,Physical Design Engineer
3118.0401,
3118.0401,"Draughtperson, Mechanical"
3118.0401,"Draughtsperson , Mechanical"
3118.0401,
3118.0402,Draughtsman -Mechanical
3118.0402,Drawer (Glass)
3118.0402,Draughtsman – Mechanical
3118.05,
3118.05,"Draught person , Structural"
3118.05,"Draughtperson, Structural"
3118.0500,"Draught person , Structural"
3118.0500,
3118.0500,"Draughtperson, Structural"
3118.06,
3118.06,"Draughtperson, Topographical"
3118.06,"Draughtsperson , Topographical"
3118.0600,"Draughtsperson , Topographical"
3118.0600,
3118.0600,"Draughtperson, Topographical"
3118.07,
3118.07,Lithographic Designer
3118.0700,
3118.0700,Lithographic Designer
3118.08,Tracer
3118.08,
3118.0800,
3118.0800,Tracer
3118.09,Blue Printer
3118.09,
3118.0900,Blue Printer
3118.0900,
3118.99,
3118.99,"Draughtspersons , Other"
3118.99,"Draughtpersons, Other"
3118.9900,"Draughtpersons, Other"
3118.9900,
3118.9900,"Draughtspersons , Other"
3119.01,
3119.01,"Laboratory Assistant, Engineering"
3119.0100,
3119.0100,"Laboratory Assistant, Engineering"
3119.02,
3119.02,Forensic Science Technician
3119.0200,
3119.0200,Forensic Science Technician
3119.03,Fingerprint Expert
3119.03,
3119.0300,Fingerprint Expert
3119.0300,
3119.04,
3119.04,Handwriting Expert
3119.0400,
3119.0400,Handwriting Expert
3119.05,Impression Taker
3119.05,
3119.0500,
3119.0500,Impression Taker
3119.06,Weather Observer
3119.06,
3119.0600,Weather Observer
3119.0600,
3119.07,"Methods, Time and Motion Study Technician"
3119.07,"Methods, Time and Motion Study"
3119.07,
3119.0700,"Methods, Time and Motion Study Technician"
3119.0700,
3119.0700,"Methods, Time and Motion Study"
3119.08,
3119.08,Fire Prevention Officer
3119.0800,Fire Prevention Officer
3119.0800,
3119.09,
3119.09,Fire Officer
3119.0900,Fire Officer
3119.0900,
3119.1,"Fire Inspectors, Other"
3119.1,
3119.1000,
3119.1000,"Fire Inspectors, Other"
3119.11,
3119.11,Laser Technician
3119.1100,
3119.1100,Laser Technician
3119.99,
3119.99,"Optical and Electronic Equipment Controllers,"
3119.99,Optical and Electronic Equipment
3119.9900,Optical and Electronic Equipment
3119.9900,
3119.9900,"Optical and Electronic Equipment Controllers,"
3121.01,
3121.01,"Supe rvisor and Foreman, Mining"
3121.01,"Supervisor and Foreman, Mining and Quarrying"
3121.0100,"Supe rvisor and Foreman, Mining"
3121.0100,"Supervisor and Foreman, Mining and Quarrying"
3121.0100,
3121.02,"Supervisor and Foreman, Well Drilling"
3121.02,"Supervisor and Foreman, Well"
3121.02,
3121.0200,"Supervisor and Foreman, Well Drilling"
3121.0200,"Supervisor and Foreman, Well"
3121.0200,
3121.03,"Supervisor and Foreman, Mineral  Treating"
3121.03,
3121.03,"Supervisor and Foreman, Mineral"
3121.0300,"Supervisor and Foreman, Mineral"
3121.0300,
3121.0300,"Supervisor and Foreman, Mineral  Treating"
3121.04,
3121.04,"Overman, Colliery"
3121.0400,"Overman, Colliery"
3121.0400,
3121.05,"Sirdar, Colliery"
3121.05,
3121.0500,"Sirdar, Colliery"
3121.0500,
3121.06,Mud Supervisor
3121.06,
3121.0600,
3121.0600,Mud Supervisor
3121.07,Well Pulling Supervisor
3121.07,
3121.0700,
3121.0700,Well Pulling Supervisor
3121.08,
3121.08,Gas Supervisor
3121.0800,
3121.0800,Gas Supervisor
3121.99,
3121.99,Supervisors and Foremen in Mining
3121.99,Supervisors and Foremen in Mining and  Mineral
3121.9900,
3121.9900,Supervisors and Foremen in Mining
3121.9900,Supervisors and Foremen in Mining and  Mineral
3122.01,"Supervisors and Foremen, Metal Making,"
3122.01,
3122.01,"Superv isors and Foremen, Metal"
3122.0100,
3122.0100,"Supervisors and Foremen, Metal Making,"
3122.0100,"Superv isors and Foremen, Metal"
3122.02,"Foreman, Blast Furnace"
3122.02,
3122.0200,"Foreman, Blast Furnace"
3122.0200,
3122.03,Stock House Foreman
3122.03,
3122.0300,Stock House Foreman
3122.0300,
3122.04,"Supervisor and Foreman, Metal"
3122.04,
3122.04,"Supervisor and Foreman, Metal Treating"
3122.0400,"Supervisor and Foreman, Metal Treating"
3122.0400,
3122.0400,"Supervisor and Foreman, Metal"
3122.05,"Supervisor and Foreman, Metal"
3122.05,"Supervisor and Foreman, Metal Drawing and"
3122.05,
3122.0500,"Supervisor and Foreman, Metal Drawing and"
3122.0500,"Supervisor and Foreman, Metal"
3122.0500,
3122.0601,Assembly Line Supervisor
3122.0601,Assembly
3122.08,"Supervisor and Foreman, Glass Forming and"
3122.08,
3122.08,"Supervisor and Foreman, Glass"
3122.0800,"Supervisor and Foreman, Glass"
3122.0800,
3122.0800,"Supervisor and Foreman, Glass Forming and"
3122.09,"Supervisor and Foreman, Ceramics"
3122.09,
3122.09,"Supervisor and Foreman, Ceramics and Related"
3122.0900,"Supervisor and Foreman, Ceramics and Related"
3122.0900,"Supervisor and Foreman, Ceramics"
3122.0900,
3122.1,
3122.1,"Supervisor and Foreman, Wood Preparation and"
3122.1,"Supervisor and Foreman, Wood"
3122.1000,
3122.1000,"Supervisor and Foreman, Wood Preparation and"
3122.1000,"Supervisor and Foreman, Wood"
3122.11,"Supervisor and Foreman, Paper Pulp and"
3122.11,
3122.11,"Supervisor and Foreman, Paper"
3122.1100,"Supervisor and Foreman, Paper"
3122.1100,
3122.1100,"Supervisor and Foreman, Paper Pulp and"
3122.13,"Supervisor and Foreman, Chemical Processing and"
3122.13,"Supervisor and Foreman, Chemical"
3122.13,
3122.1300,"Supervisor and Foreman, Chemical"
3122.1300,
3122.1300,"Supervisor and Foreman, Chemical Processing and"
3122.14,"Supervisor and Foreman,"
3122.14,
3122.14,"Supervisor and Foreman, Petroleum Refining and"
3122.1400,
3122.1400,"Supervisor and Foreman,"
3122.1400,"Supervisor and Foreman, Petroleum Refining and"
3122.16,
3122.16,Boiler Supervisor
3122.1600,Boiler Supervisor
3122.1600,
3122.17,
3122.17,"Supervisors and Foremen, Stationary Engine and"
3122.1700,
3122.1700,"Supervisors and Foremen, Stationary Engine and"
3122.18,
3122.18,"Supervisor and Foreman, Stone Cutting and"
3122.18,"Supervisor and Foreman, Stone"
3122.1800,"Supervisor and Foreman, Stone"
3122.1800,"Supervisor and Foreman, Stone Cutting and"
3122.1800,
3122.19,"Supervisor and Foreman, Machine Tool"
3122.19,"Supervisor and Foreman, Machine"
3122.19,
3122.1900,"Supervisor and Foreman, Machine"
3122.1900,"Supervisor and Foreman, Machine Tool"
3122.1900,
3122.2,"Supervisor and Foreman, Rubber Goods Making"
3122.2,
3122.2,"Supervisor and Foreman, Rubber"
3122.2000,"Supervisor and Foreman, Rubber Goods Making"
3122.2000,"Supervisor and Foreman, Rubber"
3122.2000,
3122.21,"Supervisor and Foreman, Plastic Products Making"
3122.21,
3122.21,"Supervisor and Foreman, Plastic"
3122.2100,
3122.2100,"Supervisor and Foreman, Plastic"
3122.2100,"Supervisor and Foreman, Plastic Products Making"
3122.22,Plastic Moulding Shop Supervisor
3122.22,Plastic Moulding
3122.2200,Plastic Moulding
3122.2200,Plastic Moulding Shop Supervisor
3122.23,Plastic Moulding Shift In -Charge
3122.23,Plastic Moulding Shift In  Charge
3122.23,Plastic  Moulding
3122.2300,Plastic  Moulding
3122.2300,Plastic Moulding Shift In -Charge
3122.2300,Plastic Moulding Shift In  Charge
3122.24,"Supervisor and Foreman, Wood"
3122.24,
3122.24,"Supervisor and Foreman, Wood Working"
3122.2400,"Supervisor and Foreman, Wood Working"
3122.2400,"Supervisor and Foreman, Wood"
3122.2400,
3122.25,"Supervisor and Foreman, Carpentry, Cabinet"
3122.25,"Supervisor and Foreman,"
3122.25,
3122.2500,"Supervisor and Foreman,"
3122.2500,"Supervisor and Foreman, Carpentry, Cabinet"
3122.2500,
3122.26,"Supervisor and Foreman, Paper and Paper Board"
3122.26,
3122.26,"Supervisor and Foreman, Paper and"
3122.2600,"Supervisor and Foreman, Paper and"
3122.2600,
3122.2600,"Supervisor and Foreman, Paper and Paper Board"
3122.28,
3122.28,Jobber (Textile)
3122.2800,Jobber (Textile)
3122.2800,
3122.29,"Supervisor and Foreman, Hosiery"
3122.29,
3122.2900,
3122.2900,"Supervisor and Foreman, Hosiery"
3122.3,"Supervisor and Foreman, Tanning"
3122.3,
3122.3,"Supervisor and Foreman, Tanning and Pelt"
3122.3000,"Supervisor and Foreman, Tanning"
3122.3000,"Supervisor and Foreman, Tanning and Pelt"
3122.3000,
3122.31,"Supervisor and Foreman, Shoemaking"
3122.31,
3122.31,"Supervisor and Foreman,"
3122.3100,"Supervisor and Foreman, Shoemaking"
3122.3100,
3122.3100,"Supervisor and Foreman,"
3122.32,"Supervisor and Foreman, Harness"
3122.32,
3122.32,"Supervisor and Foreman, Harness and Saddle"
3122.3200,"Supervisor and Foreman, Harness and Saddle"
3122.3200,"Supervisor and Foreman, Harness"
3122.3200,
3122.33,"Supervisor and Foreman, Leather"
3122.33,
3122.33,"Supervisor and Foreman, Leather Goods Making"
3122.3300,"Supervisor and Foreman, Leather Goods Making"
3122.3300,
3122.3300,"Supervisor and Foreman, Leather"
3122.34,"Supervisors and Foremen, Textile"
3122.34,"Supervisors and Foremen, Textile -Related"
3122.34,
3122.3400,"Supervisors and Foremen, Textile -Related"
3122.3400,"Supervisors and Foremen, Textile"
3122.3400,
3122.345,
3122.345,"Scouring Supervisor , Wool"
3122.3450,"Scouring Supervisor , Wool"
3122.3450,
3122.35,
3122.35,"Supervisors and Foremen, Tailoring and Dress"
3122.35,"Supervisors and Foremen, Tailoring"
3122.3500,
3122.3500,"Supervisors and Foremen, Tailoring and Dress"
3122.3500,"Supervisors and Foremen, Tailoring"
3122.3551,Production Supervisor – Sewing
3122.3551,Production Supervisor -Sewing
3122.3551,Professional
3122.36,"Supervisor and Foreman, Brush"
3122.36,"Supervisor and Foreman, Brush Making"
3122.3600,"Supervisor and Foreman, Brush Making"
3122.3600,"Supervisor and Foreman, Brush"
3122.38,"Supervisor and Foreman, Tobacco Preparation,"
3122.38,
3122.38,"Supervisor and Foreman, Tobacco"
3122.3800,"Supervisor and Foreman, Tobacco"
3122.3800,
3122.3800,"Supervisor and Foreman, Tobacco Preparation,"
3122.39,"Supervisor and Foreman, Tobacco Product Making"
3122.39,"Supervisor and Foreman, Tobacco"
3122.39,
3122.3900,"Supervisor and Foreman, Tobacco Product Making"
3122.3900,
3122.3900,"Supervisor and Foreman, Tobacco"
3122.4,
3122.4,"Supervisor and Foreman, Material and Freight"
3122.4,"Supervisor and Foreman, Material"
3122.4000,"Supervisor and Foreman, Material and Freight"
3122.4000,
3122.4000,"Supervisor and Foreman, Material"
3122.41,"Supervisor and Foreman, Checking,"
3122.41,"Supervisor and Foreman, Checking, Sorting,"
3122.41,
3122.4100,
3122.4100,"Supervisor and Foreman, Checking,"
3122.4100,"Supervisor and Foreman, Checking, Sorting,"
3122.42,"Supervisor and Foreman, Welding and Flame"
3122.42,
3122.42,"Supervisor and Foreman, Welding"
3122.4200,"Supervisor and Foreman, Welding"
3122.4200,"Supervisor and Foreman, Welding and Flame"
3122.4200,
3122.43,
3122.43,"Supervisor and Foreman, Sheet and"
3122.43,"Supervisor and Foreman, Sheet and Structural"
3122.4300,"Supervisor and Foreman, Sheet and"
3122.4300,"Supervisor and Foreman, Sheet and Structural"
3122.4300,
3122.4401,Casting Line
3122.4401,Casting Line In -Charge
3122.4401,Casting Line In  charge
3122.4402,Casting Machine
3122.4402,Casting Line Supervisor
3122.4501,Forging Shop Shift In  charge
3122.4501,Forging Shop
3122.4501,Forging Shop Shift In -Charge
3122.4502,Forging Shop Supervisor
3122.4502,Fork Lift Truck
3122.4601,Press Shop Shift In -Charge
3122.4601,Press Shop
3122.4601,Press Shop Shift In  Charge
3122.4602,"Presser, Hand"
3122.4602,Press Shop Supervisor
3122.4701,Occupational
3122.4701,Welding Machine Setter
3122.4702,Welding
3122.4702,Welding Supervisor
3122.49,
3122.49,"Supervisor and Foreman, Blacksmith"
3122.4900,
3122.4900,"Supervisor and Foreman, Blacksmith"
3122.5,"Supervisor and Foreman, Tool"
3122.5,
3122.5,"Supervisor and Foreman, Tool Making/Die Making"
3122.5000,
3122.5000,"Supervisor and Foreman, Tool Making/Die Making"
3122.5000,"Supervisor and Foreman, Tool"
3122.52,"Supervisor and Foreman, Machinery Fitting and"
3122.52,
3122.52,"Supervisor and Foreman,"
3122.5200,"Supervisor and Foreman, Machinery Fitting and"
3122.5200,"Supervisor and Foreman,"
3122.5200,
3122.53,"Supervisor and Foreman, Motor Vehicle Repairing"
3122.53,"Supervisor and Foreman, Mo tor"
3122.53,
3122.5300,"Supervisor and Foreman, Mo tor"
3122.5300,"Supervisor and Foreman, Motor Vehicle Repairing"
3122.5300,
3122.54,"Supervisor and Foreman, Aircraft Repairing"
3122.54,
3122.54,"Supervisor and Foreman, Aircraft"
3122.5400,"Supervisor and Foreman, Aircraft"
3122.5400,
3122.5400,"Supervisor and Foreman, Aircraft Repairing"
3122.56,
3122.56,"Supervisor and Foreman, Electrical and Electronic"
3122.56,"Supervisor and Foreman, Electrica l"
3122.5600,"Supervisor and Foreman, Electrical and Electronic"
3122.5600,
3122.5600,"Supervisor and Foreman, Electrica l"
3122.57,
3122.57,"Engineering Supervisor, Telephone"
3122.5700,"Engineering Supervisor, Telephone"
3122.5700,
3122.58,
3122.58,"Sub-Inspector, Telephone"
3122.5800,"Sub-Inspector, Telephone"
3122.5800,
3122.59,"Charge Hand, Rack Wiring (Telephone Equipment)"
3122.59,
3122.59,"Charge Hand, Rack Wiring"
3122.5900,"Charge Hand, Rack Wiring"
3122.5900,
3122.5900,"Charge Hand, Rack Wiring (Telephone Equipment)"
3122.6,"Line Supervisor, Electrical"
3122.6,"Line Su pervisor, Electrical"
3122.6,
3122.6000,"Line Su pervisor, Electrical"
3122.6000,
3122.6000,"Line Supervisor, Electrical"
3122.62,
3122.62,"Supervisor and Foreman, Precision"
3122.62,"Supervisor and Foreman, Precision Instrument"
3122.6200,"Supervisor and Foreman, Precision Instrument"
3122.6200,"Supervisor and Foreman, Precision"
3122.6200,
3122.63,"Supervisor and Foreman, Musical Instrument"
3122.63,
3122.63,"Supervisor and Foreman, Musical"
3122.6300,"Supervisor and Foreman, Musical Instrument"
3122.6300,
3122.6300,"Supervisor and Foreman, Musical"
3122.64,"Supervisor, Jewellery, Engraving and Precision"
3122.64,
3122.64,"Supervisor, Jewellery,  Engraving"
3122.6400,"Supervisor, Jewellery,  Engraving"
3122.6400,
3122.6400,"Supervisor, Jewellery, Engraving and Precision"
3122.6501,Wax Piece Maker
3122.6501,Wax Model Making Supervisor
3122.6501,Wax  Model Making Supervisor
3122.6502,Product Executive
3122.6502,Product Development Manager
3122.6503,Plant Breeder
3122.6503,Planning Supervisor
3122.6504,Blade Sawyer
3122.6504,Blade Sawing Supervisor
3122.6505,Laser Technician
3122.6505,Laser Supervisor
3122.6506,Bruting Supervisor
3122.6506,BSS Support
3122.6506,Bruting Supervisor  Bruting Supervisor is also known as Bruter
3122.6507,Blood Bank
3122.6507,Blocking Supervisor
3122.6508,Polishing Supervisor
3122.6508,Political Scientist
3122.6509,Final Product QC
3122.6509,Final Assortment Supervisor
3122.6511,Supervisor Faceting and Polishing
3122.6511,"Supervisor,"
3122.66,"Supervisor and Foreman, Photolitho, Photo"
3122.66,"Supervisor and Foreman, Photo -"
3122.66,
3122.6600,"Supervisor and Foreman, Photo -"
3122.6600,"Supervisor and Foreman, Photolitho, Photo"
3122.6600,
3122.67,
3122.67,"Supervisor and Foreman, Printing"
3122.67,"Supervisor and Foreman, Printing and Related"
3122.6700,"Supervisor and Foreman, Printing"
3122.6700,"Supervisor and Foreman, Printing and Related"
3122.6700,
3122.69,"Supervisor and Foreman, Food"
3122.69,
3122.6900,
3122.6900,"Supervisor and Foreman, Food"
3122.7,Juice Clarification Supervisor
3122.7,
3122.7000,
3122.7000,Juice Clarification Supervisor
3122.71,"Supervisor and Foreman, Brewing,"
3122.71,"Supervisor and Foreman, Brewing, Aerated Water"
3122.71,
3122.7100,"Supervisor and Foreman, Brewing,"
3122.7100,"Supervisor and Foreman, Brewing, Aerated Water"
3122.7100,
3122.72,"Supervisor and Foreman, Dairy Products/Dairy"
3122.72,"Supervisor and Foreman, Dairy"
3122.72,
3122.7200,"Supervisor and Foreman, Dairy"
3122.7200,
3122.7200,"Supervisor and Foreman, Dairy Products/Dairy"
3122.8001,Rubber Nursery Supervisor
3122.8001,Rubber Nursery
3122.99,Map and Chart
3122.99,"Manufacturing Supervisors, Other"
3122.9900,"Manufacturing Supervisors, Other"
3122.9900,Map and Chart
3123.01,
3123.01,"Work Supervisor, Construction"
3123.01,"Work Supervisor, Constr uction"
3123.0100,"Work Supervisor, Construction"
3123.0100,"Work Supervisor, Constr uction"
3123.0100,
3123.02,
3123.02,"Supervisor and Foreman, Insulation"
3123.0200,"Supervisor and Foreman, Insulation"
3123.0200,
3123.03,
3123.03,"Supervisor and Foreman, Plumbing"
3123.03,"Supervisor and Foreman, Plumbing and Pipe"
3123.0300,"Supervisor and Foreman, Plumbing and Pipe"
3123.0300,
3123.0300,"Supervisor and Foreman, Plumbing"
3123.0301,Plumbing Foreman
3123.0301,Plumbing Mason
3123.0302,Pneumatic
3123.0302,Plumbing Supervisor
3123.04,
3123.04,"Electrical Supervisor, Wiring,"
3123.0400,
3123.0400,"Electrical Supervisor, Wiring,"
3123.05,
3123.05,"Supervisor and Foreman, Painting"
3123.0500,
3123.0500,"Supervisor and Foreman, Painting"
3123.06,Painting and Surface Treatment Line In -Charge
3123.06,Painting and Surface Treatment
3123.06,Painting
3123.0600,Painting and Surface Treatment Line In -Charge
3123.0600,Painting and Surface Treatment
3123.0600,Painting
3123.07,Painting Supervisor
3123.07,Palaeontologist
3123.0700,Painting Supervisor
3123.0700,Palaeontologist
3123.99,Supervisors and Foremen and Related Trades
3123.99,
3123.9900,
3123.9900,Supervisors and Foremen and Related Trades
3127.99,Supervisor s and Foremen and
3127.9900,Supervisor s and Foremen and
3131.01,
3131.01,"Stationary Engine Driver, Steam"
3131.0100,"Stationary Engine Driver, Steam"
3131.0100,
3131.02,"Stationary Engine Driver, Internal Combustion"
3131.02,"Stationary Engine Driver,  Intern al"
3131.02,
3131.0200,"Stationary Engine Driver, Internal Combustion"
3131.0200,
3131.0200,"Stationary Engine Driver,  Intern al"
3131.03,"Turbine Operator,  Steam"
3131.03,
3131.03,"Turbine Operator, Steam"
3131.0300,"Turbine Operator, Steam"
3131.0300,
3131.0300,"Turbine Operator,  Steam"
3131.04,"Turbine Operator, Hydel"
3131.04,
3131.0400,"Turbine Operator, Hydel"
3131.0400,
3131.05,Power Plant Operator
3131.05,
3131.0500,
3131.0500,Power Plant Operator
3131.06,Electrical Switch Board Operator
3131.06,
3131.0600,
3131.0600,Electrical Switch Board Operator
3131.07,"Oiler and Greaser, Stationary Engine and"
3131.07,"Oiler and Greaser, Stationary"
3131.07,
3131.0700,
3131.0700,"Oiler and Greaser, Stationary"
3131.0700,"Oiler and Greaser, Stationary Engine and"
3131.08,Nuclear Plant Control Operator
3131.08,
3131.0800,Nuclear Plant Control Operator
3131.0800,
3131.09,Breaker Tender
3131.09,
3131.0900,Breaker Tender
3131.0900,
3131.1,
3131.1,Hopper Attendant /Hopper
3131.1,Hopper Attendant/Hopper Machine Operator
3131.1000,Hopper Attendant /Hopper
3131.1000,Hopper Attendant/Hopper Machine Operator
3131.1000,
3131.11,
3131.11,Load Dispatcher
3131.1100,
3131.1100,Load Dispatcher
3131.99,Power Shovel
3131.99,"Power Production Plant Operators, Other"
3131.99,"Power Production Plant Operators,"
3131.9900,"Power Production Plant Operators, Other"
3131.9900,Power Shovel
3131.9900,"Power Production Plant Operators,"
3132.01,Ice Maker
3132.01,
3132.0100,Ice Maker
3132.0100,
3132.02,Reservoir Caretaker
3132.02,
3132.0200,Reservoir Caretaker
3132.0200,
3132.03,Gas-Compressor Operator
3132.03,
3132.0300,
3132.0300,Gas-Compressor Operator
3132.04,Wastewater -Treatment -Plant
3132.04,
3132.04,Wastewater Treatment Plant Operator
3132.0400,Wastewater Treatment Plant Operator
3132.0400,
3132.0400,Wastewater -Treatment -Plant
3132.05,Heating Plant Superintendent
3132.05,Heating -Plant Superintendent
3132.05,
3132.0500,Heating -Plant Superintendent
3132.0500,Heating Plant Superintendent
3132.0500,
3132.06,
3132.06,"Pump -Station Operator,"
3132.06,"Pump Station Operator, Waterworks"
3132.0600,"Pump -Station Operator,"
3132.0600,"Pump Station Operator, Waterworks"
3132.0600,
3132.07,
3132.07,Air Compressor Operator
3132.0700,
3132.0700,Air Compressor Operator
3132.08,Ammonia Compressor Attendant
3132.08,
3132.0800,
3132.0800,Ammonia Compressor Attendant
3132.09,Air Conditioning and Refrigeration Plant
3132.09,Air Conditioning and Refrigeration
3132.09,
3132.0900,
3132.0900,Air Conditioning and Refrigeration Plant
3132.0900,Air Conditioning and Refrigeration
3132.1,
3132.1,Pump  Man
3132.1,Pumpman
3132.1000,Pumpman
3132.1000,
3132.1000,Pump  Man
3132.11,Exhaust Fan Operator
3132.11,
3132.1100,Exhaust Fan Operator
3132.1100,
3132.12,Blower Operator
3132.12,
3132.1200,
3132.1200,Blower Operator
3132.13,Incinerator Operator
3132.13,
3132.1300,
3132.1300,Incinerator Operator
3132.99,Incinerator and Water -Treatment
3132.99,Incinerator
3132.99,"Incinerator and Water Treatment Plant Operators,"
3132.9900,Incinerator
3132.9900,"Incinerator and Water Treatment Plant Operators,"
3132.9900,Incinerator and Water -Treatment
3133.01,"Process Man, Chemical"
3133.01,
3133.0100,
3133.0100,"Process Man, Chemical"
3133.02,
3133.02,Furnace Operator (Chemical)
3133.0200,Furnace Operator (Chemical)
3133.0200,
3133.03,Boiling -Tub Operator (Chemical)
3133.03,Boiling Tub Operator (Chemical)
3133.03,
3133.0300,Boiling -Tub Operator (Chemical)
3133.0300,
3133.0300,Boiling Tub Operator (Chemical)
3133.04,
3133.04,"Batch Still Operator, Chemical"
3133.0400,
3133.0400,"Batch Still Operator, Chemical"
3133.05,
3133.05,"Continuous Still Operator, Chemical"
3133.05,"Cont inuous Still Operator, Chemical"
3133.0500,"Continuous Still Operator, Chemical"
3133.0500,"Cont inuous Still Operator, Chemical"
3133.0500,
3133.06,
3133.06,"Bleaching Operator, Chemical"
3133.0600,
3133.0600,"Bleaching Operator, Chemical"
3133.07,
3133.07,Chemical Process Operator (Radioactive
3133.07,Chemical Proces s Operator (Radio
3133.0700,
3133.0700,Chemical Proces s Operator (Radio
3133.0700,Chemical Process Operator (Radioactive
3133.08,Hot Cell Technician
3133.08,Hot-Cell Technician
3133.08,
3133.0800,Hot-Cell Technician
3133.0800,
3133.0800,Hot Cell Technician
3133.99,Chemical Processing Plant
3133.99,Chemical Products
3133.99,"Chemical Processing Plant Controllers, Other"
3133.9900,Chemical Processing Plant
3133.9900,Chemical Products
3133.9900,"Chemical Processing Plant Controllers, Other"
3134.01,
3134.01,"Continuous Still Operator, Petroleum"
3134.01,"Continuous Still Operator,"
3134.0100,
3134.0100,"Continuous Still Operator, Petroleum"
3134.0100,"Continuous Still Operator,"
3134.02,Still Man Gas Plant/Gas Plant Operator (Petrol
3134.02,
3134.02,Still Man Gas Plant /Gas Plant
3134.0200,Still Man Gas Plant /Gas Plant
3134.0200,
3134.0200,Still Man Gas Plant/Gas Plant Operator (Petrol
3134.03,Pump Man (Petroleum Refining)
3134.03,
3134.03,Pump Man (Petroleum Refini ng)
3134.0300,Pump Man (Petroleum Refini ng)
3134.0300,Pump Man (Petroleum Refining)
3134.0300,
3134.04,Control Man (Petroleum Refining)
3134.04,
3134.0400,
3134.0400,Control Man (Petroleum Refining)
3134.05,Blender (Petroleum Refining)
3134.05,
3134.0500,Blender (Petroleum Refining)
3134.0500,
3134.06,Paraffin Plant Operator (Petrol
3134.06,Paraffin Plant Operator (Petrol Refining)
3134.06,
3134.0600,
3134.0600,Paraffin Plant Operator (Petrol
3134.0600,Paraffin Plant Operator (Petrol Refining)
3134.07,
3134.07,Pump Station Operator
3134.0700,Pump Station Operator
3134.0700,
3134.08,
3134.08,Treating -Plant Operator
3134.08,Treating Plant Operator
3134.0800,
3134.0800,Treating Plant Operator
3134.0800,Treating -Plant Operator
3134.99,
3134.99,"Petroleum Refining Workers, Other"
3134.9900,"Petroleum Refining Workers, Other"
3134.9900,
3135.05,Mixer  Man
3135.05,
3135.05,Mixerman
3135.0500,Mixer  Man
3135.0500,
3135.0500,Mixerman
3135.06,
3135.06,Convertor Blower /Convertor
3135.06,Convertor Blower/Convertor Blower Technician
3135.0600,
3135.0600,Convertor Blower/Convertor Blower Technician
3135.0600,Convertor Blower /Convertor
3135.07,Convertor Man /Convertor Blower
3135.07,Convertor Man/Convertor Blower Technician
3135.07,
3135.0700,Convertor Man/Convertor Blower Technician
3135.0700,
3135.0700,Convertor Man /Convertor Blower
3135.09,Furnace Operator (Non -Ferrous Metal)
3135.09,
3135.09,Furnace Operator (Nonferrous
3135.0900,Furnace Operator (Nonferrous
3135.0900,Furnace Operator (Non -Ferrous Metal)
3135.0900,
3135.11,
3135.11,"Furnace Operator, Open Hearth"
3135.1100,"Furnace Operator, Open Hearth"
3135.1100,
3135.12,"Furnace Operator, Second Hand,"
3135.12,
3135.12,"Furnace Operator, Second Hand, Open Hearth"
3135.1200,"Furnace Operator, Second Hand, Open Hearth"
3135.1200,
3135.1200,"Furnace Operator, Second Hand,"
3135.13,Furnace Operator (Smelting & Refining)
3135.13,
3135.1300,Furnace Operator (Smelting & Refining)
3135.1300,
3135.1401,Ship and Aircraft
3135.1401,Shift In -Charge Furnace Ferro Alloys
3135.1401,Shift In  Charge Furnace Ferro Alloys
3135.17,"Roller, Merchant Mill /Mill"
3135.17,
3135.17,"Roller, Merchant Mill/Mill Operator"
3135.1700,
3135.1700,"Roller, Merchant Mill /Mill"
3135.1700,"Roller, Merchant Mill/Mill Operator"
3135.18,"Roller, Sheet Mill/Mill Operator"
3135.18,
3135.18,"Roller, Sheet Mill /Mill Operator"
3135.1800,
3135.1800,"Roller, Sheet Mill /Mill Operator"
3135.1800,"Roller, Sheet Mill/Mill Operator"
3135.19,
3135.19,"Operator, Hot Rolling Mill (Non -"
3135.19,"Operator, Hot Rolling Mill (Non -Ferrous"
3135.1900,
3135.1900,"Operator, Hot Rolling Mill (Non -Ferrous"
3135.1900,"Operator, Hot Rolling Mill (Non -"
3135.2,"Roller, Hot Rolling Mill (Non -Ferrous Metal)/Mill"
3135.2,
3135.2,"Roller, Hot Rolling Mill (Non -"
3135.2000,"Roller, Hot Rolling Mill (Non -Ferrous Metal)/Mill"
3135.2000,
3135.2000,"Roller, Hot Rolling Mill (Non -"
3135.2001,"Folder,"
3135.2001,Fluid Management  Operator
3135.2001,Fluid Management Operator Rolling Mills
3135.2002,Process Operator Rolling Mills
3135.2002,Process Server
3135.2003,Coil Packaging Machine Operator Rolling Mills
3135.2003,"Coil Winder,"
3135.2003,Coil Packaging  Machine Operator
3135.23,"Operator, Strip Mill (Non -Ferrous Metal)"
3135.23,
3135.23,"Operator, Strip Mill (Non Ferrous"
3135.2300,"Operator, Strip Mill (Non -Ferrous Metal)"
3135.2300,"Operator, Strip Mill (Non Ferrous"
3135.2300,
3135.25,Seamless Pipe and Tube Roller
3135.25,
3135.2500,
3135.2500,Seamless Pipe and Tube Roller
3135.26,"Furnace Man, Reverberatory, Pulverised Coal"
3135.26,"Furnace Man, R everberatory,"
3135.26,
3135.2600,"Furnace Man, R everberatory,"
3135.2600,
3135.2600,"Furnace Man, Reverberatory, Pulverised Coal"
3135.3001,Heat Treatment Shop Supervisor
3135.3001,Heating Plant
3135.31,
3135.31,Centrifugal Casting Machine
3135.31,Centrifugal Casting Machine Operator
3135.3100,
3135.3100,Centrifugal Casting Machine
3135.3100,Centrifugal Casting Machine Operator
3135.39,"Control Man, Billet/Process Controller"
3135.39,
3135.39,"Control Man, Billet /Process"
3135.3900,
3135.3900,"Control Man, Billet /Process"
3135.3900,"Control Man, Billet/Process Controller"
3135.99,"Metal Production Process Controllers, Other"
3135.99,
3135.99,Metal Production Process
3135.9900,"Metal Production Process Controllers, Other"
3135.9900,
3135.9900,Metal Production Process
3139.01,"Digester Operator, Paper Pulp"
3139.01,
3139.0100,"Digester Operator, Paper Pulp"
3139.0100,
3139.02,"Beaterman, Paper Pulp"
3139.02,"Beater  Man, Paper Pulp"
3139.02,
3139.0200,"Beaterman, Paper Pulp"
3139.0200,"Beater  Man, Paper Pulp"
3139.0200,
3139.03,"Machineman, Paper, Wet End"
3139.03,
3139.0300,"Machineman, Paper, Wet End"
3139.0300,
3139.04,"Machineman, Paper, Dry End"
3139.04,
3139.04,"Machine  Man, Paper, Dry End"
3139.0400,"Machine  Man, Paper, Dry End"
3139.0400,"Machineman, Paper, Dry End"
3139.0400,
3139.05,
3139.05,"Calender  Man, Paper"
3139.05,"Calenderman, Paper"
3139.0500,
3139.0500,"Calenderman, Paper"
3139.0500,"Calender  Man, Paper"
3139.14,Robotic Machine Operator
3139.14,
3139.1400,Robotic Machine Operator
3139.1400,
3139.1501,Automated Optical
3139.1501,Auto Component  Assembly Fitter
3139.1501,Autocomponent Assembly Fitter
3139.2001,Assembly Supervisor
3139.2001,Assignment
3139.5001,
3139.5001,Quality Control
3139.5001,
3139.5001,Quality Control Inspector
3139.5002,Quality Controller
3139.5002,Quality Engineer
3139.99,
3139.99,"Industrial Robot Operators, Other"
3139.9900,"Industrial Robot Operators, Other"
3139.9900,
3141.01,
3141.01,"Laboratory Assistant, Zoological"
3141.0100,"Laboratory Assistant, Zoological"
3141.0100,
3141.02,"Laboratory Assistant, Botanical"
3141.02,
3141.0200,"Laboratory Assistant, Botanical"
3141.0200,
3141.03,
3141.03,Taxidermist
3141.0300,Taxidermist
3141.0300,
3141.99,"Life Science Technicians (Excluding Medical),"
3141.99,Lifeguard
3141.99,Life Science Technicians (Excluding
3141.9900,Life Science Technicians (Excluding
3141.9900,"Life Science Technicians (Excluding Medical),"
3141.9900,Lifeguard
3142.0101,Micro Irrigation Technician
3142.0101,Microstat
3142.0201,Bark Pitman
3142.0201,Bare Foot Technician (BFT)
3142.99,"Agricultural Technicians , Others"
3142.99,"Agricultural Technicians, Others  `"
3142.99,`
3142.9900,"Agricultural Technicians, Others  `"
3142.9900,"Agricultural Technicians , Others"
3142.9900,`
3151.01,"Chief Engineer, Ship"
3151.01,
3151.0100,"Chief Engineer, Ship"
3151.0100,
3151.02,"Second Engineer, Ship"
3151.02,
3151.0200,
3151.0200,"Second Engineer, Ship"
3151.03,"Third Engineer, Ship"
3151.03,
3151.0300,"Third Engineer, Ship"
3151.0300,
3151.04,"Fourth Engineer, Ship"
3151.04,
3151.0400,"Fourth Engineer, Ship"
3151.0400,
3151.05,
3151.05,"Fifth Engineer, Ship /Junior"
3151.05,"Fifth Engineer, Ship/Junior Engineer"
3151.0500,
3151.0500,"Fifth Engineer, Ship /Junior"
3151.0500,"Fifth Engineer, Ship/Junior Engineer"
3151.99,"Ship and Aircraft Controllers and Technicians,"
3151.99,Ship and Aircraft Controllers and
3151.99,
3151.9900,
3151.9900,Ship and Aircraft Controllers and
3151.9900,"Ship and Aircraft Controllers and Technicians,"
3152.01,"Captain, Ship/Master"
3152.01,"Captain, Ship /Master"
3152.01,
3152.0100,
3152.0100,"Captain, Ship/Master"
3152.0100,"Captain, Ship /Master"
3152.02,"Chief Officer, Ship"
3152.02,"Chief Officer, Ship  Chief Officer, Ship; First Mate, Ship"
3152.02,
3152.0200,
3152.0200,"Chief Officer, Ship"
3152.0200,"Chief Officer, Ship  Chief Officer, Ship; First Mate, Ship"
3152.03,
3152.03,"Second Officer, Ship"
3152.0300,
3152.0300,"Second Officer, Ship"
3152.04,
3152.04,"Third Officer, Ship"
3152.0400,"Third Officer, Ship"
3152.0400,
3152.05,Harbour Master
3152.05,
3152.0500,
3152.0500,Harbour Master
3152.06,
3152.06,Pilot Ship/Bay Pilot/Harbour Pilot/Channel Pilot
3152.06,Pilot Ship/Bay Pilot /Harbour
3152.0600,
3152.0600,Pilot Ship/Bay Pilot /Harbour
3152.0600,Pilot Ship/Bay Pilot/Harbour Pilot/Channel Pilot
3152.09,
3152.09,Ferry Officer
3152.0900,
3152.0900,Ferry Officer
3152.99,
3152.99,"Ship’s Deck Officers and Pilots,"
3152.99,"Ship’s Deck Officers and Pilots, Other"
3152.9900,"Ship’s Deck Officers and Pilots, Other"
3152.9900,
3152.9900,"Ship’s Deck Officers and Pilots,"
3153.01,
3153.01,"Chief Pilot, Aircraft"
3153.0100,"Chief Pilot, Aircraft"
3153.0100,
3153.02,
3153.02,Check Pilot
3153.0200,Check Pilot
3153.0200,
3153.03,"Pilot, General"
3153.03,
3153.0300,
3153.0300,"Pilot, General"
3153.04,
3153.04,"Aircraft Pilot, Specialize d"
3153.04,"Aircraft Pilot, Specialized"
3153.0400,"Aircraft Pilot, Specialized"
3153.0400,"Aircraft Pilot, Specialize d"
3153.0400,
3153.05,"Pilot, Glider"
3153.05,
3153.0500,"Pilot, Glider"
3153.0500,
3153.06,"Chief Navigator, Aircraft"
3153.06,
3153.0600,
3153.0600,"Chief Navigator, Aircraft"
3153.07,"Check Navigator, Aircraft"
3153.07,
3153.0700,"Check Navigator, Aircraft"
3153.0700,
3153.08,
3153.08,"Navigator, Aircraft"
3153.0800,
3153.0800,"Navigator, Aircraft"
3153.09,
3153.09,Chief Flight Engineer
3153.0900,
3153.0900,Chief Flight Engineer
3153.1,Check Flight Engineer  Check Flight Engineer checks work of
3153.1,Check Flight Engineer
3153.1,
3153.1000,Check Flight Engineer
3153.1000,
3153.1000,Check Flight Engineer  Check Flight Engineer checks work of
3153.11,
3153.11,Flight Engineer
3153.1100,
3153.1100,Flight Engineer
3153.99,Aircraft Pilots and Related Associate
3153.99,
3153.99,Aircraft Pi lots and Related
3153.9900,Aircraft Pilots and Related Associate
3153.9900,
3153.9900,Aircraft Pi lots and Related
3154.01,Air Traffic Controller Specialist
3154.01,
3154.0100,
3154.0100,Air Traffic Controller Specialist
3154.02,"Traffic  Controller, Air Service"
3154.02,"Traffic Controller, Air Service"
3154.02,
3154.0200,"Traffic Controller, Air Service"
3154.0200,"Traffic  Controller, Air Service"
3154.0200,
3154.99,
3154.99,"Air Traffic Controllers, Other"
3154.9900,
3154.9900,"Air Traffic Controllers, Other"
3211.01,X-Ray Technician
3211.01,
3211.0100,
3211.0100,X-Ray Technician
3211.0101,Radiology Technician
3211.0101,Rag Machineman
3211.02,Bio-Medical Equipment Technician
3211.02,
3211.0200,Bio-Medical Equipment Technician
3211.0200,
3211.0501,Medical Equipment Technician
3211.0501,Medical Imaging
3211.0801,Cardiac Care Technician
3211.0801,Cardiac C are Technician
3211.0801,Cardiologist
3211.99,Medical Imaging and Therapeutic Equipment
3211.99,
3211.99,Medical Imaging and Therapeutic
3211.9900,Medical Imaging and Therapeutic Equipment
3211.9900,Medical Imaging and Therapeutic
3211.9900,
3212.0101,Operation Theatre Technician
3212.0101,
3212.0101,
3212.0101,Operation Theatre  Technician
3212.0201,
3212.0201,
3212.0201,Dialysis Technician
3212.0301,Anaesthesia Technician
3212.0301,Anaesthesia Technician  Anaesthesia Technician: Paramedical
3212.0301,Anaesthetist
3212.0501,Hoist Operator
3212.0501,Histo -Technician
3212.0501,Histotechnician
3212.0601,Phlebotomy Technician
3212.0601,Photo Type Setting
3212.0602,Blood Bank Technician
3212.0602,Blood Donor Unit
3212.0701,Medical Records
3212.0701,Medical Laboratory Technician
3212.99,Dialysis Technician Life Science
3212.99,"Dialysis Technician Life Science Technicians, Other"
3212.99,
3212.9900,
3212.9900,Dialysis Technician Life Science
3212.9900,"Dialysis Technician Life Science Technicians, Other"
3213.01,
3213.01,Pharmacist
3213.0100,
3213.0100,Pharmacist
3213.0101,Pharmacy Assistant  Pharmacy Assistant in the Healthcare
3213.0101,Philatelist
3213.0101,Pharmacy Assistant
3213.02,
3213.02,"Laboratory Assistant, Pharmaceutical"
3213.02,"Laboratory Assistant,"
3213.0200,"Laboratory Assistant,"
3213.0200,"Laboratory Assistant, Pharmaceutical"
3213.0200,
3213.99,"Pharmaceutical Assistants, Other"
3213.99,
3213.9900,"Pharmaceutical Assistants, Other"
3213.9900,
3214.01,
3214.01,"Mechanic, Dental"
3214.0100,"Mechanic, Dental"
3214.0100,
3214.99,"Medical and Dental Prosthetic Technicians, Other"
3214.99,Medical and Dental Prosthetic
3214.99,Medical and
3214.9900,"Medical and Dental Prosthetic Technicians, Other"
3214.9900,Medical and Dental Prosthetic
3214.9900,Medical and
3221.01,
3221.01,"Nurse, General  Nurse, General gives  bedside care in cases"
3221.01,"Nurse, General"
3221.0100,"Nurse, General  Nurse, General gives  bedside care in cases"
3221.0100,
3221.0100,"Nurse, General"
3221.02,
3221.02,"Nurse, Industrial"
3221.0200,
3221.0200,"Nurse, Industrial"
3221.03,
3221.03,Nursing Attendant
3221.0300,
3221.0300,Nursing Attendant
3221.99,"Nursing Associate Professionals ,"
3221.99,
3221.99,"Nursing Associate Professionals, Other"
3221.9900,"Nursing Associate Professionals ,"
3221.9900,
3221.9900,"Nursing Associate Professionals, Other"
3222.01,Midwife
3222.01,
3222.0100,Midwife
3222.0100,
3222.02,Midwifery Attendant
3222.02,
3222.0200,
3222.0200,Midwifery Attendant
3222.03,
3222.03,Lady Health Visitor/ASHA Worker/Anganwadi
3222.03,Lady Health Visitor /ASHA
3222.0300,Lady Health Visitor/ASHA Worker/Anganwadi
3222.0300,Lady Health Visitor /ASHA
3222.0300,
3222.99,"Midwifery Associate Professionals, Other"
3222.99,"Midwifery Associate Professionals,"
3222.99,
3222.9900,
3222.9900,"Midwifery Associate Professionals,"
3222.9900,"Midwifery Associate Professionals, Other"
3240.01,"Vaccinator, Veterinary"
3240.01,
3240.0100,"Vaccinator, Veterinary"
3240.0100,
3240.02,Stockman
3240.02,
3240.0200,Stockman
3240.0200,
3240.03,
3240.03,Animal Keeper
3240.0300,Animal Keeper
3240.0300,
3240.04,"Laboratory Technician, Artificial"
3240.04,"Laboratory Technician, Artificial Breeding"
3240.04,
3240.0400,"Laboratory Technician, Artificial Breeding"
3240.0400,
3240.0400,"Laboratory Technician, Artificial"
3240.99,Veterinary  Technicians and
3240.99,
3240.99,"Veterinary Technicians and Assistants, Other"
3240.9900,Veterinary  Technicians and
3240.9900,"Veterinary Technicians and Assistants, Other"
3240.9900,
3251.0101,
3251.0101,Dental Assistant
3251.0101,
3251.99,"Dental  Assistants and Therapists, Other"
3251.99,"Dental Assistants and Therapists,"
3251.99,
3251.9900,
3251.9900,"Dental  Assistants and Therapists, Other"
3251.9900,"Dental Assistants and Therapists,"
3252.0101,Medical Records and Health Information
3252.0101,Medical Records and Health
3252.0101,Medical
3253.0101,Dialysis Technician
3253.0101,Diabetes Educator
3253.0201,Frontline Health Worker
3253.0201,Frontman
3253.99,Community
3253.99,"Community Health Workers, Other"
3253.99,"Community Health Workers,  Other"
3253.9900,"Community Health Workers, Other"
3253.9900,Community
3253.9900,"Community Health Workers,  Other"
3254.01,"Optician, General"
3254.01,"Optician,  General"
3254.01,
3254.0100,"Optician, General"
3254.0100,
3254.0100,"Optician,  General"
3254.02,"Optician, Contact Lens"
3254.02,"Optician, Contact -Lens"
3254.02,
3254.0200,"Optician, Contact -Lens"
3254.0200,
3254.0200,"Optician, Contact Lens"
3254.99,Distiller (Chemical)
3254.99,"Dispensing Opticians , Other"
3254.99,"Dispensing Opticians, Other"
3254.9900,Distiller (Chemical)
3254.9900,"Dispensing Opticians, Other"
3254.9900,"Dispensing Opticians , Other"
3255.0101,Assistant Physiotherapist
3255.0101,Assistant
3256.0101,Regional Dealer
3256.0101,Refractionist
3256.0202,"Visual Artists,"
3256.0202,Vision Technician
3256.99,"Medical Assistants, Other"
3256.99,
3256.9900,
3256.9900,"Medical Assistants, Other"
3257.01,Sanitary Inspector
3257.01,
3257.0100,Sanitary Inspector
3257.0100,
3257.03,"Environment Science and Protection Technician,"
3257.03,
3257.03,Environment Science and
3257.0300,
3257.0300,"Environment Science and Protection Technician,"
3257.0300,Environment Science and
3257.04,Environmental Compliance Inspector
3257.04,
3257.04,Environmental Compliance
3257.0400,Environmental Compliance
3257.0400,
3257.0400,Environmental Compliance Inspector
3257.05,Environmental Engineering
3257.05,
3257.05,Environmental Engineering Technician
3257.0500,Environmental Engineering Technician
3257.0500,Environmental Engineering
3257.0500,
3257.06,"Health, Safety and Environment Officer"
3257.06,
3257.06,"Health, Safety and Environment"
3257.0600,"Health, Safety and Environment"
3257.0600,"Health, Safety and Environment Officer"
3257.0600,
3257.99,
3257.99,Environment Science and
3257.99,"Environment Science and Protection Technicians,"
3257.9900,"Environment Science and Protection Technicians,"
3257.9900,
3257.9900,Environment Science and
3311.01,"Broker, Share Market"
3311.01,
3311.0100,
3311.0100,"Broker, Share Market"
3311.02,"Jobber, Share Market"
3311.02,
3311.0200,
3311.0200,"Jobber, Share Market"
3311.0201,"Erector, Machine"
3311.0201,Equity Dealer
3311.0202,Mycologist
3311.0202,Mutual Fund Agent
3311.99,
3311.99,Securities and Finance Dealers and
3311.99,"Securities and Finance Dealers and Brokers, Other"
3311.9900,Securities and Finance Dealers and
3311.9900,"Securities and Finance Dealers and Brokers, Other"
3311.9900,
3312.01,Finance Agent
3312.01,
3312.0100,Finance Agent
3312.0100,
3312.0101,Locksmith
3312.0101,Loan Approval Officer
3312.99,"Credit and Loan Officers,  Other"
3312.99,"Creeperman,"
3312.99,"Credit and Loan Officers, Other"
3312.9900,"Creeperman,"
3312.9900,"Credit and Loan Officers, Other"
3312.9900,"Credit and Loan Officers,  Other"
3314.01,Economic Investigator
3314.01,
3314.0100,
3314.0100,Economic Investigator
3314.02,Statistical Assistant
3314.02,
3314.0200,Statistical Assistant
3314.0200,
3314.99,"Statistical, Mathematical and Related Associate"
3314.99,
3314.99,"Statistical, Mathematical and"
3314.9900,"Statistical, Mathematical and"
3314.9900,"Statistical, Mathematical and Related Associate"
3314.9900,
3315.01,Valuer
3315.01,
3315.0100,
3315.0100,Valuer
3315.02,
3315.02,"Claims Inspector, Railways  Claims Inspector, Railway inspects"
3315.02,"Claims Inspector, Railways"
3315.0200,
3315.0200,"Claims Inspector, Railways"
3315.0200,"Claims Inspector, Railways  Claims Inspector, Railway inspects"
3315.03,
3315.03,"Appraiser, Customs"
3315.0300,
3315.0300,"Appraiser, Customs"
3315.0501,Warranty In  charge
3315.0501,Warranty
3315.0501,Warranty In-Charge
3315.99,
3315.99,Valuers and Loss Assessors;  Other
3315.99,"Valuers and Loss Assessors, Other"
3315.9900,"Valuers and Loss Assessors, Other"
3315.9900,Valuers and Loss Assessors;  Other
3315.9900,
3321.01,
3321.01,Insurance Agent
3321.0100,
3321.0100,Insurance Agent
3321.0101,Sales
3321.0101,Sales Officer (Auto Insurance)
3321.0102,Sales Consultant
3321.0102,Sales Consultant (Auto Finance)  Sales Consultant (Auto Finance) is also
3321.0102,Sales Consultant (Auto Finance)
3321.02,
3321.02,"Insurance Adjuster, Examiner, Surveyor and"
3321.02,"Insurance Adjuster, Examiner,"
3321.0200,"Insurance Adjuster, Examiner,"
3321.0200,
3321.0200,"Insurance Adjuster, Examiner, Surveyor and"
3321.0201,"Finance, Insurance and Registration"
3321.0201,Financial Analyst
3321.99,"Insurance Representatives, Other"
3321.99,
3321.9900,
3321.9900,"Insurance Representatives, Other"
3322.0101,
3322.0101,"Sales Representative, Technical"
3322.0101,
3322.02,"Commercial Traveller, General"
3322.02,
3322.0200,
3322.0200,"Commercial Traveller, General"
3322.03,"Canvasser, Sales"
3322.03,"Canvasser , Sales"
3322.03,
3322.0300,"Canvasser, Sales"
3322.0300,"Canvasser , Sales"
3322.0300,
3322.05,
3322.05,"Sales Supervisor, Wholesale Trade"
3322.0500,"Sales Supervisor, Wholesale Trade"
3322.0500,
3322.0601,Khas Thatti Maker
3322.0601,Key Accounts Sales Manager
3322.0701,Regional Parts Manager
3322.0701,Regional Retail
3322.0801,Area Manager (Auto Components)
3322.0801,Area Parts
3322.0802,Sales Officer (Auto Components)
3322.0802,Sales Officer (Auto
3322.09,"Sales Supervisor, Retail Trade"
3322.09,
3322.0900,
3322.0900,"Sales Supervisor, Retail Trade"
3322.1001,Territory Sales Manager
3322.1001,Territory Sales
3322.1002,Territory Sales Manager (Used
3322.1002,Territory Sales Manager (Used Vehicles)
3322.1002,Territory Service
3322.1101,Customer Relationship Manager
3322.1101,Customs and
3322.1102,Regional Manager – Customer Care
3322.1102,Regional Manager -Customer Care
3322.1102,Regional Parts
3322.1201,Regional Sales Manager (Pre -Owned Vehicles)
3322.1201,Regional Sales Manager (Pre -
3322.1201,Regional Sales
3322.1202,Sales Lead (Pre -Owned Vehicles)
3322.1202,Sales Lead (Pre -owned Vehicles)
3322.1202,Sales Manager
3322.1203,Sales Consultant
3322.1203,Sales Consultant (Pre -owned
3322.1203,Sales Consultant (Pre -Owned Vehicles)
3322.1301,Sales Manager
3322.1302,Sales Consultant (Institutional
3322.1302,Sales Consultant
3322.1303,Occupational
3322.1303,Sales Consultant (Retail)
3322.1304,Sales Consultant
3322.1305,
3322.1305,
3322.1305,Floor Manager
3322.1306,Store Manager
3322.1306,Store Ops
3322.14,Other Sales Supervisor
3322.14,
3322.1400,
3322.1400,Other Sales Supervisor
3322.1501,Regional Sales Manager (RSM)
3322.1501,Regional Service
3322.1601,Regional Dealer Development
3322.1601,Regional Manager
3322.1601,Regional Dealer Development Manager/Network
3322.1701,Masher
3322.1701,Marketing Manager – Line of Business
3322.1701,Marketing Manager –Line of
3322.1702,Marketing
3322.1702,Marketing and Social Media
3322.1702,Marketing and Social Media Manager
3322.2101,Regional Retail Finance and Insurance Manager
3322.2101,Regional Retail Finance  and
3322.2101,Regional Sales
3322.2501,Service Supervisor
3322.2501,Service Training
3322.2502,Service Advisor
3322.2502,Service Engineer –
3322.2503,Service Supervisor
3322.2503,Service Office Manager
3322.2504,Service Office
3322.2504,Service Office Executive
3322.4001,Pre-Delivery Inspection In -Charge
3322.4001,Pre-Delivery
3322.4001,Pre Delivery Inspection In  Charge
3322.4002,Pre-Press
3322.4002,Pre Delivery Inspection Supervisor
3322.4002,Pre-Delivery Inspection Supervisor
3322.5001,
3322.5001,Plumbing Products Sales Officer
3322.5001,
3322.5002,"Plumber, General"
3322.5002,Plumber Aftersales Service
3322.6001,Export Executive
3322.6001,Export Manager
3322.6011,Export Executive
3322.6011,Export Assistant
3322.99,"Commercial Sales Representatives ,"
3322.99,"Commercial Sales Representatives, Other"
3322.99,
3322.9900,"Commercial Sales Representatives, Other"
3322.9900,
3322.9900,"Commercial Sales Representatives ,"
3323.01,
3323.01,Buyer
3323.0100,Buyer
3323.0100,
3323.0101,Merchandiser – Gem & Jewellery
3323.0101,Merry -Go-Round
3323.0101,Merchandiser -Gem and Jewellery
3323.0102,Merchandiser – Apparel
3323.0102,Merchandiser -Apparel
3323.0102,Merchandiser –
3323.02,Purchasing Agent
3323.02,
3323.0200,Purchasing Agent
3323.0200,
3323.0301,Veneer Cutter
3323.0301,Vendor Development Executive
3323.0401,Purchase Executive
3323.0401,Purchase
3323.0501,Purchase Executive -Solar
3323.0501,Purchasing Agent
3323.0501,Purchase Executive – Solar
3323.0601,Associate -Supply Chain
3323.0601,Associate – Supply Chain Management
3323.0601,Associate –
3323.0602,
3323.0602,"Supply,"
3323.0602,
3323.0602,Supply Chain Field Assistant
3323.99,"Buyers, Other"
3323.99,
3323.9900,"Buyers, Other"
3323.9900,
3334.01,Property Dealer
3334.01,
3334.0100,Property Dealer
3334.0100,
3334.02,House Agent
3334.02,
3334.0200,House Agent
3334.0200,
3334.99,"Estate Agents, Other"
3334.99,
3334.9900,
3334.9900,"Estate Agents, Other"
3339.02,
3339.02,Brand Manager
3339.0200,
3339.0200,Brand Manager
3339.03,Auctioneer
3339.03,
3339.0300,
3339.0300,Auctioneer
3339.04,"Crier, Auction"
3339.04,
3339.0400,
3339.0400,"Crier, Auction"
3339.05,
3339.05,"Conductor, Auction Sale"
3339.0500,"Conductor, Auction Sale"
3339.0500,
3341.02,"Overseer, Postmen"
3341.02,
3341.0200,
3341.0200,"Overseer, Postmen"
3341.04,"Supervisor, Telephone"
3341.04,
3341.0400,"Supervisor, Telephone"
3341.0400,
3341.05,"Monitor, Telephone"
3341.05,
3341.0500,"Monitor, Telephone"
3341.0500,
3341.06,
3341.06,"Supervisor, Wireless"
3341.0600,
3341.0600,"Supervisor, Wireless"
3341.07,Headlight Keeper
3341.07,
3341.0700,
3341.0700,Headlight Keeper
3341.08,Section Officer
3341.08,
3341.0800,
3341.0800,Section Officer
3341.09,"Inspectors and Supervisors, Other"
3341.09,
3341.09,"Inspectors and Supervisors, Other (Clerical)"
3341.0900,"Inspectors and Supervisors, Other (Clerical)"
3341.0900,
3341.0900,"Inspectors and Supervisors, Other"
3341.1,Office Assistant
3341.1,
3341.1000,
3341.1000,Office Assistant
3341.11,
3341.11,Briefing Assistant
3341.1100,Briefing Assistant
3341.1100,
3341.12,Sub-Post Master
3341.12,
3341.1200,
3341.1200,Sub-Post Master
3341.99,
3341.99,"Office Supervisors, Other"
3341.9900,"Office Supervisors, Other"
3341.9900,
3351.01,"Inspector, Customs"
3351.01,
3351.0100,"Inspector, Customs"
3351.0100,
3351.02,
3351.02,"Supervisor, Customs"
3351.0200,
3351.0200,"Supervisor, Customs"
3351.03,
3351.03,Searcher
3351.0300,
3351.0300,Searcher
3351.99,"Customs and Border Inspectors, Other"
3351.99,
3351.99,"Customs and Border Inspectors,"
3351.9900,
3351.9900,"Customs and Border Inspectors,"
3351.9900,"Customs and Border Inspectors, Other"
3352.01,
3352.01,"Inspector, Excise"
3352.0100,"Inspector, Excise"
3352.0100,
3352.99,"Govt. Tax and Excise Officials,"
3352.99,"Government Tax and Excise Officials, Other"
3352.99,
3352.9900,"Govt. Tax and Excise Officials,"
3352.9900,
3352.9900,"Government Tax and Excise Officials, Other"
3353.01,Village Level Worker
3353.01,
3353.0100,Village Level Worker
3353.0100,
3353.02,
3353.02,"Patroller, Women"
3353.0200,
3353.0200,"Patroller, Women"
3353.99,"Government Social Benefits Officials, Other"
3353.99,Government Social Benefits
3353.99,
3353.9900,Government Social Benefits
3353.9900,"Government Social Benefits Officials, Other"
3353.9900,
3355.01,
3355.01,"Inspector, Police"
3355.0100,
3355.0100,"Inspector, Police"
3355.02,"Sub-Inspector, Police"
3355.02,
3355.0200,
3355.0200,"Sub-Inspector, Police"
3355.03,Detective
3355.03,
3355.0300,Detective
3355.0300,
3355.99,"Police Inspectors and Detectives, Other"
3355.99,
3355.99,"Police Inspectors and Detectives,"
3355.9900,
3355.9900,"Police Inspectors and Detectives, Other"
3355.9900,"Police Inspectors and Detectives,"
3411.01,Legal Assistant
3411.01,
3411.0100,
3411.0100,Legal Assistant
3411.02,Shirestedar
3411.02,
3411.0200,
3411.0200,Shirestedar
3411.03,Petition Writer
3411.03,
3411.0300,
3411.0300,Petition Writer
3411.99,"Legal and Related Associate Professionals, Other"
3411.99,
3411.9900,
3411.9900,"Legal and Related Associate Professionals, Other"
3412.01,Blood Donor Unit Assistant
3412.01,
3412.0100,
3412.0100,Blood Donor Unit Assistant
3412.02,Equal Opportunity Officer
3412.02,
3412.0200,Equal Opportunity Officer
3412.0200,
3412.99,
3412.99,Social Work Associate Professionals
3412.9900,
3412.9900,Social Work Associate Professionals
3421.01,Professional
3421.01,"Professional Sportsman/Professional, Athlete"
3421.01,
3421.0100,
3421.0100,"Professional Sportsman/Professional, Athlete"
3421.0100,Professional
3421.02,Jockey
3421.02,
3421.0200,Jockey
3421.0200,
3422.01,
3422.01,Athletic Coach
3422.0100,
3422.0100,Athletic Coach
3422.0201,
3422.0201,
3422.0201,Sports Coach
3422.03,
3422.03,Riding Instructor
3422.0300,Riding Instructor
3422.0300,
3422.04,
3422.04,Umpire
3422.0400,Umpire
3422.0400,
3422.05,
3422.05,Marker/Groundsmen & Women
3422.0500,Marker/Groundsmen & Women
3422.0500,
3422.99,"Sports Coaches, Instructors and Officials, Other"
3422.99,"Sports Coaches, Instructors and"
3422.99,
3422.9900,"Sports Coaches, Instructors and"
3422.9900,
3422.9900,"Sports Coaches, Instructors and Officials, Other"
3423.0101,Fitter – Electrical
3423.0101,Fitness Trainer/Fitness Instructor
3423.0101,Fitness Trainer /Fitness Instructor
3423.02,Physical Training Instructor/Physical Education
3423.02,
3423.02,Physical Training
3423.0200,Physical Training
3423.0200,
3423.0200,Physical Training Instructor/Physical Education
3423.0501,Lifeguard
3423.0501,Lift Truck Operator
3423.99,Fitness and Recreation Instructors and
3423.99,Fitness and Recreation Instructors
3423.99,Fitness
3423.9900,Fitness and Recreation Instructors and
3423.9900,Fitness and Recreation Instructors
3423.9900,Fitness
3431.01,"Photographer, General"
3431.01,
3431.0100,
3431.0100,"Photographer, General"
3431.02,Photographer News
3431.02,
3431.0200,Photographer News
3431.0200,
3431.03,"Photographer, Ae rial"
3431.03,
3431.03,"Photographer, Aerial"
3431.0300,"Photographer, Ae rial"
3431.0300,"Photographer, Aerial"
3431.0300,
3431.99,"Photographers, Other"
3431.99,"Photographers , Other"
3431.99,
3431.9900,
3431.9900,"Photographers , Other"
3431.9900,"Photographers, Other"
3432.01,Interior Designer
3432.01,
3432.0100,
3432.0100,Interior Designer
3432.02,
3432.02,Decorator
3432.0200,
3432.0200,Decorator
3432.0501,Battery Assembler
3432.0501,Bathroom and Kitchen Designer
3432.99,Decorators and Commercial
3432.99,
3432.99,"Decorators and Commercial Designers, Other"
3432.9900,"Decorators and Commercial Designers, Other"
3432.9900,Decorators and Commercial
3432.9900,
3434.01,Head Cook /Head Chef
3434.01,
3434.01,Head Cook/Head Chef
3434.0100,
3434.0100,Head Cook/Head Chef
3434.0100,Head Cook /Head Chef
3435.01,Tattoo Artist
3435.01,
3435.0100,
3435.0100,Tattoo Artist
3435.02,
3435.02,Stuntman
3435.0200,
3435.0200,Stuntman
3435.03,
3435.03,Prompter
3435.0300,
3435.0300,Prompter
3435.04,
3435.04,Merry -go-Round Operator
3435.04,Merry -Go-Round Operator
3435.0400,Merry -go-Round Operator
3435.0400,
3435.0400,Merry -Go-Round Operator
3435.05,Floral Designer
3435.05,
3435.0500,
3435.0500,Floral Designer
3435.99,Other Artistic  and Cultural Associate
3435.99,Other Artistic an d Cultural
3435.99,
3435.9900,Other Artistic  and Cultural Associate
3435.9900,
3435.9900,Other Artistic an d Cultural
3511.0101,Domestic Biometric Data Operator
3511.0101,Dom estic  Biometric Data Operator
3512.01,Data Recovery Planner /System
3512.01,Data Recovery Planner/System Administrator
3512.01,
3512.0100,
3512.0100,Data Recovery Planner/System Administrator
3512.0100,Data Recovery Planner /System
3512.0101,Domestic IT Helpdesk Attendant
3512.0101,Domestic IT Helpdesk Atten dant
3512.0101,Domestic Servant
3512.02,Desktop Publishing Operator
3512.02,
3512.02,Desk Top Publishing Operator
3512.0200,
3512.0200,Desktop Publishing Operator
3512.0200,Desk Top Publishing Operator
3512.0202,Associate Network
3512.0202,Associate -Desktop Publishing  (DTP)
3512.0202,Associate — Desktop Publishing (DTP)
3512.0401,Disk Duplicator
3512.0401,Occupational
3512.0501,Jackman
3512.0501,IT Co-ordinator  in School
3512.0501,IT Co -Ordinator in School
3512.0601,Associate – CRM
3512.0601,Associate -Clinical Data
3512.0601,Associate – Clinical Data Management
3512.07,
3512.07,Medical Transcriptionist
3512.0700,Medical Transcriptionist
3512.0700,
3512.0702,Associate – Medical Transcription
3512.0702,Associate -Medical Transcription
3512.0702,Associate –
3512.0801,Engineer Trainee –
3512.0801,Engineer -Technical Support
3512.0801,Engineer – Technical Support
3512.99,Information and Communication
3512.99,
3512.99,Information and Communication Technology User
3512.9900,
3512.9900,Information and Communication
3512.9900,Information and Communication Technology User
3513.01,System Administration
3513.01,System Administration Assistant/Junior System
3513.01,
3513.0100,
3513.0100,System Administration Assistant/Junior System
3513.0100,System Administration
3513.02,
3513.02,Computer Security Specialist
3513.0200,Computer Security Specialist
3513.0200,
3513.0301,Infrastructure
3513.0301,Infrastructure Engineer
3513.99,"Computer Network and Systems Technician,"
3513.99,Computer
3513.99,Computer Network and Systems
3513.9900,Computer
3513.9900,"Computer Network and Systems Technician,"
3513.9900,Computer Network and Systems
3514.03,Programming Assistant /Junior
3514.03,
3514.03,Programming Assistant/Junior Software Engineer
3514.0300,Programming Assistant /Junior
3514.0300,
3514.0300,Programming Assistant/Junior Software Engineer
3521.01,Cinematographer
3521.01,Cinema tographer
3521.01,
3521.0100,Cinema tographer
3521.0100,
3521.0100,Cinematographer
3521.02,Movie Cameraman
3521.02,
3521.0200,
3521.0200,Movie Cameraman
3521.03,"Cameraman, Animation"
3521.03,
3521.0300,"Cameraman, Animation"
3521.0300,
3521.0401,Sound Recording Equipment Operator/Sound
3521.0401,
3521.0401,Sound Recording Equipment
3521.0401,
3521.0501,Film Editor /Editor
3521.0501,
3521.0501,Film Editor/Editor
3521.0501,
3521.0511,Sound Editor
3521.0511,Sound Engineer
3521.06,"Supervisor, Broadcasting Audio -"
3521.06,
3521.06,"Supervisor, Broadcasting Audiovisual  Projection"
3521.0600,"Supervisor, Broadcasting Audiovisual  Projection"
3521.0600,"Supervisor, Broadcasting Audio -"
3521.0600,
3521.07,
3521.07,Television Broadcasting Station Operator
3521.07,Television Broadcasting Station
3521.0700,Television Broadcasting Station
3521.0700,Television Broadcasting Station Operator
3521.0700,
3521.08,"Radio Operator, Broadcasting"
3521.08,
3521.08,"Radio Operator, Broadcasting Station"
3521.0800,"Radio Operator, Broadcasting Station"
3521.0800,
3521.0800,"Radio Operator, Broadcasting"
3521.09,Cinematograph Operator
3521.09,
3521.0900,Cinematograph Operator
3521.0900,
3521.1,
3521.1,Public Address Equipment
3521.1,Public Address Equipment Operator
3521.1000,
3521.1000,Public Address Equipment Operator
3521.1000,Public Address Equipment
3521.11,
3521.11,"Station Officer, Overseas"
3521.11,"Station Officer, Overseas Communication"
3521.1100,"Station Officer, Overseas"
3521.1100,"Station Officer, Overseas Communication"
3521.1100,
3521.12,
3521.12,"Station Technical Assistant, Overseas"
3521.12,"Station Technical Assistant,"
3521.1200,"Station Technical Assistant,"
3521.1200,"Station Technical Assistant, Overseas"
3521.1200,
3521.13,Wireless Operator
3521.13,
3521.1300,Wireless Operator
3521.1300,
3521.14,"Radio Operator, Ship"
3521.14,
3521.1400,
3521.1400,"Radio Operator, Ship"
3521.15,
3521.15,"Radio Operator, Aircraft"
3521.1500,"Radio Operator, Aircraft"
3521.1500,
3521.16,
3521.16,"Control Tower Operator, Aerodrome"
3521.16,"Control Tower Operator,"
3521.1600,"Control Tower Operator, Aerodrome"
3521.1600,"Control Tower Operator,"
3521.1600,
3521.17,
3521.17,Radar Operator
3521.1700,Radar Operator
3521.1700,
3521.2,"Signaller, Ship"
3521.2,
3521.2000,
3521.2000,"Signaller, Ship"
3521.21,"Light Keeper, Light House"
3521.21,
3521.2100,
3521.2100,"Light Keeper, Light House"
3521.99,"Broadcasting and Audiovisual Technicians, Other"
3521.99,
3521.99,Broadcasting and Audio -visual
3521.9900,
3521.9900,"Broadcasting and Audiovisual Technicians, Other"
3521.9900,Broadcasting and Audio -visual
3522.01,"Telecommunication, Technician"
3522.01,
3522.0100,
3522.0100,"Telecommunication, Technician"
3522.02,
3522.02,"Line Inspector, Telephone"
3522.0200,
3522.0200,"Line Inspector, Telephone"
3522.03,
3522.03,Telephone Inspector
3522.0300,
3522.0300,Telephone Inspector
3522.04,Wireless Inspector Electronics
3522.04,Wireless Ins pector Electronics
3522.04,
3522.0400,Wireless Inspector Electronics
3522.0400,Wireless Ins pector Electronics
3522.0400,
3522.99,"Telecommunication Engineering Technicians,"
3522.99,Telecommunicatio
3522.99,Telecommunication Engineering
3522.9900,"Telecommunication Engineering Technicians,"
3522.9900,Telecommunication Engineering
3522.9900,Telecommunicatio
3567.8912,Event Manager
4110.01,"Clerk, General"
4110.0100,"Clerk, General"
4110.02,"Clerk, Enquiry"
4110.02,
4110.0200,
4110.0200,"Clerk, Enquiry"
4110.03,
4110.03,Copyright Clerk
4110.0300,
4110.0300,Copyright Clerk
4110.04,
4110.04,Copy Holder
4110.0400,Copy Holder
4110.0400,
4110.05,Timekeeper
4110.05,Time Keeper
4110.05,
4110.0500,
4110.0500,Time Keeper
4110.0500,Timekeeper
4110.06,"Timekeeper, Motor Transport"
4110.06,"Time Keeper, Motor Transport"
4110.06,
4110.0600,"Timekeeper, Motor Transport"
4110.0600,
4110.0600,"Time Keeper, Motor Transport"
4120.01,Private Secretary
4120.01,
4120.0100,
4120.0100,Private Secretary
4120.02,Personal Secretary
4120.02,
4120.0200,Personal Secretary
4120.0200,
4120.03,Panchayat Secretary
4120.03,
4120.0300,Panchayat Secretary
4120.0300,
4120.99,"Secretaries, Other"
4120.99,
4120.9900,"Secretaries, Other"
4120.9900,
4131.01,Secretary/Back Office Support
4131.01,
4131.0100,Secretary/Back Office Support
4131.0100,
4131.02,Reporter
4131.02,
4131.0200,Reporter
4131.0200,
4131.04,
4131.04,Braille Typist
4131.0400,
4131.0400,Braille Typist
4131.05,
4131.05,Teleprinter Operator
4131.0500,
4131.0500,Teleprinter Operator
4131.06,Computer Operator
4131.06,
4131.0600,
4131.0600,Computer Operator
4131.99,Typists and Word Processing
4131.99,
4131.99,"Typists and Word Processing Operators,"
4131.9900,
4131.9900,"Typists and Word Processing Operators,"
4131.9900,Typists and Word Processing
4132.0401,Data Entry Machine Operator
4132.0401,
4132.0401,
4132.0402,Domestic
4132.0402,Domestic Data Entry Operator
4132.06,Coding Machine Operator
4132.06,
4132.0600,
4132.0600,Coding Machine Operator
4132.08,
4132.08,Duplicating Machine Operator/Photocopier
4132.08,Duplicating Machine
4132.0800,Duplicating Machine Operator/Photocopier
4132.0800,
4132.0800,Duplicating Machine
4132.09,
4132.09,Embossing Machine Operator
4132.0900,
4132.0900,Embossing Machine Operator
4132.1,
4132.1,Addressing Machine Operator
4132.1000,Addressing Machine Operator
4132.1000,
4132.13,Bookkeeping Machine Operator
4132.13,
4132.13,Book Keeping Machine Operator
4132.1300,Bookkeeping Machine Operator
4132.1300,Book Keeping Machine Operator
4132.1300,
4132.14,Bill Processing Clerk
4132.14,
4132.1400,
4132.1400,Bill Processing Clerk
4132.99,"Data Entry Clerks, Other"
4132.99,"Data Entry Clerks , Other"
4132.99,
4132.9900,"Data Entry Clerks, Other"
4132.9900,
4132.9900,"Data Entry Clerks , Other"
4211.01,
4211.01,"Cashier, General"
4211.0100,
4211.0100,"Cashier, General"
4211.02,"Cashier, Bank"
4211.02,
4211.0200,
4211.0200,"Cashier, Bank"
4211.0301,
4211.0301,"Cashier, Cash Counter"
4211.0301,
4211.0302,"Cashier, Gem & Jewellery"
4211.0302,"Cashier, General"
4211.0302,"Cashier, Gem and Jewellery"
4211.04,
4211.04,"Teller, Bank"
4211.0400,
4211.0400,"Teller, Bank"
4211.99,"Bank Tellers and R elated Clerks ,"
4211.99,"Bank Tellers and Related Clerks, Other"
4211.99,
4211.9900,"Bank Tellers and R elated Clerks ,"
4211.9900,
4211.9900,"Bank Tellers and Related Clerks, Other"
4212.01,"Booking Clerk, Recreation"
4212.01,
4212.0100,"Booking Clerk, Recreation"
4212.0100,
4212.02,Book Maker
4212.02,
4212.02,Bookmaker
4212.0200,Book Maker
4212.0200,
4212.0200,Bookmaker
4212.99,"Bookmakers, Croupiers and"
4212.99,
4212.99,"Bookmakers, Croupiers and Related Gaming"
4212.9900,
4212.9900,"Bookmakers, Croupiers and Related Gaming"
4212.9900,"Bookmakers, Croupiers and"
4213.01,
4213.01,Money Lender
4213.01,Moneylender
4213.0100,Moneylender
4213.0100,Money Lender
4213.0100,
4213.02,
4213.02,Pawn Broker
4213.0200,Pawn Broker
4213.0200,
4213.99,"Pawnbrokers and Money -lenders,"
4213.99,
4213.99,"Pawnbrokers and Moneylenders, Other"
4213.9900,
4213.9900,"Pawnbrokers and Moneylenders, Other"
4213.9900,"Pawnbrokers and Money -lenders,"
4214.01,Bill Collector
4214.01,
4214.01,Bill Co llector
4214.0100,
4214.0100,Bill Collector
4214.0100,Bill Co llector
4214.0201,Decorator
4214.0201,Debt Recovery Agents
4214.99,"Debt Collectors and Related Workers, Other"
4214.99,Debt Collectors and Related
4214.99,
4214.9900,
4214.9900,Debt Collectors and Related
4214.9900,"Debt Collectors and Related Workers, Other"
4221.01,Travel Consultants & Organizers
4221.01,Travel Consultants and Organize rs
4221.01,Travel Consultants
4221.0100,Travel Consultants and Organize rs
4221.0100,Travel Consultants
4221.0100,Travel Consultants & Organizers
4221.02,Flight Attendants and Travel
4221.02,Flight Engineer
4221.02,Flight Attendants and Travel Stewards
4221.0200,Flight Attendants and Travel Stewards
4221.0200,Flight Engineer
4221.0200,Flight Attendants and Travel
4221.03,"Reservation Clerk,"
4221.03,"Reservation Clerk, Transport/Reservation"
4221.03,
4221.0300,
4221.0300,"Reservation Clerk, Transport/Reservation"
4221.0300,"Reservation Clerk,"
4221.04,"Booking Clerk, Transport /Concierge"
4221.04,
4221.04,"Booking Clerk, Transport/Concierge"
4221.0400,
4221.0400,"Booking Clerk, Transport /Concierge"
4221.0400,"Booking Clerk, Transport/Concierge"
4221.99,"Travel Consultants and Clerks, Others"
4221.99,"Travel Consultants and Clerks ,"
4221.99,
4221.9900,
4221.9900,"Travel Consultants and Clerks ,"
4221.9900,"Travel Consultants and Clerks, Others"
4222.0101,Technical Support Executive – Non -Voice
4222.0101,Technical Support
4222.0101,Technical Support Executive -Non
4222.0102,Technical Support Executive – Voice
4222.0102,
4222.0102,
4222.0102,Technical Support Executive -Voice
4223.01,"Telephone Operator, Trunk"
4223.01,
4223.0100,"Telephone Operator, Trunk"
4223.0100,
4223.02,
4223.02,"Telephone Operator, Local"
4223.0200,
4223.0200,"Telephone Operator, Local"
4223.03,
4223.03,"Telephone Operator, PBX"
4223.0300,"Telephone Operator, PBX"
4223.0300,
4223.99,
4223.99,"Telephone Switchboard Operators, Other"
4223.99,"Telephone Switch Board Operators,"
4223.9900,"Telephone Switchboard Operators, Other"
4223.9900,"Telephone Switch Board Operators,"
4223.9900,
4224.01,Receptionist (Hotel) /Front Office
4224.01,Receptionist (Hotel)/Front Office Associate
4224.01,
4224.0100,
4224.0100,Receptionist (Hotel) /Front Office
4224.0100,Receptionist (Hotel)/Front Office Associate
4224.99,House Agent
4224.99,"Hotel Receptionists, Other"
4224.9900,"Hotel Receptionists, Other"
4224.9900,House Agent
4225.01,
4225.01,Complaint Attending
4225.01,Complaint Attending Clerk/Customer Service
4225.0100,Complaint Attending Clerk/Customer Service
4225.0100,Complaint Attending
4225.0100,
4225.99,"Inquiry Clerks , Other"
4225.99,"Inquiry Clerks, Other"
4225.99,
4225.9900,"Inquiry Clerks, Other"
4225.9900,
4225.9900,"Inquiry Clerks , Other"
4226.01,
4226.01,Reception Clerk /Front Desk
4226.01,Reception Clerk/Front Desk
4226.0100,Reception Clerk /Front Desk
4226.0100,Reception Clerk/Front Desk
4226.0100,
4226.0201,Showroom Hostess/
4226.0201,Showroom Hostess/Host
4226.0201,Shrimp Farmer
4311.0101,
4311.0101,Book Keeper General /Accounts
4311.0101,
4311.0101,Bookkeeper General/Accounts Executive
4311.02,Bank Clerk
4311.02,
4311.0200,
4311.0200,Bank Clerk
4311.03,
4311.03,Ledger Clerk
4311.0300,
4311.0300,Ledger Clerk
4311.0401,Accounts Executive (Accounts Payable &
4311.0401,Accounts
4311.0401,Accounts Executive (Accounts
4311.05,"Audit, Clerk"
4311.05,
4311.0500,
4311.0500,"Audit, Clerk"
4311.06,"Clerk, Cost Accounting"
4311.06,
4311.0600,
4311.0600,"Clerk, Cost Accounting"
4311.07,Bill and Accounts Collector
4311.07,
4311.0700,
4311.0700,Bill and Accounts Collector
4311.0801,Rubber Nursery Office Assistant
4311.0801,Rubber Nursery
4311.99,"Accounting and Bookkeeping Clerks, Others"
4311.99,
4311.99,Accounting and Bookkeeping
4311.9900,Accounting and Bookkeeping
4311.9900,"Accounting and Bookkeeping Clerks, Others"
4311.9900,
4312.01,Statistical Clerks
4312.01,
4312.0100,Statistical Clerks
4312.0100,
4312.99,"Statistical Finance and Insurance Clerks,"
4312.99,Statistical Finance and Insurance
4312.99,
4312.9900,"Statistical Finance and Insurance Clerks,"
4312.9900,Statistical Finance and Insurance
4312.9900,
4313.0101,Accounts Clerk/Accounts Executive
4313.0101,Accounts Clerk/Accounts Executive (Payroll)
4313.0101,
4313.0101,
4313.0201,Acid Concentrator
4313.0201,Accounts Executive (Statutory
4313.0201,Accounts Executive (Statutory Compliance)
4321.01,
4321.01,Store Keeper
4321.0100,
4321.0100,Store Keeper
4321.0101,Spare Parts Operations Executive
4321.0101,Spare Parts
4321.0102,Inventory Clerk
4321.0102,Inventory
4321.0103,Inventory
4321.0103,Inventory Manager
4321.0104,Storage Assistant
4321.0104,Store Distributor
4321.02,Store Distributor
4321.02,
4321.0200,Store Distributor
4321.0200,
4321.0301,
4321.0301,
4321.0301,Stock Verifier
4321.0302,Incoming QC
4321.0302,Incoming Inspection Technician
4321.0401,Manager Supplier
4321.0401,Manager -Stores Operation
4321.0401,Manager Stores Operation
4321.0402,Spare Parts Operations In  Charge
4321.0402,Spare Parts Operations In -Charge
4321.0402,Special Needs
4321.0501,Store Ops Assistant
4321.0501,Storyboard Artist
4321.0601,Warehouse Picker
4321.0601,Warehouse
4321.0602,Warehouse  Packer
4321.0602,Warehouse Binner
4321.0603,Warehouse Packer
4321.0603,Warehouse Picker
4321.0604,
4321.0604,
4321.0604,Kitting and Labelling Executive
4321.0701,Warranty Processor
4321.0701,Washer
4321.99,
4321.99,"Stock Clerks, Other"
4321.9900,"Stock Clerks, Other"
4321.9900,
4322.0101,Inventory Manager (Wholesal e)
4322.0101,Inventory Manager (Wholesale)
4322.0101,Issuing and Return
4322.0201,Junior Rubber Technician /Technical
4322.0201,Junior Rubber Technician/Technical
4322.0201,Junior Software
4323.01,
4323.01,"Yard Master, Railway"
4323.0100,"Yard Master, Railway"
4323.0100,
4323.02,Head Train Recorder
4323.02,
4323.0200,
4323.0200,Head Train Recorder
4323.03,
4323.03,"Traffic Regulator, Tram"
4323.0300,
4323.0300,"Traffic Regulator, Tram"
4323.04,
4323.04,"Controller, Tram"
4323.0400,
4323.0400,"Controller, Tram"
4323.05,"Traffic Timetable Inspector, Tram"
4323.05,
4323.05,"Traffic Time Table Inspector,  Tram"
4323.0500,
4323.0500,"Traffic Time Table Inspector,  Tram"
4323.0500,"Traffic Timetable Inspector, Tram"
4323.99,"Transport Clerks, Other"
4323.99,
4323.9900,
4323.9900,"Transport Clerks, Other"
4411.01,Library Clerk
4411.01,
4411.0100,Library Clerk
4411.0100,
4411.02,Braille and Talking Books Clerk
4411.02,
4411.0200,
4411.0200,Braille and Talking Books Clerk
4411.03,
4411.03,"Preservation Assistant, Archives"
4411.0300,
4411.0300,"Preservation Assistant, Archives"
4411.99,
4411.99,"Library Clerks, Other"
4411.9900,"Library Clerks, Other"
4411.9900,
4412.01,
4412.01,Mail Guard
4412.0100,
4412.0100,Mail Guard
4412.02,
4412.02,Postman
4412.0200,
4412.0200,Postman
4412.03,
4412.03,Village Postman
4412.0300,Village Postman
4412.0300,
4412.99,"Mail Carriers and Sorting Clerks,"
4412.99,"Mail Carriers and Sorting Clerks, Other"
4412.99,
4412.9900,"Mail Carriers and Sorting Clerks,"
4412.9900,
4412.9900,"Mail Carriers and Sorting Clerks, Other"
4413.01,
4413.01,Coding Clerk
4413.0100,
4413.0100,Coding Clerk
4413.02,
4413.02,Proof -Reader
4413.02,Proofreader
4413.0200,
4413.0200,Proof -Reader
4413.0200,Proofreader
4413.99,"Coding, Proof -Reading and Related"
4413.99,
4413.99,"Coding, Proofreading and Related Clerks,"
4413.9900,"Coding, Proofreading and Related Clerks,"
4413.9900,
4413.9900,"Coding, Proof -Reading and Related"
4414.01,
4414.01,"Braille Transcriber, Hand"
4414.0100,"Braille Transcriber, Hand"
4414.0100,
4414.99,
4414.99,"Scribes and Related Clerks, Other"
4414.9900,"Scribes and Related Clerks, Other"
4414.9900,
4416.0101,Associate – HRO
4416.0101,Associate -HRO
4419.01,Publicity Assistant
4419.01,
4419.0100,
4419.0100,Publicity Assistant
4419.0102,Business Correspondent
4419.0102,Business
4419.02,
4419.02,Patwari
4419.0200,
4419.0200,Patwari
4419.03,"Patrol, Irrigation"
4419.03,
4419.0300,
4419.0300,"Patrol, Irrigation"
4419.04,Bailiff
4419.04,
4419.0400,
4419.0400,Bailiff
4419.05,Office Boy/Peon
4419.05,
4419.0500,
4419.0500,Office Boy/Peon
4419.06,Daftry
4419.06,
4419.0600,Daftry
4419.0600,
4419.08,Process Server
4419.08,
4419.0800,Process Server
4419.0800,
4419.99,"Clerical Support Workers, Other"
4419.99,
4419.9900,
4419.9900,"Clerical Support Workers, Other"
4678.9123,Airline Pilot
5111.01,"Chief Steward, Ship/Chief Cook"
5111.01,
5111.0100,
5111.0100,"Chief Steward, Ship/Chief Cook"
5111.02,
5111.02,"Steward, Ship /Mess Man"
5111.02,"Steward, Ship/Mess Man"
5111.0200,"Steward, Ship/Mess Man"
5111.0200,
5111.0200,"Steward, Ship /Mess Man"
5111.03,
5111.03,Air Hostess
5111.0300,Air Hostess
5111.0300,
5111.04,
5111.04,Flight Steward
5111.0400,Flight Steward
5111.0400,
5111.05,
5111.05,Aircraft Cargo Handling Supervisor
5111.0500,
5111.0500,Aircraft Cargo Handling Supervisor
5111.06,Air Crew Member
5111.06,
5111.0600,Air Crew Member
5111.0600,
5111.99,
5111.99,Travel Attendants and Travel
5111.99,"Travel Attendants and Travel Stewards,"
5111.9900,Travel Attendants and Travel
5111.9900,
5111.9900,"Travel Attendants and Travel Stewards,"
5112.01,"Guard, Passenger Train"
5112.01,
5112.0100,"Guard, Passenger Train"
5112.0100,
5112.02,"Guard, Goods Train"
5112.02,
5112.0200,
5112.0200,"Guard, Goods Train"
5112.03,"Brakes  Man, Rai lway"
5112.03,"Brakesman, Railway"
5112.03,
5112.0300,"Brakes  Man, Rai lway"
5112.0300,
5112.0300,"Brakesman, Railway"
5112.04,"Conductor Guard, Railway"
5112.04,
5112.0400,"Conductor Guard, Railway"
5112.0400,
5112.05,"Ticket Collector, Railway"
5112.05,
5112.0500,
5112.0500,"Ticket Collector, Railway"
5112.06,"Travelling Ticket Examiner, Railway"
5112.06,
5112.0600,"Travelling Ticket Examiner, Railway"
5112.0600,
5112.07,"Ticket Examiner, Motor Transport"
5112.07,
5112.0700,
5112.0700,"Ticket Examiner, Motor Transport"
5112.08,"Passenger Guide, Railway"
5112.08,
5112.0800,"Passenger Guide, Railway"
5112.0800,
5112.09,"Conductor, Tram"
5112.09,
5112.0900,
5112.0900,"Conductor, Tram"
5112.1,Bus Conductor
5112.1,
5112.1000,
5112.1000,Bus Conductor
5112.99,"Transport Conductors, Other"
5112.99,
5112.99,"Transport Conductors , Other"
5112.9900,"Transport Conductors, Other"
5112.9900,"Transport Conductors , Other"
5112.9900,
5113.01,
5113.01,Travel Agent
5113.0100,Travel Agent
5113.0100,
5113.02,
5113.02,Tourist Guide
5113.0200,
5113.0200,Tourist Guide
5113.99,
5113.99,"Guides, Other"
5113.9900,"Guides, Other"
5113.9900,
5120.02,
5120.02,"Cook, Institutional"
5120.0200,
5120.0200,"Cook, Institutional"
5120.03,"Cook, Domestic"
5120.03,
5120.0300,
5120.0300,"Cook, Domestic"
5120.04,"Cook, Ship"
5120.04,
5120.0400,
5120.0400,"Cook, Ship"
5120.05,Kitchen Porter/Steward
5120.05,Kitchen Porter /Steward
5120.05,
5120.0500,Kitchen Porter/Steward
5120.0500,Kitchen Porter /Steward
5120.0500,
5120.06,Pantry Man
5120.06,
5120.0600,
5120.0600,Pantry Man
5120.99,"Cooks, Other"
5120.99,
5120.9900,
5120.9900,"Cooks, Other"
5131.01,
5131.01,Butler
5131.0100,Butler
5131.0100,
5131.02,"Steward, Hotel"
5131.02,
5131.0200,"Steward, Hotel"
5131.0200,
5131.03,"Bearer, Domestic /Household"
5131.03,
5131.03,"Bearer, Domestic/Household Workers"
5131.0300,"Bearer, Domestic/Household Workers"
5131.0300,"Bearer, Domestic /Household"
5131.0300,
5131.0401,
5131.0401,"Waiter, Institutional/Food and"
5131.0401,"Waiter, Institutional/Food & Beverage"
5131.0401,
5131.05,Wine Waiter
5131.05,
5131.0500,Wine Waiter
5131.0500,
5131.99,"Waiters, Other"
5131.99,
5131.9900,"Waiters, Other"
5131.9900,
5132.01,
5132.01,Barman
5132.0100,
5132.0100,Barman
5132.99,"Bartenders, Other"
5132.99,
5132.9900,"Bartenders, Other"
5132.9900,
5141.01,Hairdresser (Ladies)
5141.01,Hair Dresser (Ladies)
5141.01,
5141.0100,
5141.0100,Hairdresser (Ladies)
5141.0100,Hair Dresser (Ladies)
5141.02,
5141.0200,
5141.0201,Assistant Hair Stylist
5141.0201,Assistant  Hair Stylist
5141.0201,Assistant
5141.03,Barber
5141.03,
5141.0300,Barber
5141.0300,
5141.99,"Hairdressers, Other"
5141.99,Hammer Man
5141.9900,"Hairdressers, Other"
5141.9900,Hammer Man
5142.01,
5142.01,Beautician
5142.0100,
5142.0100,Beautician
5142.0101,Assistant Beautician
5142.0101,Assistant Casting
5142.02,Manicurist
5142.02,
5142.0200,Manicurist
5142.0200,
5142.0201,Peeling Machine
5142.0201,Pedicurist and Manicurist
5142.03,Skin Care Specialist
5142.03,
5142.03,Skincare Specialist
5142.0300,Skincare Specialist
5142.0300,Skin Care Specialist
5142.0300,
5142.04,Make -Up Man
5142.04,
5142.04,Make -Up-Man
5142.0400,
5142.0400,Make -Up Man
5142.0400,Make -Up-Man
5142.05,"Dresse r, Stage and Studio"
5142.05,
5142.05,"Dresser, Stage & Studio"
5142.0500,"Dresse r, Stage and Studio"
5142.0500,
5142.0500,"Dresser, Stage & Studio"
5142.06,
5142.06,Wig Man
5142.06,Wigman
5142.0600,
5142.0600,Wigman
5142.0600,Wig Man
5142.07,
5142.07,Bath Attendant
5142.0700,Bath Attendant
5142.0700,
5142.99,"Beauticians and Related Workers,"
5142.99,"Beauticians and Related Workers, Others"
5142.99,
5142.9900,"Beauticians and Related Workers, Others"
5142.9900,
5142.9900,"Beauticians and Related Workers,"
5151.0101,
5151.0101,
5151.0101,House Keeper
5151.0101,Housekeeper (Institutional)/Housekeeping
5151.0201,
5151.0201,
5151.0201,Janitor/Housekeeping Attendant
5151.0202,Room Attendant
5151.0202,Room Bearer/Bell
5151.03,
5151.03,House Stewards/Domestic Help
5151.03,House Stewards /Domestic Help
5151.0300,
5151.0300,House Stewards /Domestic Help
5151.0300,House Stewards/Domestic Help
5151.04,
5151.04,"Matron, House Keeping"
5151.04,"Matron, Housekeeping"
5151.0400,
5151.0400,"Matron, House Keeping"
5151.0400,"Matron, Housekeeping"
5151.05,
5151.05,Linen Keeper
5151.0500,
5151.0500,Linen Keeper
5151.06,Hotel and Restaurant Keeper/Hotel and
5151.06,
5151.06,Hotel and Restaurant Keeper /Hotel
5151.0600,Hotel and Restaurant Keeper /Hotel
5151.0600,Hotel and Restaurant Keeper/Hotel and
5151.0600,
5151.0701,"Supervisor, Front Office/Customer"
5151.0701,
5151.0701,
5151.0701,"Supervisor, Front Office/Customer Service"
5151.08,Room Bearer/Bell Boys/Bell Hop/Hotel
5151.08,Room Bearer /Bell Boys /Bell
5151.08,
5151.0800,Room Bearer/Bell Boys/Bell Hop/Hotel
5151.0800,Room Bearer /Bell Boys /Bell
5151.0800,
5151.99,Cleaning and Housekeeping Supervisors in
5151.99,
5151.99,Cleaning and Housekeeping
5151.9900,Cleaning and Housekeeping Supervisors in
5151.9900,
5151.9900,Cleaning and Housekeeping
5152.01,House Keeper (Domestic)
5152.01,Housekeeper (Domestic)
5152.01,
5152.0100,Housekeeper (Domestic)
5152.0100,House Keeper (Domestic)
5152.0100,
5152.99,Domestic IT
5152.99,"Domestic Housekeepers , Others"
5152.99,"Domestic Housekeepers, Others"
5152.9900,"Domestic Housekeepers , Others"
5152.9900,"Domestic Housekeepers, Others"
5152.9900,Domestic IT
5153.01,
5153.01,"Caretaker, Building"
5153.0100,"Caretaker, Building"
5153.0100,
5153.02,"Caretaker, Monument"
5153.02,
5153.0200,"Caretaker, Monument"
5153.0200,
5153.03,"Caretaker, Burial Places and Cremation"
5153.03,"Caretaker, Burial Places and"
5153.03,
5153.0300,"Caretaker, Burial Places and"
5153.0300,"Caretaker, Burial Places and Cremation"
5153.0300,
5153.99,
5153.99,"Building Caretakers, Other"
5153.9900,"Building Caretakers, Other"
5153.9900,
5161.01,
5161.01,Astrologer
5161.0100,
5161.0100,Astrologer
5161.02,
5161.02,Palmist
5161.0200,Palmist
5161.0200,
5161.99,"Astrologers, Fortune Tellers and"
5161.99,
5161.99,"Astrologers, Fortune Tellers and Related"
5161.9900,
5161.9900,"Astrologers, Fortune Tellers and Related"
5161.9900,"Astrologers, Fortune Tellers and"
5163.01,Undertaker
5163.01,
5163.0100,
5163.0100,Undertaker
5163.02,Embalmer
5163.02,
5163.0200,
5163.0200,Embalmer
5163.03,
5163.03,Grave Digger
5163.0300,
5163.0300,Grave Digger
5163.99,"Undertakers and Embalmers, Other"
5163.99,
5163.9900,
5163.9900,"Undertakers and Embalmers, Other"
5165.0101,Commission Agent
5165.0101,Commercial Vehicle Driver Trainer
5211.01,Advertising Sales Agent/Advertising
5211.01,Advertising Sales
5211.01,
5211.0100,
5211.0100,Advertising Sales
5211.0100,Advertising Sales Agent/Advertising
5211.02,
5211.02,Shop Attendant /Sales Assistant
5211.02,Shop Attendant/Sales Assistant
5211.0200,
5211.0200,Shop Attendant/Sales Assistant
5211.0200,Shop Attendant /Sales Assistant
5211.03,Telemarketing Sales
5211.03,Telemarketing Sales Person/Telemarketing
5211.03,
5211.0300,
5211.0300,Telemarketing Sales Person/Telemarketing
5211.0300,Telemarketing Sales
5211.0301,Sales Executive –
5211.0301,Sales Executive -Dealership
5211.0301,Sales Executive – Dealership
5211.0302,Occupational
5211.0302,Telecaller
5211.99,"Stall and Market Salespersons, Other"
5211.99,"Stall and Market Salespersons,"
5211.99,
5211.9900,"Stall and Market Salespersons, Other"
5211.9900,
5211.9900,"Stall and Market Salespersons,"
5212.01,Milkman
5212.01,
5212.0100,Milkman
5212.0100,
5212.99,
5212.99,"Street Food Vendors, Other/ Khomchawala,"
5212.99,"Street Food Vendors,"
5212.9900,
5212.9900,"Street Food Vendors,"
5212.9900,"Street Food Vendors, Other/ Khomchawala,"
5222.01,
5222.01,"Sales Supervisor, Wholesale Trade"
5222.0100,
5222.0100,"Sales Supervisor, Wholesale Trade"
5222.0101,Area Parts Manager (APM)
5222.0101,Area Sales Officer
5222.0101,Area Parts Manager  (APM)
5222.0201,
5222.0201,"Sales Supervisor, Retail Trade/CRM"
5222.0201,
5223.01,Shop Assistant
5223.01,
5223.0100,Shop Assistant
5223.0100,
5223.0101,Order
5223.0101,Order Processor
5223.0102,Jewellery Retail Sales Associate
5223.0102,"Jewellery,"
5223.0102,Jewellery Retail Sales Associate (Basic)
5223.0103,
5223.0103,
5223.0103,Jewellery Retail
5223.0103,Jewellery Retail Sales Associate (Advanced)
5223.0104,Plumbing Products Sales Assistant
5223.0104,Plumbing Products
5223.0105,"Trainer, Animal"
5223.0105,Trainee Associate
5241.01,
5241.01,"Model, Fashion"
5241.0100,
5241.0100,"Model, Fashion"
5241.02,
5241.02,Model
5241.0200,
5241.0200,Model
5241.99,
5241.99,"Fashion and Models, Other"
5241.9900,"Fashion and Models, Other"
5241.9900,
5242.0101,
5242.0101,
5242.0101,Technical Demonstrator
5242.0101,Technical Demonstrator (Sale)/Area
5242.0102,Sales Associate
5242.0102,Sales Consultant
5242.0201,Customer Care Executive (Relationship
5242.0201,Customer Care Executive
5242.0201,Customer Care
5242.0301,Customer Care Executive (Repair Centre)
5242.0301,Customer Care Executive (Repair
5242.0301,Customer
5242.0401,Instrument
5242.0401,In-Store Promoter
5242.0501,
5242.0501,Associate Network Engineer
5242.0501,
5242.0502,Associate Operations Engineer
5242.0502,Astrologer
5242.99,"Sales Demonstrators, Other"
5242.99,
5242.9900,"Sales Demonstrators, Other"
5242.9900,
5243.01,Newspaper Boy
5243.01,News Pap er Boy
5243.01,
5243.0100,News Pap er Boy
5243.0100,Newspaper Boy
5243.0100,
5243.02,Order Supplier /Supplier
5243.02,Order Supplier/Supplier
5243.02,
5243.0200,Order Supplier/Supplier
5243.0200,Order Supplier /Supplier
5243.0200,
5243.03,Home Delivery  Man
5243.03,
5243.03,Home Deliveryman
5243.0300,Home Delivery  Man
5243.0300,
5243.0300,Home Deliveryman
5243.0401,District and
5243.0401,Distributor Sales Representative
5243.0501,Field Service
5243.0501,Field Sales Executive (FSE)
5243.0502,Sales Executive (Broadband)
5243.0502,Sales Executive
5243.0502,Sales Executive  (Broadband)
5243.99,Door to Door and Telephone Sales
5243.99,
5243.99,"Door -to-Door and Telephone Sales Persons,"
5243.9900,"Door -to-Door and Telephone Sales Persons,"
5243.9900,Door to Door and Telephone Sales
5243.9900,
5244.01,"Operator, Call Centre"
5244.01,
5244.0100,
5244.0100,"Operator, Call Centre"
5244.0101,CRM Domestic Voice
5244.0101,"Crochet Worker,"
5244.0102,Associate -CRM
5244.0102,Associate – CRM
5244.0102,Associate –
5244.0103,Customer Relation Executive
5244.0103,Customer
5244.0201,CRM Domestic Non Voice
5244.0201,CRM Domestic Non -Voice
5244.0201,CRM Domestic
5244.0202,Associate Customer Care (Non
5244.0202,Associate Customer Care (Non -Voice)
5244.0202,Occupational
5244.0203,Colour Key Artist
5244.0203,Collections Executive
5244.0301,Customer Care Executive
5244.0301,Customer Care
5244.0302,Remote Helpdesk Technician
5244.0302,Rendering Artist
5244.0303,Customer Care Executive (Call Centre)
5244.0303,Customer Care Executive (Call
5244.0303,Customer Care
5245.0101,
5245.0101,Petrol Pump Salesman/Fuel Service
5245.0101,Petrol Pump Salesman/Fuel
5245.0101,
5249.0101,Key Accounts Sales
5249.0101,Key Account Service Manager
5249.02,"Salesman, Wholesale Trade"
5249.02,
5249.0200,"Salesman, Wholesale Trade"
5249.0200,
5249.0201,
5249.0201,Commercial Manager (Zonal/Regional)
5249.0201,Commercial Manager
5249.0201,
5249.0202,Commercial Executive/Officer
5249.0202,Commercial Executive /Officer
5249.0202,Commercial
5249.0301,
5249.0301,
5249.0301,"Salesman, Retail Trade"
5249.04,Wholesale Dealer
5249.04,
5249.0400,Wholesale Dealer
5249.0400,
5249.05,
5249.05,Retail Dealer
5249.0500,
5249.0500,Retail Dealer
5249.06,
5249.06,Selling Agent
5249.0600,Selling Agent
5249.0600,
5249.07,
5249.07,Stockist
5249.0700,Stockist
5249.0700,
5311.01,"Ayah, Institutional"
5311.01,
5311.0100,
5311.0100,"Ayah, Institutional"
5311.02,
5311.02,Child Car e Worker
5311.02,Child Care Worker
5311.0200,
5311.0200,Child Care Worker
5311.0200,Child Car e Worker
5311.03,Governess
5311.03,
5311.0300,Governess
5311.0300,
5311.04,
5311.04,"Ayah, Domestic"
5311.0400,"Ayah, Domestic"
5311.0400,
5311.99,
5311.99,"Child Care Workers, Other"
5311.9900,
5311.9900,"Child Care Workers, Other"
5322.0101,Home Health Aide
5322.0101,Home -Based
5322.99,"Home -Based Personal Care Workers, Other"
5322.99,
5322.99,Home Based Personal  Care
5322.9900,Home Based Personal  Care
5322.9900,
5322.9900,"Home -Based Personal Care Workers, Other"
5329.0101,General Duty Assistant
5329.0101,"General Manager,"
5411.01,Fire Fighter
5411.01,
5411.0100,Fire Fighter
5411.0100,
5411.99,"Fire Fighters, Other"
5411.99,
5411.9900,"Fire Fighters, Other"
5411.9900,
5412.01,Police Constable
5412.01,
5412.0100,
5412.0100,Police Constable
5412.02,"Sepoy, Customs"
5412.02,
5412.0200,
5412.0200,"Sepoy, Customs"
5412.03,"Constable, Excise"
5412.03,
5412.0300,
5412.0300,"Constable, Excise"
5412.99,"Police Officers, Other"
5412.99,
5412.9900,
5412.9900,"Police Officers, Other"
5413.01,
5413.01,"Warder, Jail"
5413.0100,
5413.0100,"Warder, Jail"
5413.99,
5413.99,"Prison Guards, Other"
5413.9900,"Prison Guards, Other"
5413.9900,
5414.0101,Security Officer
5414.0101,
5414.0101,
5414.0102,Assignment Manager
5414.0102,Assistant Bar
5414.0111,Security Supervisor
5414.0111,Seed
5414.0121,Cell Room
5414.0121,CCTV Supervisor
5414.0151,Armourer
5414.0151,Armed Security Guard
5414.0171,Personal Security Officer
5414.0171,Personnel and
5414.02,
5414.02,Home Guard
5414.0200,
5414.0200,Home Guard
5414.04,Watchman
5414.04,
5414.0400,
5414.0400,Watchman
5414.0501,
5414.0501,Gateman /Unarmed Security Guard
5414.0501,
5414.0501,Gateman/Unarmed Security Guard
5789.1234,Social Worker
6111.01,
6111.01,"Cultivator, General"
6111.0100,"Cultivator, General"
6111.0100,
6111.0101,Paediatric Dentist
6111.0101,Paddy Farmer
6111.02,
6111.02,"Cultivator, Crop"
6111.0200,"Cultivator, Crop"
6111.0200,
6111.0201,Wheat Cultivator
6111.0201,Wheel Grinder
6111.0301,Maize Cultivator
6111.0301,Maker (Pottery
6111.0401,Pulses Cultivator
6111.0401,Pulveriser
6111.0501,Spare Parts
6111.0501,Soybean Cultivator
6111.0601,Counsellor
6111.0601,Cotton Cultivator
6111.0701,Sugarcane Cultivator
6111.0701,Suitcase Maker
6111.08,"Cultivator, Fruit"
6111.08,
6111.0800,"Cultivator, Fruit"
6111.0800,
6111.0851,Coding Clerk
6111.0851,Coconut Grower
6111.0852,Front Sizer (Cotton
6111.0852,Friends of Coconut Tree
6111.0901,Banana Farmer
6111.0901,Band Builder (Tyre
6111.1001,Mango Grower
6111.1001,Manicurist
6111.1101,Occupational
6111.1101,Citrus Fruit Grower
6111.12,Viniculturist
6111.12,
6111.1200,Viniculturist
6111.1200,
6111.13,"Cultivator, Vegetables"
6111.13,
6111.1300,
6111.1300,"Cultivator, Vegetables"
6111.1401,Bulldozer
6111.1401,Bulb Crop Cultivator
6111.1501,Solanaceous  Crop Cultivator
6111.1501,Solar Energy
6111.1601,Tuber Crop Cultivator
6111.1601,Tuberculosis
6111.1801,"Chipperman,"
6111.1801,Chillies Cultivator
6111.1901,Coroner
6111.1901,Coriander Cultivator
6111.2,
6111.2,"Fieldman, Agriculture"
6111.2000,
6111.2000,"Fieldman, Agriculture"
6111.99,
6111.99,"Field Crop and Vegetable Growers, Other"
6111.9900,"Field Crop and Vegetable Growers, Other"
6111.9900,
6112.01,"Pruner, Tea Gardens"
6112.01,
6112.0100,
6112.0100,"Pruner, Tea Gardens"
6112.02,"Tapper, Palm Juice"
6112.02,
6112.0200,
6112.0200,"Tapper, Palm Juice"
6112.0201,Neera Technician
6112.0201,Net Maker
6112.03,"Tapper, Rubber"
6112.03,
6112.0300,
6112.0300,"Tapper, Rubber"
6112.04,
6112.04,Budder
6112.0400,Budder
6112.0400,
6112.0501,Tea Plantation Worker
6112.0501,Occupational
6112.0601,Coffee Plantation Worker
6112.0601,Coffee Roaster
6112.0701,Bamboo Grower
6112.0701,Occupational
6112.0801,Rubber Nursery
6112.0801,Rubber Nursery Worker – Budder
6112.0802,Rubber Nursery Worker – General
6112.0802,Rubber Stamp
6112.99,
6112.99,"Tree and Shrub Crop Growers, Other"
6112.9900,"Tree and Shrub Crop Growers, Other"
6112.9900,
6113.01,
6113.01,Planter
6113.0100,Planter
6113.0100,
6113.02,Nurseryman
6113.02,
6113.0200,
6113.0200,Nurseryman
6113.0301,
6113.0301,"Gardener, General"
6113.0301,
6113.04,Groundsman
6113.04,
6113.0400,
6113.0400,Groundsman
6113.0501,Grinder – Hand -
6113.0501,Greenhouse Fitter
6113.0601,Floriculturist –
6113.0601,Floriculturist – (Open Cultivation)
6113.0602,Flour Mill
6113.0602,Floriculturist – (Protected Cultivation)
6113.99,
6113.99,"Nursery Workers and Gardeners, Other"
6113.9900,"Nursery Workers and Gardeners, Other"
6113.9900,
6114.99,
6114.99,"Mixed Crop Growers, Other"
6114.9900,"Mixed Crop Growers, Other"
6114.9900,
6116.0101,Agriculture Extension Executive
6116.0101,Agriculture
6116.0102,Agriculture Field
6116.0102,Agriculture Extension Service Provider
6116.0112,Complaint
6116.0112,Community Service Provider
6121.01,"Farmer, Livestock"
6121.01,
6121.0100,"Farmer, Livestock"
6121.0100,
6121.0201,
6121.0201,"Farmer, Dairy/Dairy Farmer/Entrepreneur"
6121.0201,
6121.03,"Livestock Worker, General"
6121.03,
6121.0300,"Livestock Worker, General"
6121.0300,
6121.04,Herdsman
6121.04,
6121.0400,
6121.0400,Herdsman
6121.05,Livestock Workers/Other Livestock Workers
6121.05,
6121.0500,
6121.0500,Livestock Workers/Other Livestock Workers
6121.0601,
6121.0601,"Dairy Farm Worker, General/Dairy Worker"
6121.0601,
6121.07,Milker
6121.07,
6121.0700,Milker
6121.0700,
6121.08,"Milker, Machine"
6121.08,
6121.0800,
6121.0800,"Milker, Machine"
6121.1,
6121.1,Stableman
6121.1000,
6121.1000,Stableman
6121.11,
6121.11,Elephant Keeper
6121.1100,Elephant Keeper
6121.1100,
6121.12,"Shearer, Sheep"
6121.12,
6121.1200,
6121.1200,"Shearer, Sheep"
6121.13,
6121.13,"Shearer, Animal, Other/Shearer, Other"
6121.1300,
6121.1300,"Shearer, Animal, Other/Shearer, Other"
6121.14,
6121.14,Grass Cutter
6121.1400,Grass Cutter
6121.1400,
6121.99,
6121.99,"Dairy and Livestock Producers, Other"
6121.9900,
6121.9900,"Dairy and Livestock Producers, Other"
6122.0101,
6122.0101,
6122.0101,"Farmer, Poultry /Broiler Farm"
6122.0101,"Farmer, Poultry/Broiler Farm Supervisor"
6122.02,"Farmer, Poultry Breeding"
6122.02,
6122.0200,
6122.0200,"Farmer, Poultry Breeding"
6122.0301,"Poultry Farm Worker,"
6122.0301,
6122.0301,
6122.0301,"Poultry Farm Worker, General/Broiler Farm"
6122.0401,Hatchery Operator /Hatchery In
6122.0401,Hatchery Operator/Hatchery In -Charge
6122.0401,
6122.0401,
6122.99,"Poultry Farm Workers, Other"
6122.99,
6122.9900,"Poultry Farm Workers, Other"
6122.9900,
6123.0101,Bee-keeper
6123.0101,Beekeeper
6123.0101,
6123.0101,
6123.0201,
6123.0201,
6123.0201,"Rearer, Silkworm/ Sericulturist"
6123.0201,"Rearer, Silkworm /Sericulturist"
6123.99,
6123.99,"Apiarists and Sericulturists, Other"
6123.9900,
6123.9900,"Apiarists and Sericulturists, Other"
6129.01,
6129.01,"Farmer, Fur -Bearing Animals"
6129.0100,"Farmer, Fur -Bearing Animals"
6129.0100,
6129.02,
6129.02,Mixed Animal Producers
6129.0200,
6129.0200,Mixed Animal Producers
6129.99,
6129.99,"Animal Producers and Related Workers,"
6129.99,Animal Producers and Related
6129.9900,Animal Producers and Related
6129.9900,"Animal Producers and Related Workers,"
6129.9900,
6130.01,Artificial Breeding Technician
6130.01,
6130.0100,
6130.0100,Artificial Breeding Technician
6130.0201,
6130.0201,
6130.0201,Seed Grower/Quality Seed Grower
6130.0201,Seed Grower /Quality Seed Grower
6130.0202,Seed Processing Worker
6130.0202,Seismologist
6130.0202,Seed  Processing Worker
6130.99,
6130.99,"Mixed Crop and Animal Workers,"
6130.99,"Mixed Crop and Animal Workers, Other"
6130.9900,"Mixed Crop and Animal Workers, Other"
6130.9900,
6130.9900,"Mixed Crop and Animal Workers,"
6210.01,Forester
6210.01,
6210.0100,Forester
6210.0100,
6210.02,Forest Guard
6210.02,
6210.0200,
6210.0200,Forest Guard
6210.03,Forest Fire Watcher
6210.03,
6210.0300,Forest Fire Watcher
6210.0300,
6210.04,Foresters and Related Workers
6210.04,
6210.0400,Foresters and Related Workers
6210.0400,
6210.05,
6210.05,Gatherer Lac
6210.0500,Gatherer Lac
6210.0500,
6210.06,
6210.06,"Gatherer, Medicinal Herbs"
6210.0600,"Gatherer, Medicinal Herbs"
6210.0600,
6210.07,"Gatherer, Firewood"
6210.07,
6210.0700,
6210.0700,"Gatherer, Firewood"
6210.08,Cane Cutter
6210.08,
6210.0800,
6210.0800,Cane Cutter
6210.09,
6210.09,Thatch Cutter
6210.0900,Thatch Cutter
6210.0900,
6210.1,Log Feller
6210.1,
6210.1000,Log Feller
6210.1000,
6210.11,
6210.11,Wood Cutter
6210.1100,Wood Cutter
6210.1100,
6210.12,"Marker, Log"
6210.12,
6210.1200,"Marker, Log"
6210.1200,
6210.13,Sandal Wood Extractor
6210.13,Sandalwood Extractor
6210.13,
6210.1300,
6210.1300,Sandal Wood Extractor
6210.1300,Sandalwood Extractor
6210.14,
6210.14,"Estimator, Timber"
6210.1400,
6210.1400,"Estimator, Timber"
6210.15,
6210.15,"Sorter, Timber"
6210.1500,"Sorter, Timber"
6210.1500,
6210.16,Log Driver
6210.16,
6210.1600,
6210.1600,Log Driver
6210.17,"Charcoal Burner, Wood"
6210.17,
6210.1700,"Charcoal Burner, Wood"
6210.1700,
6210.18,"Digester Operator, Wood"
6210.18,
6210.1800,
6210.1800,"Digester Operator, Wood"
6210.19,
6210.19,"Distiller, Turpentine and Eucalyptus"
6210.1900,
6210.1900,"Distiller, Turpentine and Eucalyptus"
6210.2,
6210.2,Lac Treater
6210.2000,
6210.2000,Lac Treater
6210.99,
6210.99,"Forestry and Related Workers, Other"
6210.99,"Forestry and Related Workers,"
6210.9900,"Forestry and Related Workers, Other"
6210.9900,
6210.9900,"Forestry and Related Workers,"
6221.0101,Shunting Worker
6221.0101,Shrimp Farmer
6221.0102,
6221.0102,Haulage Engine
6221.0102,Hatchery Production Worker
6221.0102,
6222.01,"Fisherman, Inland Water"
6222.01,
6222.0100,
6222.0100,"Fisherman, Inland Water"
6222.02,
6222.02,"Fisherman, Estuaries, Coastal and"
6222.0200,"Fisherman, Estuaries, Coastal and"
6222.0200,
6222.99,
6222.99,"Inland and Coastal Water Fishery Workers,"
6222.99,Inland and Coastal Water Fishery
6222.9900,
6222.9900,Inland and Coastal Water Fishery
6222.9900,"Inland and Coastal Water Fishery Workers,"
6223.0101,"Fisherman, Deep Sea /Marine"
6223.0101,
6223.0101,
6223.0101,"Fisherman, Deep Sea/Marine Capture"
6223.99,
6223.99,"Deep Sea  Fishery Workers, Other"
6223.99,"Deep Sea Fishery Workers, Other"
6223.9900,
6223.9900,"Deep Sea Fishery Workers, Other"
6223.9900,"Deep Sea  Fishery Workers, Other"
6224.03,
6224.03,Trapper
6224.0300,
6224.0300,Trapper
6224.04,Tracker
6224.04,
6224.0400,Tracker
6224.0400,
6224.05,Fish Overseer
6224.05,
6224.0500,
6224.0500,Fish Overseer
6224.06,
6224.06,Fisheries Inspector
6224.0600,Fisheries Inspector
6224.0600,
6224.07,"Fieldman, Fish"
6224.07,
6224.07,"Field  Man, Fish"
6224.0700,"Fieldman, Fish"
6224.0700,
6224.0700,"Field  Man, Fish"
6224.08,
6224.08,Yard Officer
6224.0800,
6224.0800,Yard Officer
6224.09,
6224.09,Fish Hatcher
6224.0900,Fish Hatcher
6224.0900,
6224.1,
6224.1,Fish Curer
6224.1000,
6224.1000,Fish Curer
6224.11,
6224.11,Fish Meal Maker
6224.1100,Fish Meal Maker
6224.1100,
6224.12,Rock Pilot
6224.12,
6224.1200,Rock Pilot
6224.1200,
6224.13,
6224.13,Man Duck
6224.1300,Man Duck
6224.1300,
6224.14,
6224.14,Net Maker
6224.1400,Net Maker
6224.1400,
6224.99,
6224.99,"Hunters and Trappers, Other"
6224.9900,"Hunters and Trappers, Other"
6224.9900,
6310.01,
6310.01,Tree Trimmer and Pruner
6310.0100,
6310.0100,Tree Trimmer and Pruner
6310.99,
6310.99,"Subsistence Crop Farmers, Others"
6310.9900,"Subsistence Crop Farmers, Others"
6310.9900,
7111.01,Hut Maker
7111.01,
7111.0100,
7111.0100,Hut Maker
7111.02,Thatcher
7111.02,
7111.0200,Thatcher
7111.0200,
7111.99,"Builders, Traditional Materials,"
7111.99,
7111.99,"Builders, Traditional Materials, Other"
7111.9900,"Builders, Traditional Materials, Other"
7111.9900,"Builders, Traditional Materials,"
7111.9900,
7112.01,Stone Mason
7112.01,
7112.0100,
7112.0100,Stone Mason
7112.02,"Bricklayerer, Construction"
7112.02,
7112.02,"Bricklayer , Construction"
7112.0200,"Bricklayerer, Construction"
7112.0200,"Bricklayer , Construction"
7112.0200,
7112.0201,Plumbing Products
7112.0201,Plumbing Mason
7112.03,
7112.03,"Bricklayer, Refractory"
7112.0300,"Bricklayer, Refractory"
7112.0300,
7112.04,
7112.04,Paviour
7112.0400,
7112.0400,Paviour
7112.05,Tar Supervisor
7112.05,
7112.0500,Tar Supervisor
7112.0500,
7112.0601,Assistant Painter
7112.0601,Assistant Mason
7112.99,"Bricklayerers, Other"
7112.99,"Bricklayers , Other"
7112.99,
7112.9900,"Bricklayerers, Other"
7112.9900,"Bricklayers , Other"
7112.9900,
7113.02,
7113.02,"Stone Cutter, Hand"
7113.0200,
7113.0200,"Stone Cutter, Hand"
7113.03,
7113.03,"Stone Dresser, Hand"
7113.03,"Ston e Dresser, Hand"
7113.0300,"Ston e Dresser, Hand"
7113.0300,
7113.0300,"Stone Dresser, Hand"
7113.04,Stone Carver
7113.04,
7113.0400,
7113.0400,Stone Carver
7113.05,
7113.05,"Stone Polisher, Hand"
7113.0500,"Stone Polisher, Hand"
7113.0500,
7113.99,
7113.99,"Stone Splitters, Cutters and"
7113.99,"Stone Splitters, Cutters and Carvers, Other"
7113.9900,"Stone Splitters, Cutters and Carvers, Other"
7113.9900,"Stone Splitters, Cutters and"
7113.9900,
7114.01,Concrete Moulder
7114.01,
7114.0100,
7114.0100,Concrete Moulder
7114.02,
7114.02,Cement Finisher
7114.0200,Cement Finisher
7114.0200,
7114.99,
7114.99,"Concrete Placers, Concrete Finishers and"
7114.99,"Concrete Placers, Concrete"
7114.9900,"Concrete Placers, Concrete Finishers and"
7114.9900,
7114.9900,"Concrete Placers, Concrete"
7115.01,"Carpenter, Gener al"
7115.01,"Carpenter, General"
7115.01,
7115.0100,
7115.0100,"Carpenter, Gener al"
7115.0100,"Carpenter, General"
7115.02,"Carpenter, Construction"
7115.02,
7115.0200,
7115.0200,"Carpenter, Construction"
7115.0201,Associate –
7115.0201,Assistant Shuttering Carpenter
7115.0201,Assistant  Shuttering Carpenter
7115.03,"Carpenter, Structural"
7115.03,
7115.0300,"Carpenter, Structural"
7115.0300,
7115.04,"Carpenter, Village"
7115.04,
7115.0400,"Carpenter, Village"
7115.0400,
7115.05,"Joiner, Wood"
7115.05,
7115.0500,
7115.0500,"Joiner, Wood"
7115.06,
7115.06,"Lofts  Man, Ship Building"
7115.06,"Loftsman, Ship Building"
7115.0600,
7115.0600,"Lofts  Man, Ship Building"
7115.0600,"Loftsman, Ship Building"
7115.07,
7115.07,Shipwright
7115.0700,
7115.0700,Shipwright
7115.08,
7115.08,"Lascar Stager, Ship Building"
7115.0800,
7115.0800,"Lascar Stager, Ship Building"
7115.11,"Carpenter Worker , Boat Building"
7115.11,
7115.1100,
7115.1100,"Carpenter Worker , Boat Building"
7115.12,"Carpenter, Boat Building"
7115.12,
7115.1200,
7115.1200,"Carpenter, Boat Building"
7115.13,"Caulker, Boat Building"
7115.13,
7115.1300,"Caulker, Boat Building"
7115.1300,
7115.99,"Carpenters and Joiners Operatives,"
7115.99,"Carpenters and Joiners Operatives, Other"
7115.99,
7115.9900,
7115.9900,"Carpenters and Joiners Operatives,"
7115.9900,"Carpenters and Joiners Operatives, Other"
7119.01,
7119.01,Well Digger
7119.0100,Well Digger
7119.0100,
7119.02,
7119.02,White Washer
7119.0200,White Washer
7119.0200,
7119.0301,Assistant Scaffolder
7119.0301,
7119.0301,
7119.99,Building Frame and Related Trades
7119.99,
7119.9900,Building Frame and Related Trades
7119.9900,
7121.01,
7121.01,"Tile Layer, Roof"
7121.0100,"Tile Layer, Roof"
7121.0100,
7121.99,"Roofers, Other"
7121.99,
7121.9900,
7121.9900,"Roofers, Other"
7122.01,Tile Setter
7122.01,
7122.0100,
7122.0100,Tile Setter
7122.02,Concrete Mixer (Mosaic Tile)
7122.02,
7122.0200,
7122.0200,Concrete Mixer (Mosaic Tile)
7122.03,Tile Presser (Mosaic)
7122.03,
7122.0300,
7122.0300,Tile Presser (Mosaic)
7122.04,Planer (Mosaic Tile)
7122.04,
7122.0400,Planer (Mosaic Tile)
7122.0400,
7122.05,Mosaic Layer
7122.05,
7122.0500,
7122.0500,Mosaic Layer
7122.06,Parquetry Floor Layer
7122.06,
7122.0600,
7122.0600,Parquetry Floor Layer
7122.99,
7122.99,"Floor Layers and Tile Setters, Other"
7122.9900,"Floor Layers and Tile Setters, Other"
7122.9900,
7123.01,
7123.01,Plasterer
7123.0100,
7123.0100,Plasterer
7123.99,
7123.99,"Plasterers, Other"
7123.9900,"Plasterers, Other"
7123.9900,
7124.01,"Building Insulator, Hand"
7124.01,
7124.0100,
7124.0100,"Building Insulator, Hand"
7124.02,Acoustical Insulator
7124.02,
7124.0200,Acoustical Insulator
7124.0200,
7124.03,
7124.03,"Insulator, Boilers and Pipes"
7124.0300,
7124.0300,"Insulator, Boilers and Pipes"
7124.04,
7124.04,"Insulator, Refrigeration and Air"
7124.04,"Insulator, Refrigeration and Air -"
7124.0400,"Insulator, Refrigeration and Air -"
7124.0400,
7124.0400,"Insulator, Refrigeration and Air"
7124.99,
7124.99,"Insulation Workers, Other"
7124.9900,"Insulation Workers, Other"
7124.9900,
7125.01,Glazier (Construction)
7125.01,"Glazier, (Construction)"
7125.01,
7125.0100,
7125.0100,Glazier (Construction)
7125.0100,"Glazier, (Construction)"
7125.02,"Glazier, Vehicle"
7125.02,
7125.0200,
7125.0200,"Glazier, Vehicle"
7125.03,Picture Framer
7125.03,
7125.0300,
7125.0300,Picture Framer
7125.99,"Glaziers, Other"
7125.99,
7125.9900,
7125.9900,"Glaziers, Other"
7126.0101,
7126.0101,
7126.0101,"Plumber, General"
7126.0102,"Plumber, Operations"
7126.0102,Plumbers and Pipe
7126.0103,"Plumber, General – Installation and Repair"
7126.0103,"Plumber, General"
7126.0103,"Plumber, General -Installation and"
7126.0104,"Plumber,"
7126.0104,"Plumber, General Helper"
7126.0105,"Plumber, General Assistant"
7126.0105,"Plumber, General"
7126.0106,"Plumber, Maintenance and Servicing"
7126.0106,"Plumber,"
7126.0106,"Plumber, Mainten ance and"
7126.0107,"Plumber, Maintenance and Servicing"
7126.0107,"Plumber,"
7126.0107,"Plumber, Maintenance and"
7126.0201,
7126.0201,Pipe Layer/Plumber Pipeline
7126.0201,
7126.0301,Pipe Fitter
7126.0301,
7126.0301,
7126.04,Straightening Machine Operator
7126.04,
7126.04,Straightening Machine Operator (Iron &
7126.0400,Straightening Machine Operator (Iron &
7126.0400,Straightening Machine Operator
7126.0400,
7126.05,"Puncher, Metal"
7126.05,
7126.0500,"Puncher, Metal"
7126.0500,
7126.06,Pneumatic Chipper
7126.06,
7126.0600,
7126.0600,Pneumatic Chipper
7126.99,
7126.99,"Plumbers and Pipe Fitters, Other"
7126.9900,
7126.9900,"Plumbers and Pipe Fitters, Other"
7127.01,"Mechanic, Refrigeration and Air -"
7127.01,"Mechanic, Refrigeration and Air"
7127.01,
7127.0100,"Mechanic, Refrigeration and Air -"
7127.0100,"Mechanic, Refrigeration and Air"
7127.0100,
7131.01,"Painter, Building"
7131.01,
7131.0100,
7131.0100,"Painter, Building"
7131.0101,Assistant Painter and Decorator
7131.0101,Assistant
7131.02,"Painter, Steel Structure"
7131.02,
7131.0200,
7131.0200,"Painter, Steel Structure"
7131.03,"Painter, Industrial"
7131.03,
7131.0300,
7131.0300,"Painter, Industrial"
7131.05,
7131.05,Paper Hanger/Wallpaper Fixer/Decorator
7131.05,Paper Hanger /Wallpaper
7131.0500,Paper Hanger/Wallpaper Fixer/Decorator
7131.0500,Paper Hanger /Wallpaper
7131.0500,
7131.99,
7131.99,"Painters and Related Workers, Other"
7131.99,"Painters and Related Workers,"
7131.9900,"Painters and Related Workers, Other"
7131.9900,
7131.9900,"Painters and Related Workers,"
7132.01,"Painter, General"
7132.01,
7132.0100,"Painter, General"
7132.0100,
7132.0201,"Painter, Spray/Painting Technician (Spray"
7132.0201,
7132.0201,
7132.0201,"Painter, Spray/Painting Technician"
7132.0202,Auto Spray Painter/Painter
7132.0202,Autoclave
7132.0202,Auto Spray Painter /Painter
7132.0203,Auto Body
7132.0203,Auto Body Painting Technician –
7132.0203,Auto Body Painting Technician – Surface
7132.0204,Automotive Body
7132.0204,Automotive Body Painting Technician
7132.0204,Automotive Body Painting
7132.0205,Auto Spray Painter Assistant/Painter
7132.0205,Auto Spray
7132.0205,Auto Spray Painter
7132.03,Metal Sprayer
7132.03,
7132.0300,Metal Sprayer
7132.0300,
7132.04,"Painter, Sign and Letter"
7132.04,
7132.0400,
7132.0400,"Painter, Sign and Letter"
7132.05,"Painter, Brush"
7132.05,
7132.0500,
7132.0500,"Painter, Brush"
7132.06,"Painter, Wood Work and Furniture"
7132.06,
7132.0600,"Painter, Wood Work and Furniture"
7132.0600,
7132.07,"Painter, Glass"
7132.07,
7132.0700,
7132.0700,"Painter, Glass"
7132.09,
7132.09,"Painter, Mate"
7132.0900,"Painter, Mate"
7132.0900,
7132.0901,Auto -Tester
7132.0901,Automotive Paint Shop Assistant
7132.99,"Varnishers and Related Workers,"
7132.99,"Varnishers and Related Workers, Other"
7132.99,
7132.9900,"Varnishers and Related Workers, Other"
7132.9900,"Varnishers and Related Workers,"
7132.9900,
7211.01,
7211.01,"Moulder, General"
7211.0100,
7211.0100,"Moulder, General"
7211.0101,Press Shop Shift
7211.0101,Press Shop Operator
7211.0102,Press Shop Assistant/Helper
7211.0102,Press Shop Assistant /Helper
7211.0102,Press Shop
7211.02,
7211.02,"Moulder, Machine"
7211.0200,"Moulder, Machine"
7211.0200,
7211.0201,"Caulker, Boat"
7211.0201,Casting Technician – Sand Moulding
7211.0201,Casting Technician -Sand Moulding
7211.03,
7211.03,"Moulder, Vertical Pipe"
7211.0300,"Moulder, Vertical Pipe"
7211.0300,
7211.04,
7211.04,"Rammer, Vertical Pipe Moulding"
7211.0400,"Rammer, Vertical Pipe Moulding"
7211.0400,
7211.05,
7211.05,"Core Maker, Moulding (Hand)"
7211.0500,"Core Maker, Moulding (Hand)"
7211.0500,
7211.06,"Core Maker, Vertical Pipe"
7211.06,
7211.0600,
7211.0600,"Core Maker, Vertical Pipe"
7211.99,"Metal Moulders and Core Mak ers,"
7211.99,"Metal Moulders and Core Makers, Other"
7211.99,
7211.9900,
7211.9900,"Metal Moulders and Core Makers, Other"
7211.9900,"Metal Moulders and Core Mak ers,"
7212.01,
7212.01,"Welder, Gas"
7212.0100,
7212.0100,"Welder, Gas"
7212.0101,Plumber (Welder)/Plumbing
7212.0101,Plumber (Welder)/Plumbing (Sanitary
7212.0101,Occupational
7212.0102,Plumber (Welder) Assistant
7212.0102,Plumber
7212.0105,"Turbine Operator,"
7212.0105,Iron and Steel (Tungsten Inert Gas
7212.0105,Tungsten Inert Gas Welder
7212.0111,Repair Welder
7212.0111,"Repairer,"
7212.02,
7212.02,"Welder, Electric"
7212.0200,"Welder, Electric"
7212.0200,
7212.03,"Welder, Machine"
7212.03,
7212.0300,"Welder, Machine"
7212.0300,
7212.0301,Welder
7212.0301,"Welder, Electric"
7212.0302,Welding Technician
7212.0302,Well Digger
7212.0303,Gas Storage
7212.0303,Gas Metal Arc Welder/Metal Inert
7212.04,Gas Cutter
7212.04,
7212.0400,Gas Cutter
7212.0400,
7212.0402,Plasterer
7212.0402,Plasma Cutter – Manual
7212.0402,Iron and Steel Plasma Cutter -
7212.05,Brazer
7212.05,
7212.0500,
7212.0500,Brazer
7212.0501,Soldering and Brazing Operator
7212.0501,"Sole Leveller,"
7212.06,Lead Burner
7212.06,
7212.0600,Lead Burner
7212.0600,
7212.07,"Welder, Resistance"
7212.07,
7212.0700,"Welder, Resistance"
7212.0700,
7212.0801,Welding Assistant
7212.0801,Welding Machine
7212.99,
7212.99,"Welders and Flame Cutters, Other"
7212.9900,
7212.9900,"Welders and Flame Cutters, Other"
7213.0101,
7213.0101,"Sheet Metal Worker,"
7213.0101,
7213.0101,"Sheet Metal Worker, General/Sheet Metal"
7213.02,"Sheet Metal Worker, S tructural"
7213.02,"Sheet Metal Worker, Structural"
7213.0200,"Sheet Metal Worker, Structural"
7213.0200,"Sheet Metal Worker, S tructural"
7213.0201,Auto Service
7213.0201,Auto Engine Repair Technician
7213.0301,
7213.0301,Dent Remover/Auto Body Repair
7213.0301,
7213.0302,Auto Body Technician/Denter
7213.0302,Auto Bruter
7213.04,Tinsmith /Whitesmith
7213.04,
7213.04,Tinsmith/Whitesmith
7213.0400,
7213.0400,Tinsmith /Whitesmith
7213.0400,Tinsmith/Whitesmith
7213.05,
7213.05,Tin Coater
7213.0500,
7213.0500,Tin Coater
7213.06,Machine Feeder and Off -Bearer
7213.06,Machine Feeder and Off bearer
7213.06,
7213.0600,Machine Feeder and Off -Bearer
7213.0600,
7213.0600,Machine Feeder and Off bearer
7213.99,
7213.99,"Sheet Metal Workers, Other"
7213.9900,
7213.9900,"Sheet Metal Workers, Other"
7214.03,
7214.03,Boiler Fitter
7214.0300,Boiler Fitter
7214.0300,
7214.04,"Tubesmith, Boiler"
7214.04,
7214.0400,
7214.0400,"Tubesmith, Boiler"
7214.05,Boiler Maker
7214.05,
7214.0500,Boiler Maker
7214.0500,
7214.06,
7214.06,"Erector, Structural"
7214.0600,
7214.0600,"Erector, Structural"
7214.07,"Fitter, Structura l"
7214.07,"Fitter, Structural"
7214.07,
7214.0700,
7214.0700,"Fitter, Structura l"
7214.0700,"Fitter, Structural"
7214.08,"Fitter, Const ruction"
7214.08,"Fitter, Construction"
7214.08,
7214.0800,"Fitter, Const ruction"
7214.0800,
7214.0800,"Fitter, Construction"
7214.09,Riveter
7214.09,
7214.0900,
7214.0900,Riveter
7214.1,Riveter (Railroad Equipment)
7214.1,
7214.1000,
7214.1000,Riveter (Railroad Equipment)
7214.1101,Assistant  Bar Bender and Fixer
7214.1101,Assistant
7214.1101,Assistant Bar Bender and Fixer
7214.99,
7214.99,Structural Metal Prepares and
7214.99,"Structural Metal Prepares and Erectors,"
7214.9900,
7214.9900,"Structural Metal Prepares and Erectors,"
7214.9900,Structural Metal Prepares and
7215.01,Rigger
7215.01,
7215.0100,Rigger
7215.0100,
7215.0101,Riggers and Cable
7215.0101,Rigger: Rigging of Heavy Material
7215.02,
7215.02,Slinger
7215.0200,Slinger
7215.0200,
7215.03,
7215.03,Splicer (Rope and Cables)
7215.0300,
7215.0300,Splicer (Rope and Cables)
7215.99,
7215.99,"Riggers and Cable Splicers, Other"
7215.9900,
7215.9900,"Riggers and Cable Splicers, Other"
7221.01,Blac ksmith
7221.01,
7221.01,Blacksmith
7221.0100,Blacksmith
7221.0100,Blac ksmith
7221.0100,
7221.02,Village Blacksmith
7221.02,
7221.0200,
7221.0200,Village Blacksmith
7221.03,Power Hammer Operator
7221.03,
7221.0300,Power Hammer Operator
7221.0300,
7221.0301,Forging Operator
7221.0301,Forging Shop Shift
7221.04,Hammer Man
7221.04,
7221.0400,Hammer Man
7221.0400,
7221.05,
7221.05,Stamper /Forging Operator
7221.05,Stamper/Forging Operator
7221.0500,Stamper /Forging Operator
7221.0500,Stamper/Forging Operator
7221.0500,
7221.06,
7221.06,Farrier
7221.0600,Farrier
7221.0600,
7221.07,Wire Drawer /Wire Drawing
7221.07,
7221.07,Wire Drawer/Wire Drawing Machine
7221.0700,Wire Drawer /Wire Drawing
7221.0700,Wire Drawer/Wire Drawing Machine
7221.0700,
7221.08,Metal Spinner /Metal spinning
7221.08,Metal Spinner/Metal spinning Machine
7221.08,
7221.0800,
7221.0800,Metal Spinner /Metal spinning
7221.0800,Metal Spinner/Metal spinning Machine
7221.99,
7221.99,"Blacksmiths, Hammersmiths and"
7221.99,"Blacksmiths, Hammersmith and Forging"
7221.9900,"Blacksmiths, Hammersmith and Forging"
7221.9900,"Blacksmiths, Hammersmiths and"
7221.9900,
7222.01,"Marker, Metal"
7222.01,
7222.01,Welder
7222.0100,"Marker, Metal"
7222.0100,
7222.02,Tool Maker
7222.02,
7222.0200,Tool Maker
7222.0200,
7222.03,
7222.03,Jig and Fixture Marker
7222.0300,
7222.0300,Jig and Fixture Marker
7222.04,
7222.04,Jig Borer
7222.0400,
7222.0400,Jig Borer
7222.05,Die Maker
7222.05,
7222.0500,
7222.0500,Die Maker
7222.06,
7222.06,"Die Sinker, Hand"
7222.0600,
7222.0600,"Die Sinker, Hand"
7222.07,Locksmith
7222.07,
7222.0700,
7222.0700,Locksmith
7222.08,
7222.08,"Pattern Marker, Metal Foundry"
7222.08,"Pattern Marker, Metal  Foundry"
7222.0800,"Pattern Marker, Metal Foundry"
7222.0800,
7222.0800,"Pattern Marker, Metal  Foundry"
7222.09,Armourer
7222.09,
7222.0900,Armourer
7222.0900,
7222.99,"Tool Makers and Related Workers, Other"
7222.99,
7222.99,"Tool Makers and Related Workers,"
7222.9900,"Tool Makers and Related Workers, Other"
7222.9900,"Tool Makers and Related Workers,"
7222.9900,
7223.01,
7223.01,"Tool Setter, General"
7223.0100,"Tool Setter, General"
7223.0100,
7223.02,"Tool Setter, Press"
7223.02,
7223.0200,
7223.0200,"Tool Setter, Press"
7223.03,
7223.03,"Setter, Drop Forging Machine"
7223.0300,"Setter, Drop Forging Machine"
7223.0300,
7223.04,"Setter, Automatic Machine"
7223.04,
7223.0400,
7223.0400,"Setter, Automatic Machine"
7223.0401,Assembly Line
7223.0401,Assembly Line Machine Setter
7223.05,
7223.05,"Mechanist, General/Machinist"
7223.0500,
7223.0500,"Mechanist, General/Machinist"
7223.0501,Machine Shop Master Technician/Setter
7223.0501,Machine Shop Master
7223.0501,Machine Shop
7223.0502,Machine Shop Supervisor
7223.0502,"Machineman,"
7223.0601,
7223.0601,Turner/Conventional Turning
7223.0601,
7223.07,Turret and Capstan Lathe Operator
7223.07,
7223.0700,
7223.0700,Turret and Capstan Lathe Operator
7223.0701,Lathe Machinist
7223.0701,Lattice Pegger
7223.08,Shaper
7223.08,
7223.0800,Shaper
7223.0800,
7223.09,Planer
7223.09,
7223.0900,
7223.0900,Planer
7223.1,"Planer, Edge"
7223.1,
7223.1000,
7223.1000,"Planer, Edge"
7223.11,Slotter
7223.11,
7223.1100,Slotter
7223.1100,
7223.1201,Miller/Operator –Conventional
7223.1201,
7223.1201,Miller/Operator – Conventional Milling
7223.1201,
7223.13,Gear Cutter
7223.13,
7223.1300,
7223.1300,Gear Cutter
7223.14,
7223.14,Heavy Duty End Mill Operator
7223.1400,
7223.1400,Heavy Duty End Mill Operator
7223.15,"Driller Metal, General"
7223.15,
7223.1500,"Driller Metal, General"
7223.1500,
7223.16,
7223.16,Radial Driller
7223.1600,
7223.1600,Radial Driller
7223.1701,Borer /Operator Boring Machine
7223.1701,
7223.1701,Borer/Operator Boring Machine Operator
7223.1701,
7223.18,Cylinder Borer
7223.18,
7223.1800,Cylinder Borer
7223.1800,
7223.19,
7223.19,Rifling Machine Operator
7223.1900,
7223.1900,Rifling Machine Operator
7223.2,Bending -Machine Operator
7223.2,
7223.2,Bending Machine Operator
7223.2000,Bending Machine Operator
7223.2000,
7223.2000,Bending -Machine Operator
7223.21,
7223.21,Glazer
7223.2100,
7223.2100,Glazer
7223.22,
7223.22,"Grinder, Tool and Cutter"
7223.2200,"Grinder, Tool and Cutter"
7223.2200,
7223.23,
7223.23,"Power Press Operator, Metal"
7223.2300,
7223.2300,"Power Press Operator, Metal"
7223.24,Sheet Metal Machine Operator
7223.24,
7223.2400,
7223.2400,Sheet Metal Machine Operator
7223.25,
7223.25,Ball Filling Machine Operator
7223.2500,
7223.2500,Ball Filling Machine Operator
7223.26,
7223.26,Ball Lapping Machine Operator
7223.2600,Ball Lapping Machine Operator
7223.2600,
7223.27,
7223.27,Dividing Machine Operator
7223.2700,Dividing Machine Operator
7223.2700,
7223.28,Die Copying Machine Operator /Die
7223.28,Die Copying Machine Operator/Die Sinking
7223.28,
7223.2800,Die Copying Machine Operator /Die
7223.2800,
7223.2800,Die Copying Machine Operator/Die Sinking
7223.29,
7223.29,Profiling Machine Operator
7223.2900,
7223.2900,Profiling Machine Operator
7223.3,
7223.3,Metal Stamper
7223.3000,
7223.3000,Metal Stamper
7223.5001,Machinist
7223.5001,Machining Technician/CNC Operator
7223.5001,Machin ing Technician/CNC
7223.5002,CNC Operator –
7223.5002,CNC Operator – Machining Technician
7223.5002,CNC Operator -Machining
7223.5003,CNC Operator -Machinist
7223.5003,CNC Operator – Machinist
7223.5003,CNC Operator –
7223.5004,CNC Operator -Vertical Machining
7223.5004,CNC Operator - Vertical Machining Centre
7223.5004,CNC Programmer
7223.5005,CNC Setter -cum -Operator – Vertical
7223.5005,"Coach Builder,"
7223.5005,CNC Setter cum Operat or-Vertical
7223.6001,CNC Setter -cum -Operator – Turning
7223.6001,CNC Setter -cum -
7223.6001,CNC Setter cum Operator -Turning
7223.6002,CNC Operator – Turning
7223.6002,CNC Operator -Turning
7223.6002,CNC Operator -
7223.6003,CNC Setter -cum -
7223.6003,CNC Programmer
7223.99,Metal Working Machine Tool
7223.99,
7223.99,Metal Working Machine Tool Setters and
7223.9900,
7223.9900,Metal Working Machine Tool
7223.9900,Metal Working Machine Tool Setters and
7224.01,
7224.01,"Grinder, General"
7224.0100,
7224.0100,"Grinder, General"
7224.0102,Fitter -Fabrication
7224.0102,
7224.0102,Fitter – Fabrication
7224.0102,
7224.02,"Grinder, Crankshaft"
7224.02,
7224.0200,"Grinder, Crankshaft"
7224.0200,
7224.03,
7224.03,Roll Grinder
7224.0300,
7224.0300,Roll Grinder
7224.04,Surface Grinder
7224.04,
7224.0400,Surface Grinder
7224.0400,
7224.0401,Grinder (Stone
7224.0401,Grinder – Hand held and Power
7224.0401,Grinder – Hand -Held and Power Tools
7224.0402,Operator -Conventional Surface
7224.0402,"Operator, Call"
7224.0402,Operator – Conventional Surface Grinding
7224.05,
7224.05,Thread Grinder
7224.0500,Thread Grinder
7224.0500,
7224.06,
7224.06,Honer /Honing Machine Operator
7224.06,Honer/Honing Machine Operator
7224.0600,
7224.0600,Honer /Honing Machine Operator
7224.0600,Honer/Honing Machine Operator
7224.07,Lapper
7224.07,
7224.0700,Lapper
7224.0700,
7224.0701,Supervisor and
7224.0701,Super Finishing Technician
7224.0801,
7224.0801,
7224.0801,Polisher
7224.09,
7224.09,"Saw Grinder, Hand"
7224.0900,"Saw Grinder, Hand"
7224.0900,
7224.11,
7224.11,Metal Bluer
7224.1100,Metal Bluer
7224.1100,
7224.99,"Metal Wheel Grinder, Polishing and"
7224.99,
7224.99,"Metal Wheel Grinder, Polishing and Tool"
7224.9900,"Metal Wheel Grinder, Polishing and Tool"
7224.9900,"Metal Wheel Grinder, Polishing and"
7224.9900,
7231.01,"Mechanic, Automobile"
7231.01,
7231.0100,"Mechanic, Automobile"
7231.0100,
7231.0101,Maintenance Technician – Service
7231.0101,Maintenance Technician -Service
7231.0101,Maintenance
7231.0102,Access Controls
7231.0102,AC Specialist
7231.0103,Automotive Body Technician Level
7231.0103,Automotive Body
7231.0104,Automotive Body Technician Level
7231.0104,Automotive
7231.0105,Brake Specialist
7231.0105,"Braker, Passenger"
7231.0106,Clutch Specialist
7231.0106,
7231.0106,CNC Operator –
7231.0106,
7231.0107,Auto Service Technician -Mechanic
7231.0107,Auto Service
7231.0107,Auto Service Technician – Mechanic
7231.0108,Auto Service
7231.0108,Auto Service Technician – Helper
7231.0108,Auto Service Technician -Helper
7231.02,
7231.02,Engine Tester
7231.0200,Engine Tester
7231.0200,
7231.0201,Tester
7231.0201,Test Technician
7231.03,
7231.03,Tractor Mechanic
7231.0300,
7231.0300,Tractor Mechanic
7231.04,Fitter Automobile
7231.04,
7231.0400,Fitter Automobile
7231.0400,
7231.0401,Mechanic
7231.0401,Mechanic Fitter
7231.05,
7231.05,"Mechanic, Motor Cycle"
7231.0500,"Mechanic, Motor Cycle"
7231.0500,
7231.0501,Auto S ervice Technician (Two and
7231.0501,Auto Service Technician (Two and Three
7231.0501,Auto Spray Painter
7231.09,Cleaner Motor Vehicle
7231.09,
7231.0900,
7231.0900,Cleaner Motor Vehicle
7231.99,
7231.99,"Motor Ve hicle Mechanics, Other"
7231.99,"Motor Vehicle Mechanics, Other"
7231.9900,"Motor Ve hicle Mechanics, Other"
7231.9900,"Motor Vehicle Mechanics, Other"
7231.9900,
7232.01,
7232.01,Airframe Erector
7232.01,Airframe Erecto r
7232.0100,
7232.0100,Airframe Erector
7232.0100,Airframe Erecto r
7232.02,
7232.02,"Mechanic Aircraft, Propeller"
7232.0200,"Mechanic Aircraft, Propeller"
7232.0200,
7232.03,"Engine Tester, Aircraft"
7232.03,
7232.0300,"Engine Tester, Aircraft"
7232.0300,
7232.04,"Engine Tester, Helper, Aircraft"
7232.04,
7232.0400,"Engine Tester, Helper, Aircraft"
7232.0400,
7232.05,"Mechanic Aircraft Engine, Field"
7232.05,
7232.0500,
7232.0500,"Mechanic Aircraft Engine, Field"
7232.06,
7232.06,"Mechanic Aircraft, Engine Overhauling"
7232.06,"Mechanic Aircraft, Engine"
7232.0600,"Mechanic Aircraft, Engine Overhauling"
7232.0600,
7232.0600,"Mechanic Aircraft, Engine"
7232.99,
7232.99,"Aircraft Mechanics, Other"
7232.9900,"Aircraft Mechanics, Other"
7232.9900,
7233.01,"Fitter, General"
7233.01,
7233.0100,"Fitter, General"
7233.0100,
7233.0101,Maintenance Fitter -Mechanical
7233.0101,Maintenance
7233.0101,Maintenance Fitter – Mechanical
7233.0102,Machinist
7233.0102,Magician
7233.0102,Iron and Steel -Machinist
7233.0121,"Fitter, Bench"
7233.0121,"Fitter Levelling, Alignment & Balancing"
7233.0121,"Fitter Levelling, Alignment and"
7233.02,"Fitter, Bench"
7233.02,"Fitter, Benc h"
7233.02,
7233.0200,"Fitter, Bench"
7233.0200,"Fitter, Benc h"
7233.0200,
7233.03,"Mechanic, Petrol Engine"
7233.03,
7233.0300,"Mechanic, Petrol Engine"
7233.0300,
7233.0301,Bearing Maintenance
7233.0301,"Beaterman, Paper"
7233.04,
7233.04,"Mechanic, Diesel Engine"
7233.0400,"Mechanic, Diesel Engine"
7233.0400,
7233.0401,Belt Maker
7233.0401,Belt Conveyor Maintenance
7233.0402,Conveyor Operation and
7233.0402,Conveyor
7233.0402,Conveyor Operation and Maintenance
7233.06,
7233.06,"Mechanic, Gas/Diesel Engine"
7233.0600,
7233.0600,"Mechanic, Gas/Diesel Engine"
7233.07,"Mechanic, Earth Moving Machinery"
7233.07,
7233.0700,"Mechanic, Earth Moving Machinery"
7233.0700,
7233.0701,
7233.0701,Mobile Equipment Maintenance
7233.0701,
7233.08,
7233.08,"Mechanic, Road Roller"
7233.0800,"Mechanic, Road Roller"
7233.0800,
7233.09,"Mechanic, Turbine"
7233.09,
7233.0900,"Mechanic, Turbine"
7233.0900,
7233.1,"Mechanic, Stationery Steam Engine"
7233.1,
7233.1000,
7233.1000,"Mechanic, Stationery Steam Engine"
7233.11,
7233.11,"Mechanic, Maintenance, Chemical"
7233.1100,
7233.1100,"Mechanic, Maintenance, Chemical"
7233.12,Millwright
7233.12,
7233.1200,
7233.1200,Millwright
7233.13,
7233.13,"Mechanic, Pump"
7233.1300,"Mechanic, Pump"
7233.1300,
7233.1301,Plumber (Welder)
7233.1301,Plumber (Pumps & E/M Mechanic)
7233.1301,Plumber (Pumps and E/M
7233.14,
7233.14,"Mechanic, Dairy Maintenance"
7233.1400,
7233.1400,"Mechanic, Dairy Maintenance"
7233.15,"Mechanic, Mining Machinery"
7233.15,
7233.1500,
7233.1500,"Mechanic, Mining Machinery"
7233.16,"Mechanic, Textile Machinery"
7233.16,
7233.1600,"Mechanic, Textile Machinery"
7233.1600,
7233.17,"Mechanic, Printing Machinery"
7233.17,
7233.1700,"Mechanic, Printing Machinery"
7233.1700,
7233.18,"Mechanic, Sewing Machine"
7233.18,
7233.1800,"Mechanic, Sewing Machine"
7233.1800,
7233.19,"Lamp Repairman, Mines"
7233.19,
7233.1900,
7233.1900,"Lamp Repairman, Mines"
7233.2,"Mechanic, Repairman (Domestic"
7233.2,
7233.2000,"Mechanic, Repairman (Domestic"
7233.2000,
7233.21,"Fitter, Stationery Steam Engine"
7233.21,
7233.2100,"Fitter, Stationery Steam Engine"
7233.2100,
7233.22,"Fitter, Marine"
7233.22,
7233.2200,
7233.2200,"Fitter, Marine"
7233.23,"Fitter, Railway Carriage and"
7233.23,
7233.23,"Fitter, Railway Carriage and Wagon"
7233.2300,"Fitter, Railway Carriage and Wagon"
7233.2300,
7233.2300,"Fitter, Railway Carriage and"
7233.24,"Fitter, Loco"
7233.24,
7233.2400,
7233.2400,"Fitter, Loco"
7233.25,Loco Cleaner
7233.25,
7233.2500,
7233.2500,Loco Cleaner
7233.26,"Fitter, Bicycle"
7233.26,
7233.2600,"Fitter, Bicycle"
7233.2600,
7233.27,
7233.27,"Fitter, Signal"
7233.2700,"Fitter, Signal"
7233.2700,
7233.28,Agriculture Engineering Technician
7233.28,
7233.2800,
7233.2800,Agriculture Engineering Technician
7233.2901,Fitter: Hydraulic and Pneumatic System
7233.2901,Fitter: Hydraulic and Pneumatic
7233.2901,Occupational
7233.99,"Machinery Mechanics and Fitters, Other"
7233.99,"Machinery Mechanics and Fitters,"
7233.99,
7233.9900,"Machinery Mechanics and Fitters,"
7233.9900,
7233.9900,"Machinery Mechanics and Fitters, Other"
7311.01,"Mechanic Precision Instrument, General"
7311.01,
7311.01,"Mechanic Precision Instru ment,"
7311.0100,"Mechanic Precision Instrument, General"
7311.0100,
7311.0100,"Mechanic Precision Instru ment,"
7311.0101,Technician Instrumentation
7311.0101,"Technologist,"
7311.02,
7311.02,Watch Repairer
7311.0200,Watch Repairer
7311.0200,
7311.03,Assembler (Clock and Watch)
7311.03,
7311.03,Assembler (Clock & Watch)
7311.0300,Assembler (Clock and Watch)
7311.0300,
7311.0300,Assembler (Clock & Watch)
7311.04,
7311.04,"Mechanic Precision Instrument,"
7311.04,"Mechanic Precision Instrument, Mechanical"
7311.0400,"Mechanic Precision Instrument,"
7311.0400,"Mechanic Precision Instrument, Mechanical"
7311.0400,
7311.0401,Iron and Steel Fitter
7311.0401,"Fitter Levelling,"
7311.0401,Fitter Instrumentation
7311.05,"Viewer, Workshop"
7311.05,
7311.0500,"Viewer, Workshop"
7311.0500,
7311.06,"Mechanic, Atomizer and Fuel Pump (Diesel)"
7311.06,"Mechanic, Atomizer and Fuel Pump"
7311.06,
7311.0600,
7311.0600,"Mechanic, Atomizer and Fuel Pump"
7311.0600,"Mechanic, Atomizer and Fuel Pump (Diesel)"
7311.08,
7311.08,"Mechanic, Optical Instrument"
7311.0800,
7311.0800,"Mechanic, Optical Instrument"
7311.09,
7311.09,"Calibrator, Glass"
7311.0900,"Calibrator, Glass"
7311.0900,
7311.1,
7311.1,Calibrator (Instrument and
7311.1,Calibrator (Instrument & Apparatus)
7311.1000,Calibrator (Instrument & Apparatus)
7311.1000,
7311.1000,Calibrator (Instrument and
7311.1001,Calibrator
7311.1001,Calibration Technician
7311.1002,Calibration Engineer
7311.1002,Calibration
7311.11,"Calibrator, Other"
7311.11,
7311.1100,"Calibrator, Other"
7311.1100,
7311.12,Orthopaedic Appliances and Limb
7311.12,Orthopaedic Appli ances and Limb
7311.12,
7311.1200,Orthopaedic Appli ances and Limb
7311.1200,
7311.1200,Orthopaedic Appliances and Limb
7311.14,
7311.14,"Instrument Maker, Other"
7311.1400,"Instrument Maker, Other"
7311.1400,
7311.99,"Precision Instrument Makers and Repairers,"
7311.99,
7311.9900,
7311.9900,"Precision Instrument Makers and Repairers,"
7312.01,
7312.01,Musical Instrument Maker (String )
7312.0100,
7312.0100,Musical Instrument Maker (String )
7312.02,Harmonium Maker
7312.02,
7312.0200,
7312.0200,Harmonium Maker
7312.03,
7312.03,Harmonium Key Maker
7312.0300,
7312.0300,Harmonium Key Maker
7312.04,Harmonium Fitter
7312.04,
7312.0400,Harmonium Fitter
7312.0400,
7312.05,Bellow Man (Harmonium)
7312.05,
7312.0500,Bellow Man (Harmonium)
7312.0500,
7312.06,Reed Fitter (Harmonium)
7312.06,
7312.0600,
7312.0600,Reed Fitter (Harmonium)
7312.08,Finisher (Harmonium)
7312.08,
7312.0800,
7312.0800,Finisher (Harmonium)
7312.1,
7312.1,Organ Tuner
7312.1000,Organ Tuner
7312.1000,
7312.12,Piano Tuner
7312.12,
7312.1200,Piano Tuner
7312.1200,
7312.13,Tabla Maker (Musical Instrument)
7312.13,
7312.1300,
7312.1300,Tabla Maker (Musical Instrument)
7312.14,"Drum Maker, Musical"
7312.14,
7312.1400,
7312.1400,"Drum Maker, Musical"
7312.15,
7312.15,Clarinet  Assembler
7312.15,Clarinet Assembler
7312.1500,Clarinet Assembler
7312.1500,Clarinet  Assembler
7312.1500,
7312.16,
7312.16,Bag Pipe Maker
7312.16,Bagpipe Maker
7312.1600,Bag Pipe Maker
7312.1600,Bagpipe Maker
7312.1600,
7312.17,
7312.17,Brass Musical Instruments
7312.17,Brass Musical Instruments Assembler
7312.1700,Brass Musical Instruments
7312.1700,Brass Musical Instruments Assembler
7312.1700,
7312.18,
7312.18,Musical Instrument Repairer
7312.1800,
7312.1800,Musical Instrument Repairer
7312.99,"Musical Instrument Makers and Tuners,"
7312.99,Musical Instrument Makers and
7312.99,
7312.9900,Musical Instrument Makers and
7312.9900,
7312.9900,"Musical Instrument Makers and Tuners,"
7313.01,"Roller, Gold and Silver"
7313.01,
7313.0100,
7313.0100,"Roller, Gold and Silver"
7313.0101,Jewellery Polisher
7313.0101,Jewellery Retail
7313.0102,Plater
7313.0102,Platform
7313.0103,"Filler, Aerated"
7313.0103,Filer and Assembler
7313.0201,"Wire Maker, Gold and Silver/Component"
7313.0201,
7313.0201,
7313.0201,"Wire Maker, Gold and"
7313.0202,Gem Stone Thread Maker
7313.0202,Genealogist
7313.0202,Gemstone Thread Maker
7313.0301,"Gold Curer, General/Gold Refiner"
7313.0301,
7313.0301,
7313.0401,"Gold Curer, Mint/Gold Melter and Refiner"
7313.0401,"Gold Curer, Mint/Gold Melter and"
7313.0401,
7313.0401,
7313.05,Gold Foil Maker
7313.05,
7313.0500,
7313.0500,Gold Foil Maker
7313.06,"Leaf Maker, Gold and Silver"
7313.06,"Leaf Make r, Gold and Silver"
7313.06,
7313.0600,"Leaf Maker, Gold and Silver"
7313.0600,
7313.0600,"Leaf Make r, Gold and Silver"
7313.07,Goldsmith
7313.07,
7313.0700,Goldsmith
7313.0700,
7313.0701,Polishing Machine
7313.0701,Polisher and Cleaner
7313.0702,Goldsmith Enameller
7313.0702,Goldsmith Frame
7313.0703,Goldsmith Frame Maker
7313.0703,"Goods Supervisor,"
7313.0801,Jewel Setter/Setter
7313.0801,
7313.0801,
7313.0802,Metal
7313.0802,Metal Setter
7313.0803,Wax Setter
7313.0803,Wax Tree Maker
7313.0804,Wax Tree Maker
7313.0804,Waxing Man
7313.0901,Gem Sorter
7313.0901,
7313.0901,
7313.0902,Rough Assorter
7313.0902,Rough Marker
7313.0903,Rough Marker
7313.0903,"Router, Wood"
7313.1001,Gem Slicer/Gemstone Rough Cutter
7313.1001,
7313.1001,Gem Slicer /Gemstone Rough Cutter
7313.1001,
7313.1101,
7313.1101,Gem Cleaver
7313.1101,
7313.1201,Incoming
7313.1201,Inclusion Plotter
7313.1202,Planning Engineer
7313.1202,Planner
7313.13,
7313.13,"Gem Grinder, Hand"
7313.1300,
7313.1300,"Gem Grinder, Hand"
7313.1301,Manual Insertion
7313.1301,Manual Bruter
7313.1302,Auto Blocker
7313.1302,Auto Body
7313.1303,Gemstone Facet Maker
7313.1303,Gemstone Final
7313.1304,Table Cutter
7313.1304,Tablet Coater
7313.1305,Manual Bruter
7313.1305,Manual Blocker
7313.1306,Auto Bruter
7313.1306,Auto Engine
7313.14,"Gem Polisher, Hand"
7313.14,
7313.1400,
7313.1400,"Gem Polisher, Hand"
7313.1501,Diamond Bagger
7313.1501,Diamond Assorter
7313.1502,Polished Diamond Grader and
7313.1502,Polisher
7313.1502,Polished Diamond Grader & Assorter (Basic)
7313.1503,Polished Diamond Grader & Assorter
7313.1503,Polished Diamond Grader and
7313.1503,Polished Diamond
7313.1504,Bottom Polisher
7313.1504,Box Assembly
7313.1505,Gemstone Polisher
7313.1505,Gemstone Girdle Polisher
7313.1506,Gemstone Pre -
7313.1506,Gemstone Polisher
7313.1601,Gemstone Pre -shaper
7313.1601,Gemstone Thread
7313.1601,Gemstone Pre -Shaper
7313.1602,Gemstone Final Shaper and
7313.1602,Gemstone Final Shaper and Calibrator
7313.1602,Gemstone Girdle
7313.1701,
7313.1701,Gem Driller
7313.1701,
7313.1702,Wine Waiter
7313.1702,Window Opener  Window opener works with dop -tang
7313.1702,Window Opener
7313.18,Jewellery Engraver
7313.18,
7313.1800,
7313.1800,Jewellery Engraver
7313.19,Engraver
7313.19,
7313.1900,Engraver
7313.1900,
7313.22,"Embosser, Sheet"
7313.22,
7313.2200,
7313.2200,"Embosser, Sheet"
7313.23,"Inlayer, Metal"
7313.23,"Inlaye r, Metal"
7313.23,
7313.2300,"Inlayer, Metal"
7313.2300,"Inlaye r, Metal"
7313.2300,
7313.2401,Rubber Nursery
7313.2401,Rubber Mould Maker
7313.2402,Wax Piece Maker
7313.2402,Wax Setter
7313.2501,Boiling In-Charge
7313.2501,Boiling Tub
7313.2501,Boiling In  Charge
7313.2601,Final Quality Inspector
7313.2601,Final Testing
7313.99,"Jewellery, Goldsmith and"
7313.99,"Jewellery, Goldsmith and Silversmith"
7313.99,
7313.9900,"Jewellery, Goldsmith and"
7313.9900,"Jewellery, Goldsmith and Silversmith"
7313.9900,
7314.01,"Mould Maker, Pottery and Porcelain"
7314.01,"Mould Maker, Pottery and"
7314.01,
7314.0100,"Mould Maker, Pottery and"
7314.0100,"Mould Maker, Pottery and Porcelain"
7314.0100,
7314.02,"Caster, Pottery and Porcelain"
7314.02,
7314.0200,"Caster, Pottery and Porcelain"
7314.0200,
7314.03,Clay Toy Maker/Hand Moulder
7314.03,Clay Toy Maker /Hand moulder
7314.03,
7314.0300,
7314.0300,Clay Toy Maker/Hand Moulder
7314.0300,Clay Toy Maker /Hand moulder
7314.04,
7314.04,"Moulder, Hand (Ceramics)"
7314.0400,"Moulder, Hand (Ceramics)"
7314.0400,
7314.05,Maker (Pottery and
7314.05,Maker (Pottery and Porcelain)/Jigger and
7314.05,
7314.0500,Maker (Pottery and
7314.0500,
7314.0500,Maker (Pottery and Porcelain)/Jigger and
7314.06,
7314.06,Turner Pottery and Porcelain
7314.0600,
7314.0600,Turner Pottery and Porcelain
7314.07,
7314.07,"Bricks and Tile Moulder, Hand"
7314.0700,"Bricks and Tile Moulder, Hand"
7314.0700,
7314.08,
7314.08,Abrasive Wheel Moulder
7314.0800,Abrasive Wheel Moulder
7314.0800,
7314.09,Potter (Pottery and Porcelain)/Potter's
7314.09,
7314.09,Potter (Pottery and
7314.0900,Potter (Pottery and
7314.0900,Potter (Pottery and Porcelain)/Potter's
7314.0900,
7314.1,Granulator Attendant (Cement)
7314.1,
7314.1000,Granulator Attendant (Cement)
7314.1000,
7314.11,
7314.11,Clay Maker (Pottery)
7314.1100,Clay Maker (Pottery)
7314.1100,
7314.12,
7314.12,Checker (Ceramics)
7314.1200,Checker (Ceramics)
7314.1200,
7314.13,"Sorter, Brick and Tile"
7314.13,
7314.1300,"Sorter, Brick and Tile"
7314.1300,
7314.99,"Abrasive Wheel Formers, Potters and"
7314.99,"Abrasive Wheel Formers, Potte rs"
7314.99,
7314.9900,"Abrasive Wheel Formers, Potters and"
7314.9900,"Abrasive Wheel Formers, Potte rs"
7314.9900,
7315.01,"Blower, Glass"
7315.01,
7315.0100,
7315.0100,"Blower, Glass"
7315.02,
7315.02,"Blower, Laboratory Apparatus"
7315.0200,"Blower, Laboratory Apparatus"
7315.0200,
7315.03,
7315.03,Blower Helper (Glass)
7315.0300,
7315.0300,Blower Helper (Glass)
7315.06,
7315.06,Mouldman (Glass)
7315.0600,
7315.0600,Mouldman (Glass)
7315.07,Bender (Glass)
7315.07,
7315.0700,
7315.0700,Bender (Glass)
7315.08,Gatherer (Glass )
7315.08,Gatherer (Glass)
7315.08,
7315.0800,Gatherer (Glass )
7315.0800,Gatherer (Glass)
7315.0800,
7315.09,Drawer (Glass)
7315.09,
7315.0900,
7315.0900,Drawer (Glass)
7315.1,
7315.1,Bead Maker (Glass)
7315.1000,Bead Maker (Glass)
7315.1000,
7315.11,Optical Worker
7315.11,
7315.1100,Optical Worker
7315.1100,
7315.12,Lens Grinder
7315.12,
7315.1200,Lens Grinder
7315.1200,
7315.13,
7315.13,Edger (Optical glass)
7315.1300,
7315.1300,Edger (Optical glass)
7315.14,Lens Polisher (Optical)
7315.14,
7315.1400,Lens Polisher (Optical)
7315.1400,
7315.15,Lens Centerer and Edger (Optical
7315.15,
7315.15,Lens Centerer and Edger (Optical Glass)
7315.1500,
7315.1500,Lens Centerer and Edger (Optical
7315.1500,Lens Centerer and Edger (Optical Glass)
7315.16,Wheel Grinder (Glass)
7315.16,
7315.1600,Wheel Grinder (Glass)
7315.1600,
7315.17,Edge Finisher (Glass)
7315.17,
7315.1700,Edge Finisher (Glass)
7315.1700,
7315.18,
7315.18,"Cutter, Glass Bangles"
7315.1800,"Cutter, Glass Bangles"
7315.1800,
7315.19,Cooling Man (Glass)
7315.19,
7315.1900,Cooling Man (Glass)
7315.1900,
7315.2,"Glass Cutter, Other"
7315.2,
7315.2000,
7315.2000,"Glass Cutter, Other"
7315.21,"Joiner, Glass Bangles"
7315.21,
7315.2100,"Joiner, Glass Bangles"
7315.2100,
7315.22,
7315.22,"Crusher Attendant, Stone"
7315.2200,"Crusher Attendant, Stone"
7315.2200,
7315.23,
7315.23,Grinder (Stone and Clay)
7315.2300,Grinder (Stone and Clay)
7315.2300,
7315.24,"Sorter, Glass Products"
7315.24,
7315.2400,
7315.2400,"Sorter, Glass Products"
7315.99,"Glass Makers, Cutters, Grinders and"
7315.99,
7315.9900,
7315.9900,"Glass Makers, Cutters, Grinders and"
7316.01,
7316.01,"Engraver, Glass"
7316.0100,"Engraver, Glass"
7316.0100,
7316.02,Glass Etcher
7316.02,"Glass Etcher  Glass Etcher etches, with acid, decorative"
7316.02,
7316.0200,"Glass Etcher  Glass Etcher etches, with acid, decorative"
7316.0200,Glass Etcher
7316.0200,
7316.03,Sand Blaster (Glass)
7316.03,
7316.0300,Sand Blaster (Glass)
7316.0300,
7316.04,Volume Man /Calibrating
7316.04,
7316.04,Volume Man/Calibrating Technician
7316.0400,Volume Man /Calibrating
7316.0400,Volume Man/Calibrating Technician
7316.0400,
7316.05,
7316.05,Waxing Man (Glass)/Helper
7316.05,Waxing Man (Glass) /Helper
7316.0500,Waxing Man (Glass)/Helper
7316.0500,
7316.0500,Waxing Man (Glass) /Helper
7316.06,Glass Enameller
7316.06,
7316.0600,Glass Enameller
7316.0600,
7316.07,Hand Painter (Ceramics)
7316.07,
7316.0700,
7316.0700,Hand Painter (Ceramics)
7316.08,Decorator (Ceramics)
7316.08,
7316.0800,
7316.0800,Decorator (Ceramics)
7316.09,
7316.09,"Spray Painter, (Ceramics)"
7316.0900,
7316.0900,"Spray Painter, (Ceramics)"
7316.1,
7316.1,"Glazer, Pottery and Porcelain"
7316.1000,"Glazer, Pottery and Porcelain"
7316.1000,
7316.11,Mirror Silverer
7316.11,
7316.1100,Mirror Silverer
7316.1100,
7316.12,"Signwriter, Decorative Painters, Engravers"
7316.12,"Sign  Writer, Decorative Painters,"
7316.12,
7316.1200,
7316.1200,"Sign  Writer, Decorative Painters,"
7316.1200,"Signwriter, Decorative Painters, Engravers"
7317.01,Lamp Shade Maker
7317.01,
7317.0100,
7317.0100,Lamp Shade Maker
7317.03,"Furniture Maker, Bamboo"
7317.03,
7317.0300,
7317.0300,"Furniture Maker, Bamboo"
7317.04,
7317.04,"Furniture Maker, Reed"
7317.0400,
7317.0400,"Furniture Maker, Reed"
7317.05,"Furniture Maker, Cane"
7317.05,
7317.0500,
7317.0500,"Furniture Maker, Cane"
7317.06,Caner
7317.06,
7317.0600,Caner
7317.0600,
7317.07,Basket Maker
7317.07,
7317.0700,
7317.0700,Basket Maker
7317.08,
7317.08,"Mat Weaver, Bamboo"
7317.0800,"Mat Weaver, Bamboo"
7317.0800,
7317.09,"Mat Weaver, Grass and Leave"
7317.09,
7317.0900,"Mat Weaver, Grass and Leave"
7317.0900,
7317.1,
7317.1,Broom Maker
7317.1000,Broom Maker
7317.1000,
7317.11,Chick Maker
7317.11,
7317.1100,Chick Maker
7317.1100,
7317.12,
7317.12,Khas Thatti Maker
7317.1200,
7317.1200,Khas Thatti Maker
7317.13,
7317.13,Brush Material Preparer
7317.1300,Brush Material Preparer
7317.1300,
7317.14,
7317.14,"Brush Maker, Hand"
7317.1400,"Brush Maker, Hand"
7317.1400,
7317.99,
7317.99,"Basketry Weavers, Brush Makers and"
7317.99,"Basketry Weavers, Brush Makers"
7317.9900,"Basketry Weavers, Brush Makers"
7317.9900,
7317.9900,"Basketry Weavers, Brush Makers and"
7318.01,
7318.01,Candle Maker
7318.0100,Candle Maker
7318.0100,
7318.02,
7318.02,Candle Moulder
7318.0200,Candle Moulder
7318.0200,
7318.03,Carpet Weaver (Carpet and Rug)
7318.03,Carpet Weaver (Carpet & Rug)
7318.03,
7318.0300,Carpet Weaver (Carpet and Rug)
7318.0300,
7318.0300,Carpet Weaver (Carpet & Rug)
7318.04,"Knitting -Machine Operator,"
7318.04,"Knitting Machine Operator, Automatic"
7318.04,
7318.0400,"Knitting -Machine Operator,"
7318.0400,"Knitting Machine Operator, Automatic"
7318.0400,
7318.05,
7318.05,"Hand Printer, Textile/Hand Block Printer"
7318.05,"Hand Printer, Textile /Hand Block"
7318.0500,"Hand Printer, Textile /Hand Block"
7318.0500,"Hand Printer, Textile/Hand Block Printer"
7318.0500,
7318.06,
7318.06,Hand Dyer
7318.0600,Hand Dyer
7318.0600,
7318.08,"Repairer, Fabrics/Fabric Mender"
7318.08,
7318.08,"Repairer, Fabrics /Fabric Mender"
7318.0800,"Repairer, Fabrics/Fabric Mender"
7318.0800,"Repairer, Fabrics /Fabric Mender"
7318.0800,
7318.09,"Bale Breaker Tenter, Cotton/Blow Room"
7318.09,
7318.09,"Bale Breaker Tenter,"
7318.0900,"Bale Breaker Tenter,"
7318.0900,"Bale Breaker Tenter, Cotton/Blow Room"
7318.0900,
7318.1,"Batching Worker , Wool"
7318.1,
7318.1000,
7318.1000,"Batching Worker , Wool"
7318.11,Wool Sorter
7318.11,
7318.1100,
7318.1100,Wool Sorter
7318.12,"Selector, Jute"
7318.12,
7318.1200,"Selector, Jute"
7318.1200,
7318.13,"Grader, Coir"
7318.13,
7318.1300,
7318.1300,"Grader, Coir"
7318.15,
7318.15,Waste Machine Man (Cotton Textile)/Waste
7318.15,Waste Machine Man (Cotton
7318.1500,Waste Machine Man (Cotton Textile)/Waste
7318.1500,
7318.1500,Waste Machine Man (Cotton
7318.18,"Scouring Man, Wool/Wool"
7318.18,
7318.18,"Scouring Man, Wool/Wool Washing and"
7318.1800,
7318.1800,"Scouring Man, Wool/Wool"
7318.1800,"Scouring Man, Wool/Wool Washing and"
7318.19,Cooker (Silkworm)
7318.19,Cooker ( Silkworm )
7318.19,
7318.1900,Cooker (Silkworm)
7318.1900,Cooker ( Silkworm )
7318.1900,
7318.2,
7318.2,"Softener  Feeder and Receiver, Jute"
7318.2,"Softener Feeder and Receiver, Jute"
7318.2000,"Softener Feeder and Receiver, Jute"
7318.2000,
7318.2000,"Softener  Feeder and Receiver, Jute"
7318.21,
7318.21,"Root Cutter, Jute"
7318.2100,
7318.2100,"Root Cutter, Jute"
7318.22,Teaser (Feeder and Receiver) Jute
7318.22,
7318.2200,Teaser (Feeder and Receiver) Jute
7318.2200,
7318.23,"Fibre Preparer, Coir"
7318.23,
7318.2300,"Fibre Preparer, Coir"
7318.2300,
7318.27,"Cardtenter, Cotton/Carding Tenter"
7318.27,"Card  Tenter, Cotton /Carding Tenter"
7318.27,
7318.2700,
7318.2700,"Card  Tenter, Cotton /Carding Tenter"
7318.2700,"Cardtenter, Cotton/Carding Tenter"
7318.28,
7318.28,"Set Framer, Silk"
7318.2800,"Set Framer, Silk"
7318.2800,
7318.29,Sliver -Lap-Man/Combing
7318.29,
7318.29,Sliver Lap Man/Combing Preparatory
7318.2900,
7318.2900,Sliver Lap Man/Combing Preparatory
7318.2900,Sliver -Lap-Man/Combing
7318.34,Comb Minder /Combing
7318.34,Comb Minder/Combing Preparatory
7318.34,
7318.3400,Comb Minder /Combing
7318.3400,Comb Minder/Combing Preparatory
7318.3400,
7318.35,
7318.35,Gill Box Man
7318.3500,
7318.3500,Gill Box Man
7318.36,
7318.36,"Spreader Feeder, Jute"
7318.3600,"Spreader Feeder, Jute"
7318.3600,
7318.37,"Spreader, Receiver,  Jute"
7318.37,
7318.37,"Spreader, Receiver, Jute"
7318.3700,"Spreader, Receiver,  Jute"
7318.3700,"Spreader, Receiver, Jute"
7318.3700,
7318.38,"Breaker Feeder, Jute"
7318.38,
7318.3800,"Breaker Feeder, Jute"
7318.3800,
7318.4,
7318.4,"Finisher Feeder, Jute"
7318.4000,
7318.4000,"Finisher Feeder, Jute"
7318.42,Hand Spinner (Cotton and Woollen
7318.42,
7318.42,Hand Spinner (Cotton and Woollen Textile)
7318.4200,Hand Spinner (Cotton and Woollen
7318.4200,
7318.4200,Hand Spinner (Cotton and Woollen Textile)
7318.43,Piecer
7318.43,
7318.4300,
7318.4300,Piecer
7318.45,"Spinner, Jute"
7318.45,
7318.4500,"Spinner, Jute"
7318.4500,
7318.46,
7318.46,"Spinner, Coir"
7318.4600,"Spinner, Coir"
7318.4600,
7318.47,
7318.47,Twister
7318.4700,Twister
7318.4700,
7318.48,
7318.48,"Doffer, Spinning/Ring Spinning"
7318.48,"Doffer, Spinning/Ring Spinning Doffer"
7318.4800,"Doffer, Spinning/Ring Spinning"
7318.4800,
7318.4800,"Doffer, Spinning/Ring Spinning Doffer"
7318.49,
7318.49,"Knotter, Silk"
7318.4900,
7318.4900,"Knotter, Silk"
7318.5,Beam Gaiter
7318.5,
7318.5000,
7318.5000,Beam Gaiter
7318.51,"Lacer, Hand"
7318.51,
7318.5100,
7318.5100,"Lacer, Hand"
7318.52,Lattice Pegger
7318.52,
7318.5200,Lattice Pegger
7318.5200,
7318.53,"Reacher, Hand (Textile)"
7318.53,
7318.5300,"Reacher, Hand (Textile)"
7318.5300,
7318.55,Weaver Power Loom
7318.55,
7318.5500,Weaver Power Loom
7318.5500,
7318.58,"Weaver, Handloom"
7318.58,
7318.5800,"Weaver, Handloom"
7318.5800,
7318.59,"Carpet Weaver, Hand Knitting"
7318.59,
7318.5900,
7318.5900,"Carpet Weaver, Hand Knitting"
7318.6,"Carpet Clipper, Hand"
7318.6,
7318.6000,"Carpet Clipper, Hand"
7318.6000,
7318.61,
7318.61,Carpet Embosser
7318.6100,
7318.6100,Carpet Embosser
7318.62,Carpet Repairer
7318.62,
7318.6200,
7318.6200,Carpet Repairer
7318.63,
7318.63,Coir Weaver (Matting)
7318.6300,Coir Weaver (Matting)
7318.6300,
7318.64,
7318.64,"Net Maker, Hand"
7318.6400,"Net Maker, Hand"
7318.6400,
7318.65,
7318.65,"Crochet Worker, Hand"
7318.6500,"Crochet Worker, Hand"
7318.6500,
7318.66,"Knitter, Hand"
7318.66,
7318.6600,"Knitter, Hand"
7318.6600,
7318.67,"Braid Maker, Hand"
7318.67,
7318.6700,"Braid Maker, Hand"
7318.6700,
7318.99,"Handicraft Workers in Textiles,"
7318.99,
7318.99,"Handicraft Workers in Textiles, Leather and"
7318.9900,
7318.9900,"Handicraft Workers in Textiles,"
7318.9900,"Handicraft Workers in Textiles, Leather and"
7321.01,
7321.01,"Compositor, Hand"
7321.0100,"Compositor, Hand"
7321.0100,
7321.02,
7321.02,Impositor
7321.0200,Impositor
7321.0200,
7321.03,Distributor (Letter Press)
7321.03,Distributor (Letter P ress)
7321.03,
7321.0300,
7321.0300,Distributor (Letter P ress)
7321.0300,Distributor (Letter Press)
7321.04,Composing Room Operatives
7321.04,
7321.0400,Composing Room Operatives
7321.0400,
7321.05,
7321.05,Stereo Matrix Moulder
7321.0500,
7321.0500,Stereo Matrix Moulder
7321.06,Stereotype Caster
7321.06,
7321.0600,
7321.0600,Stereotype Caster
7321.07,Electrotyper
7321.07,
7321.0700,
7321.0700,Electrotyper
7321.08,Lithographic Artist
7321.08,
7321.0800,Lithographic Artist
7321.0800,
7321.0801,Circuit Imaging
7321.0801,Circuit Imaging Operator
7321.0802,Circuit Imaging Operator – Photo Imaging
7321.0802,Circuit Imaging Operator -Photo
7321.0802,Circular Saw
7321.09,"Retoucher, Lithographic"
7321.09,
7321.0900,"Retoucher, Lithographic"
7321.0900,
7321.1,Mounter/Mounting Machine Operator/CNC
7321.1,
7321.1000,
7321.1000,Mounter/Mounting Machine Operator/CNC
7321.11,Router
7321.1100,Router
7321.12,
7321.12,"Cameraman, Photomechanical"
7321.1200,
7321.1200,"Cameraman, Photomechanical"
7321.13,
7321.13,Microstat Cameraman
7321.1300,Microstat Cameraman
7321.1300,
7321.14,Photostat Camera Operator/Photocopier
7321.14,Photostat Camera
7321.14,
7321.1400,Photostat Camera
7321.1400,
7321.1400,Photostat Camera Operator/Photocopier
7321.15,"Transferor, Photomechanical"
7321.15,
7321.1500,"Transferor, Photomechanical"
7321.1500,
7321.16,
7321.16,Etcher Photo Engraving
7321.16,Etch er Photo Engraving
7321.1600,
7321.1600,Etch er Photo Engraving
7321.1600,Etcher Photo Engraving
7321.17,
7321.17,"Barman, Lino Machine"
7321.1700,
7321.1700,"Barman, Lino Machine"
7321.99,"Pre-Press Technicians, Others"
7321.99,
7321.99,"Pre-Press Technicians , Others"
7321.9900,"Pre-Press Technicians, Others"
7321.9900,
7321.9900,"Pre-Press Technicians , Others"
7322.01,Job Printer
7322.0100,Job Printer
7322.02,Lino Operator
7322.02,
7322.0200,Lino Operator
7322.0200,
7322.03,Mono Operator
7322.03,
7322.0300,Mono Operator
7322.0300,
7322.04,Mono Caster
7322.04,
7322.0400,Mono Caster
7322.0400,
7322.05,
7322.05,Type Caster
7322.0500,Type Caster
7322.0500,
7322.06,
7322.06,"Maker -up, Photo Type Setting"
7322.06,"Maker -Up, Photo Type Setting"
7322.0600,"Maker -up, Photo Type Setting"
7322.0600,
7322.0600,"Maker -Up, Photo Type Setting"
7322.07,Photo Type Setting Machine Operator
7322.07,Photo Type Setting Machine
7322.07,
7322.0700,
7322.0700,Photo Type Setting Machine
7322.0700,Photo Type Setting Machine Operator
7322.08,Type Dresser
7322.08,
7322.0800,Type Dresser
7322.0800,
7322.09,"Roller Maker, Paper Printing"
7322.09,
7322.0900,
7322.0900,"Roller Maker, Paper Printing"
7322.1,Braille -Duplicating -Machine
7322.1,Braille – Duplicating Machine Operator
7322.1,
7322.1000,
7322.1000,Braille – Duplicating Machine Operator
7322.1000,Braille -Duplicating -Machine
7322.11,"Stencil Cutter, Silk Screen Printing"
7322.11,
7322.1100,"Stencil Cutter, Silk Screen Printing"
7322.1100,
7322.12,
7322.12,Silk Screen Printer
7322.1200,Silk Screen Printer
7322.1200,
7322.13,
7322.13,Printing Jobber
7322.1300,Printing Jobber
7322.1300,
7322.14,
7322.14,Colour Maker (Textile Product)
7322.1400,Colour Maker (Textile Product)
7322.1400,
7322.15,
7322.15,Precision Printing Worker
7322.1500,Precision Printing Worker
7322.1500,
7322.16,Frontman
7322.16,
7322.1600,
7322.1600,Frontman
7322.17,
7322.17,"Pressman (Flatbed, Letter Press)"
7322.17,"Pressman (Flat -Bed, Letter  Press)"
7322.1700,
7322.1700,"Pressman (Flat -Bed, Letter  Press)"
7322.1700,"Pressman (Flatbed, Letter Press)"
7322.18,"Machine  Man , Hand Printing"
7322.18,"Machineman, Hand Printing"
7322.18,
7322.1800,"Machineman, Hand Printing"
7322.1800,"Machine  Man , Hand Printing"
7322.1800,
7322.19,"Machineman, Automatic Printing"
7322.19,"Machine  Man, Automatic Printing"
7322.19,
7322.1900,"Machineman, Automatic Printing"
7322.1900,
7322.1900,"Machine  Man, Automatic Printing"
7322.2,"Machine  Man, Rotary Printing"
7322.2,"Machineman, Rotary Printing"
7322.2,
7322.2000,
7322.2000,"Machine  Man, Rotary Printing"
7322.2000,"Machineman, Rotary Printing"
7322.21,"Machineman, Offset Printing"
7322.21,
7322.21,"Machine Man , Offset Printing"
7322.2100,
7322.2100,"Machineman, Offset Printing"
7322.2100,"Machine Man , Offset Printing"
7322.22,"Machineman, Direct Lithographic Printing"
7322.22,"Machine Man , Direct Lithographic"
7322.22,
7322.2200,
7322.2200,"Machine Man , Direct Lithographic"
7322.2200,"Machineman, Direct Lithographic Printing"
7322.23,"Pressman, Roto  Gravure"
7322.23,"Pressman, Roto Gravure"
7322.23,
7322.2300,
7322.2300,"Pressman, Roto Gravure"
7322.2300,"Pressman, Roto  Gravure"
7322.99,"Printers, Others"
7322.99,
7322.9900,"Printers, Others"
7322.9900,
7323.01,
7323.01,Book Binder
7323.0100,Book Binder
7323.0100,
7323.02,Map and Chart Mounter
7323.02,
7323.0200,
7323.0200,Map and Chart Mounter
7323.03,
7323.03,Book Mender
7323.0300,Book Mender
7323.0300,
7323.04,
7323.04,Book Binding Worker
7323.0400,Book Binding Worker
7323.0400,
7323.05,Book Binding Operatives
7323.0500,Book Binding Operatives
7323.99,"Book Binders and Related Workers, Other"
7323.99,"Book Binders and Related Workers,"
7323.99,
7323.9900,
7323.9900,"Book Binders and Related Workers,"
7323.9900,"Book Binders and Related Workers, Other"
7411.01,"Electrician, General"
7411.01,
7411.0100,
7411.0100,"Electrician, General"
7411.0101,Access Controls Installation
7411.0101,Accessory Fitter
7411.0101,Access Controls Installation Technician
7411.0102,CCTV Installation Technician
7411.0102,CCTV Supervisor
7411.02,
7411.02,Electrician (Mines)
7411.0200,Electrician (Mines)
7411.0200,
7411.0301,
7411.0301,
7411.0301,"Wireman, Light and Power"
7411.05,
7411.05,"Meter Sealer, Electrical"
7411.0500,
7411.0500,"Meter Sealer, Electrical"
7411.06,
7411.06,"Electrician, Stage and Studio"
7411.0600,
7411.0600,"Electrician, Stage and Studio"
7411.99,
7411.99,"Building and Related Electricians, Other"
7411.99,"Building an d Related Electricians,"
7411.9900,"Building an d Related Electricians,"
7411.9900,"Building and Related Electricians, Other"
7411.9900,
7412.01,"Mechanic, Precision Instrument,"
7412.01,"Mechanic, Precision Instrument, Electrical"
7412.01,
7412.0100,"Mechanic, Precision Instrument,"
7412.0100,"Mechanic, Precision Instrument, Electrical"
7412.0100,
7412.0101,Automation Specialist
7412.0101,Automobile
7412.0102,In-Circuit Testing Machine Operator
7412.0102,Inclusion Plotter
7412.0102,In-circuit Testing Machine Operator
7412.0103,Automated Optical Inspection Operator
7412.0103,Automation
7412.0103,Automated Optical Inspection
7412.0104,Bare Board Testing Operator
7412.0104,Bare Foot
7412.02,Electrical Fitter
7412.02,
7412.0200,
7412.0200,Electrical Fitter
7412.0201,Fitter – Fabrication
7412.0201,Fitter – Electrical and Electronic Assembly
7412.0201,Fitter -Electrical and Electronic
7412.0202,Mechanical Fitter
7412.0203,Fitter Electronic
7412.0203,Fitter Electrical Assembly
7412.0203,Iron and Steel Fitter: Electrical
7412.03,"Adjuster, Relays"
7412.03,
7412.0300,"Adjuster, Relays"
7412.0300,
7412.04,
7412.04,Armature Winder
7412.0400,
7412.0400,Armature Winder
7412.05,
7412.05,"Coil Winder, Machine"
7412.0500,
7412.0500,"Coil Winder, Machine"
7412.06,"Electrician, Aircraft"
7412.06,
7412.0600,"Electrician, Aircraft"
7412.0600,
7412.0701,
7412.0701,"Electrician, Automobile"
7412.0701,
7412.0801,Maintenance Assistant/Helper
7412.0801,Maintenance
7412.0801,Maintenance Assistant /Helper
7412.0901,Poultry Farm
7412.0901,Potting and Curing Operator
7412.1001,Mechanical Fitter -Control Panel
7412.1001,Mechanical Fitter – Control Panel
7412.1001,Mechanical Sub -
7412.1002,Site Surveyor/R F
7412.1002,Site Engineer – Control Panel
7412.1002,Site Engineer -Control Panel
7412.99,
7412.99,"Electrical Mechanics and Fitters,"
7412.99,"Electrical Mechanics and Fitters, Other"
7412.9900,"Electrical Mechanics and Fitters, Other"
7412.9900,
7412.9900,"Electrical Mechanics and Fitters,"
7413.01,"Lineman, Light and Power"
7413.01,
7413.0100,"Lineman, Light and Power"
7413.0100,
7413.99,"Electrical Line Installers, Repairers"
7413.99,"Electrical Line Installers, Repairers and"
7413.99,
7413.9900,
7413.9900,"Electrical Line Installers, Repairers and"
7413.9900,"Electrical Line Installers, Repairers"
7419.01,Senior Functioner (Telephone Equipment
7419.01,
7419.01,Senior Functioned  (Telephone
7419.0100,Senior Functioned  (Telephone
7419.0100,Senior Functioner (Telephone Equipment
7419.0100,
7419.02,Junior Functioner (Telephone Equipment
7419.02,Junior Functioner (Tel ephone
7419.02,
7419.0200,Junior Functioner (Telephone Equipment
7419.0200,
7419.0200,Junior Functioner (Tel ephone
7419.03,
7419.03,Wiring Inspector and Bank Tester
7419.0300,
7419.0300,Wiring Inspector and Bank Tester
7419.04,"Inspector, Assembly (Telephone"
7419.04,
7419.04,"Inspector, Assembly (Telephone Equipment"
7419.0400,"Inspector, Assembly (Telephone Equipment"
7419.0400,"Inspector, Assembly (Telephone"
7419.0400,
7419.05,Battery Servicing Man
7419.05,
7419.0500,
7419.0500,Battery Servicing Man
7419.06,"Operator, Impregnation Plant (Telephone"
7419.06,"Operator, Impregnation Plant"
7419.06,
7419.0600,"Operator, Impregnation Plant (Telephone"
7419.0600,
7419.0600,"Operator, Impregnation Plant"
7419.99,Electrical and Electronic Equipment
7419.99,
7419.9900,Electrical and Electronic Equipment
7419.9900,
7421.01,
7421.01,"Electronics Fitter, General"
7421.0100,"Electronics Fitter, General"
7421.0100,
7421.0101,Iron and Steel Fitter: Electronic
7421.0101,Fitter
7421.0101,Fitter  Electronic Assembly
7421.02,"Electronics Fitters, Other"
7421.0200,"Electronics Fitters, Other"
7421.03,Electronic Mechanic
7421.03,
7421.0300,
7421.0300,Electronic Mechanic
7421.0401,Field Technician:
7421.0401,"Field Technician , Air Conditioner"
7421.0401,Field Technician: Air -Conditioner
7421.0501,"Field Technician , Refrigerator"
7421.0501,
7421.0501,
7421.0501,Field Technician: Refrigerator
7421.0601,Field Technician: Washing Machine
7421.0601,"Field Technician , Washing Machine"
7421.0601,"Fieldman,"
7421.0701,Field Technician: Other Home Appliances
7421.0701,"Field Technician , Other Home"
7421.0701,Field Technician:
7421.0801,Field Technician:  UPS and Inverter
7421.0801,Field Technician: UPS and Inverter
7421.0801,Field Technician:
7421.0901,Field Technician: Digital Camera
7421.0901,Field Technician:
7421.1001,Field Engineer TV
7421.1001,Field Engineer -RACW
7421.1001,Field Engineer – RACW
7421.1101,Repair Assistant: Switches
7421.1101,Repair Welder
7421.1201,"Ayah, Domestic"
7421.1201,Auto -Tester Capacitor
7421.1202,Testing Technician
7421.1301,TV Repair Technician
7421.1301,Twister
7421.1302,Field Engineer TV
7421.1302,Field Maintenance
7421.1401,Solar Photo Voltaic
7421.1401,Solar Panel Installation Technician
7421.1402,Solar Photo Voltaic System Installation
7421.1402,Solder Masking &
7421.1402,Solar Photo Voltaic System
7421.1403,PV System Instal lation Engineer
7421.1403,PV System Installation Engineer
7421.1403,QC Executive –
7421.99,"Electronic Mechanics and Services,"
7421.99,"Electronic Fitters, Mechanics and Servicers,"
7421.99,
7421.9900,
7421.9900,"Electronic Mechanics and Services,"
7421.9900,"Electronic Fitters, Mechanics and Servicers,"
7422.01,Installation Mechanic
7422.01,
7422.0100,Installation Mechanic
7422.0100,
7422.02,Maintenance Mechanic
7422.02,
7422.0200,
7422.0200,Maintenance Mechanic
7422.0201,Fault Management Engineer
7422.0201,Feed Extruder
7422.0201,Fault Management Engi neer
7422.0202,
7422.0202,Grass Root Telecom Provider (GRTP)
7422.0202,
7422.0202,Grass Root Telecom Provider
7422.0203,Handwork
7422.0203,Handset Repair Engineer (Level II)
7422.0204,Injection Moulding
7422.0204,Infrastructure Engineer
7422.04,"Lineman, Telephone"
7422.04,"Lineman, Telephone and Telegraph"
7422.04,
7422.0400,
7422.0400,"Lineman, Telephone"
7422.0400,"Lineman, Telephone and Telegraph"
7422.06,
7422.06,"Fault Controller, Telephones"
7422.0600,"Fault Controller, Telephones"
7422.0600,
7422.07,
7422.07,Carrier Attendant (Telephone)
7422.07,Carrier Attendant (Telephone) and
7422.0700,
7422.0700,Carrier Attendant (Telephone)
7422.0700,Carrier Attendant (Telephone) and
7422.08,
7422.08,Cable Jointer
7422.0800,
7422.0800,Cable Jointer
7422.0801,Optical Fib re Technician
7422.0801,Occupational
7422.0801,Optical Fibre Technician
7422.0802,Optical Fibre
7422.0802,Optical Fibre Splicer
7422.09,Radar Mechanic
7422.09,
7422.0900,
7422.0900,Radar Mechanic
7422.1,X-Ray Mechanic
7422.1,
7422.1000,
7422.1000,X-Ray Mechanic
7422.1001,Installation and Service Engineer
7422.1001,Installation
7422.11,Television Installation Man
7422.11,
7422.1100,
7422.1100,Television Installation Man
7422.12,
7422.12,Cable Television Installer
7422.1200,Cable Television Installer
7422.1200,
7422.1201,Set-Top Box Installer/Service Technician
7422.1201,Set Top Box Install er/Service
7422.1201,Occupational
7422.1202,DTH Set -top Box Installer and
7422.1202,Dumper Operator
7422.1202,DTH Set -Top Box Installer and Service
7422.1203,DAS Set -top Box Installer and
7422.1203,DAS Set -Top Box Installer and Service
7422.1203,Data
7422.13,
7422.13,Television Service and Repairman
7422.13,Television Service and Repairman  Television Service and Repairman repairs
7422.1300,
7422.1300,Television Service and Repairman  Television Service and Repairman repairs
7422.1300,Television Service and Repairman
7422.1302,Television Repair Technician
7422.1302,Television Service
7422.14,Radio Technician (Radio Manufacturing)
7422.14,Radio Technician (Radio
7422.14,
7422.1400,Radio Technician (Radio Manufacturing)
7422.1400,
7422.1400,Radio Technician (Radio
7422.15,
7422.15,Radio Mechanic
7422.1500,Radio Mechanic
7422.1500,
7422.16,
7422.16,"Radio Craftsman, Installation"
7422.1600,"Radio Craftsman, Installation"
7422.1600,
7422.17,
7422.17,"Radio Craftsman, Maintenance"
7422.1700,"Radio Craftsman, Maintenance"
7422.1700,
7422.1801,Site Surveyor/R F Site Surveyor
7422.1801,Size Maker
7422.1901,Assembly Line Operator
7422.1901,Assembly Line
7422.2001,Field Technician (Computing and
7422.2001,Field Technician: (Computing and
7422.2001,Field Technician:
7422.2002,Installation and
7422.2002,Installation (Computing and
7422.2002,Installation (Computing and Peripherals)
7422.2101,Field Technician (Networking and
7422.2101,Field Technician: (Networking and Storage)
7422.2101,Field Technician:
7422.2201,Test Driver
7422.2201,Test and Repair Technician
7422.2301,Snake Charmer
7422.2301,Smartphone  Repair Technician
7422.2301,Smartphones Repair Technician
7422.3001,Tower Technician
7422.3001,Town Planner
7422.99,Information and Communications
7422.99,
7422.99,Information
7422.9900,Information
7422.9900,
7422.9900,Information and Communications
7511.01,
7511.01,Butcher
7511.0100,
7511.0100,Butcher
7511.02,
7511.02,Slaughterer
7511.0200,Slaughterer
7511.0200,
7511.03,Sausage Maker
7511.03,
7511.0300,
7511.0300,Sausage Maker
7511.04,
7511.04,Briner
7511.0400,
7511.0400,Briner
7511.05,
7511.05,Pickler (Meat Product)
7511.0500,
7511.0500,Pickler (Meat Product)
7511.06,
7511.06,Shactor
7511.0600,
7511.0600,Shactor
7511.99,
7511.99,"Butchers, Fishmongers and Related"
7511.99,"Butchers, Fishmongers and Related Food"
7511.9900,"Butchers, Fishmongers and Related Food"
7511.9900,"Butchers, Fishmongers and Related"
7511.9900,
7512.01,
7512.01,Baker (Baking Products)
7512.0100,
7512.0100,Baker (Baking Products)
7512.02,
7512.02,Mixing Machine Attendant
7512.0200,Mixing Machine Attendant
7512.0200,
7512.03,Ovenman (Bakery Products)
7512.03,Oven  Man (Bakery Products)
7512.03,
7512.0300,Ovenman (Bakery Products)
7512.0300,
7512.0300,Oven  Man (Bakery Products)
7512.04,Sweet Meat Maker
7512.04,
7512.0400,Sweet Meat Maker
7512.0400,
7512.05,Candy Maker
7512.05,
7512.0500,Candy Maker
7512.0500,
7512.06,
7512.06,Panman (Confectionery)
7512.06,Panman  (Confectionery)
7512.0600,Panman  (Confectionery)
7512.0600,Panman (Confectionery)
7512.0600,
7512.07,"Plate Worker, Confectionery"
7512.07,
7512.0700,"Plate Worker, Confectionery"
7512.0700,
7512.08,
7512.08,Chocolate Maker
7512.0800,Chocolate Maker
7512.0800,
7512.09,
7512.09,Conche Operator (Sugar & Confectionery)
7512.0900,Conche Operator (Sugar & Confectionery)
7512.0900,
7512.1,Yeast Maker (Beverage)
7512.1,
7512.1000,Yeast Maker (Beverage)
7512.1000,
7512.99,"Bakers, Pastry Cooks and"
7512.99,"Bakers, Pastry Cooks and Confectionery"
7512.99,
7512.9900,"Bakers, Pastry Cooks and"
7512.9900,
7512.9900,"Bakers, Pastry Cooks and Confectionery"
7513.01,
7513.01,"Dairy Worker, General"
7513.0100,"Dairy Worker, General"
7513.0100,
7513.02,Separator Man
7513.02,
7513.0200,
7513.0200,Separator Man
7513.03,Butter Maker
7513.03,
7513.0300,Butter Maker
7513.0300,
7513.04,
7513.04,Cheese Maker
7513.0400,
7513.0400,Cheese Maker
7513.05,
7513.05,Ice Cream Maker
7513.05,Ice-Cream Maker
7513.0500,
7513.0500,Ice Cream Maker
7513.0500,Ice-Cream Maker
7513.99,"Dairy Products Makers, Others"
7513.99,
7513.9900,
7513.9900,"Dairy Products Makers, Others"
7514.01,Oil Expeller Man
7514.01,
7514.0100,
7514.0100,Oil Expeller Man
7514.02,
7514.02,"Oil Crusher Operator, Animal"
7514.02,"Oil Crusher Operator, Animal -Driven"
7514.0200,"Oil Crusher Operator, Animal"
7514.0200,"Oil Crusher Operator, Animal -Driven"
7514.0200,
7514.03,
7514.03,"Grinder, Hand (Food Grain)"
7514.0300,"Grinder, Hand (Food Grain)"
7514.0300,
7514.04,
7514.04,"Pounder, Hand (Food Grain)"
7514.0400,"Pounder, Hand (Food Grain)"
7514.0400,
7514.05,
7514.05,Parcher (Food Grain)
7514.0500,Parcher (Food Grain)
7514.0500,
7514.06,
7514.06,"Washing Machine Attendant, Cleaner (Food"
7514.06,"Washing Machine Attendant,"
7514.0600,"Washing Machine Attendant, Cleaner (Food"
7514.0600,
7514.0600,"Washing Machine Attendant,"
7514.07,
7514.07,"Cook, General (Food Canning and"
7514.0700,
7514.0700,"Cook, General (Food Canning and"
7514.08,Condiment Maker (Food Canning &
7514.08,Condiment Maker (Food Canning
7514.08,
7514.0800,Condiment Maker (Food Canning &
7514.0800,
7514.0800,Condiment Maker (Food Canning
7514.09,
7514.09,Cannery Worker (Can & Preservation)
7514.09,Cannery Worker (Can and
7514.0900,Cannery Worker (Can and
7514.0900,Cannery Worker (Can & Preservation)
7514.0900,
7514.1,
7514.1,Pickler (Can and Preservation)
7514.1,Pickler (Can & Preservation)
7514.1000,
7514.1000,Pickler (Can and Preservation)
7514.1000,Pickler (Can & Preservation)
7514.11,"Preservative Filler, Machine (Can"
7514.11,"Preservative Filler, Machine (Can &"
7514.11,
7514.1100,"Preservative Filler, Machine (Can"
7514.1100,
7514.1100,"Preservative Filler, Machine (Can &"
7514.99,"Fruits, Vegetables and Related"
7514.99,"Fruits, Vegetables and Related Preservers,"
7514.99,
7514.9900,
7514.9900,"Fruits, Vegetables and Related Preservers,"
7514.9900,"Fruits, Vegetables and Related"
7515.01,
7515.01,Tea Taster
7515.0100,
7515.0100,Tea Taster
7515.02,Liquor Taster
7515.02,
7515.0200,
7515.0200,Liquor Taster
7515.03,Taster (Food)
7515.03,
7515.0300,Taster (Food)
7515.0300,
7515.04,"Grader, Meat"
7515.04,
7515.0400,"Grader, Meat"
7515.0400,
7515.99,Food and Beverage Taster s and
7515.99,
7515.99,"Food and Beverage Tasters and Graders,"
7515.9900,"Food and Beverage Tasters and Graders,"
7515.9900,Food and Beverage Taster s and
7515.9900,
7516.01,
7516.01,Tobacco Curer
7516.0100,
7516.0100,Tobacco Curer
7516.02,
7516.02,Tobacco Grader
7516.0200,
7516.0200,Tobacco Grader
7516.03,
7516.03,"Blender, Tobacco"
7516.0300,"Blender, Tobacco"
7516.0300,
7516.04,
7516.04,"Conditioner, Tobacco"
7516.0400,
7516.0400,"Conditioner, Tobacco"
7516.05,
7516.05,Cigar or Cheroot Roller
7516.0500,Cigar or Cheroot Roller
7516.0500,
7516.06,Cigar or Cheroot Roller Helper
7516.06,
7516.0600,
7516.0600,Cigar or Cheroot Roller Helper
7516.07,
7516.07,Bidi Maker
7516.0700,Bidi Maker
7516.0700,
7516.08,"Furnace Man, Bidi"
7516.08,"Furnace  Man, Bidi"
7516.08,
7516.0800,"Furnace  Man, Bidi"
7516.0800,"Furnace Man, Bidi"
7516.0800,
7516.09,Bidi Checker
7516.09,
7516.0900,Bidi Checker
7516.0900,
7516.1,Snuff Maker
7516.1,
7516.1000,Snuff Maker
7516.1000,
7516.11,Chewing Tobacco Maker
7516.11,
7516.1100,Chewing Tobacco Maker
7516.1100,
7516.99,
7516.99,Tobacco Preparers and Tobacco
7516.99,Tobacco Preparers and Tobacco Products
7516.9900,Tobacco Preparers and Tobacco
7516.9900,
7516.9900,Tobacco Preparers and Tobacco Products
7521.01,
7521.01,"Kiln Operator, Wood"
7521.0100,"Kiln Operator, Wood"
7521.0100,
7521.02,"Impregnator, Wood"
7521.02,
7521.0200,"Impregnator, Wood"
7521.0200,
7521.03,Wood Bender
7521.03,
7521.0300,
7521.0300,Wood Bender
7521.04,Wood Treater
7521.04,
7521.0400,Wood Treater
7521.0400,
7521.05,Grader (Wood Working)
7521.05,Grader (Wood Workin g)
7521.05,
7521.0500,Grader (Wood Workin g)
7521.0500,
7521.0500,Grader (Wood Working)
7521.99,
7521.99,"Wood Treaters, Other"
7521.9900,
7521.9900,"Wood Treaters, Other"
7522.01,
7522.01,"Furniture Maker, Wood"
7522.0100,
7522.0100,"Furniture Maker, Wood"
7522.02,Cabinet Maker
7522.02,
7522.0200,Cabinet Maker
7522.0200,
7522.06,
7522.06,"Body Builder, Automobile"
7522.0600,
7522.0600,"Body Builder, Automobile"
7522.07,"Coach Builder, Railway"
7522.07,
7522.0700,"Coach Builder, Railway"
7522.0700,
7522.08,"Body Builder, Other Vehicles"
7522.08,
7522.0800,
7522.0800,"Body Builder, Other Vehicles"
7522.09,Wood Marker
7522.09,
7522.0900,Wood Marker
7522.0900,
7522.1,"Pattern Marker, Wood"
7522.1,
7522.1000,
7522.1000,"Pattern Marker, Wood"
7522.11,
7522.11,Cooper
7522.1100,Cooper
7522.1100,
7522.12,
7522.12,"Wood Carver, Hand"
7522.1200,"Wood Carver, Hand"
7522.1200,
7522.13,"Inlayer, Wood"
7522.13,
7522.1300,"Inlayer, Wood"
7522.1300,
7522.14,
7522.14,"Toy Maker, Wood"
7522.1400,"Toy Maker, Wood"
7522.1400,
7522.15,"Pith Worker, Wood"
7522.15,
7522.1500,
7522.1500,"Pith Worker, Wood"
7522.16,Picture Frame Maker
7522.16,
7522.1600,
7522.1600,Picture Frame Maker
7522.18,"Sports Goods Maker, Wood"
7522.18,
7522.1800,"Sports Goods Maker, Wood"
7522.1800,
7522.19,Wood Lacquerer
7522.19,
7522.1900,
7522.1900,Wood Lacquerer
7522.2,
7522.2,Wood Polisher
7522.2000,
7522.2000,Wood Polisher
7522.21,
7522.21,Paper Board Maker
7522.2100,
7522.2100,Paper Board Maker
7522.99,"Cabinet Makers and Related Workers, Other"
7522.99,Cabinet Makers and Related
7522.99,
7522.9900,Cabinet Makers and Related
7522.9900,
7522.9900,"Cabinet Makers and Related Workers, Other"
7523.01,"Wood Machinist, General"
7523.01,
7523.0100,
7523.0100,"Wood Machinist, General"
7523.02,"Wood  Turner, Machine"
7523.02,
7523.02,"Wood Turner, Machine"
7523.0200,"Wood Turner, Machine"
7523.0200,
7523.0200,"Wood  Turner, Machine"
7523.03,"Wood, Turner Hand"
7523.03,
7523.0300,
7523.0300,"Wood, Turner Hand"
7523.04,Shaper Wood
7523.04,
7523.0400,Shaper Wood
7523.0400,
7523.05,"Router, Wood"
7523.05,
7523.0500,"Router, Wood"
7523.0500,
7523.06,"Planer, Wood"
7523.06,
7523.0600,
7523.0600,"Planer, Wood"
7523.07,
7523.07,Four Cutter
7523.0700,
7523.0700,Four Cutter
7523.08,"Wood Sawyer, Hand"
7523.08,
7523.0800,
7523.0800,"Wood Sawyer, Hand"
7523.09,
7523.09,"Moulder, Wood"
7523.0900,"Moulder, Wood"
7523.0900,
7523.1,Mortiser Operator
7523.1,
7523.1000,
7523.1000,Mortiser Operator
7523.11,Tenoning Machine Operator
7523.11,
7523.11,Tennoning Machine Operator
7523.1100,
7523.1100,Tenoning Machine Operator
7523.1100,Tennoning Machine Operator
7523.12,Jointer Machine Operator
7523.12,
7523.1200,Jointer Machine Operator
7523.1200,
7523.13,Driller Wood
7523.13,
7523.1300,Driller Wood
7523.1300,
7523.14,Dowell Machine Operator
7523.14,
7523.1400,
7523.1400,Dowell Machine Operator
7523.15,Wood Wool Machine Operator
7523.15,
7523.1500,
7523.1500,Wood Wool Machine Operator
7523.16,
7523.16,"Wood Carver, Machine"
7523.1600,"Wood Carver, Machine"
7523.1600,
7523.17,
7523.17,Fret Saw Machine Operator
7523.1700,
7523.1700,Fret Saw Machine Operator
7523.18,Sander Operator
7523.18,
7523.1800,Sander Operator
7523.1800,
7523.99,Wood Working Machine Setters
7523.99,Wood Working Machine Setters and Setter
7523.99,
7523.9900,Wood Working Machine Setters
7523.9900,
7523.9900,Wood Working Machine Setters and Setter
7531.01,
7531.01,"Tailor, General"
7531.0100,"Tailor, General"
7531.0100,
7531.0101,Sampling Tailor
7531.0101,Sand Blast
7531.02,
7531.02,Dressmaker/Ladies Dressmaker
7531.02,Dress Maker /Ladies Dress Maker
7531.0200,Dressmaker/Ladies Dressmaker
7531.0200,Dress Maker /Ladies Dress Maker
7531.0200,
7531.03,Coat Maker
7531.03,
7531.0300,Coat Maker
7531.0300,
7531.04,Trouser Make r
7531.04,
7531.04,Trouser Maker
7531.0400,Trouser Maker
7531.0400,Trouser Make r
7531.0400,
7531.05,Shirt Maker
7531.05,
7531.0500,Shirt Maker
7531.0500,
7531.07,
7531.07,"Hat Maker, General"
7531.0700,
7531.0700,"Hat Maker, General"
7531.09,
7531.09,Cap Maker
7531.0900,
7531.0900,Cap Maker
7531.1,
7531.1,Wig Maker
7531.1000,
7531.1000,Wig Maker
7531.12,"Tailor, Fur"
7531.12,
7531.1200,"Tailor, Fur"
7531.1200,
7531.13,"Pattern Maker, Fur"
7531.13,
7531.1300,"Pattern Maker, Fur"
7531.1300,
7531.14,
7531.14,"Grader and Matcher, Fur"
7531.1400,"Grader and Matcher, Fur"
7531.1400,
7531.15,"Cutter, Fur"
7531.15,
7531.1500,"Cutter, Fur"
7531.1500,
7531.16,"Nailor, Fur"
7531.16,
7531.1600,"Nailor, Fur"
7531.1600,
7531.99,"Tailors, Dress Makers,  Furriers and"
7531.99,
7531.99,"Tailors, Dressmakers, Furriers and Hatters,"
7531.9900,
7531.9900,"Tailors, Dress Makers,  Furriers and"
7531.9900,"Tailors, Dressmakers, Furriers and Hatters,"
7532.01,
7532.01,Designer (Garment)
7532.0100,Designer (Garment)
7532.0100,
7532.02,
7532.02,"Designer, Leather Articles"
7532.0200,
7532.0200,"Designer, Leather Articles"
7532.03,Case Finisher (Leather Product)
7532.03,
7532.0300,Case Finisher (Leather Product)
7532.0300,
7532.05,"Frame Maker, Cap"
7532.05,
7532.0500,"Frame Maker, Cap"
7532.0500,
7532.06,
7532.06,Master Cutter (Garment)
7532.0600,Master Cutter (Garment)
7532.0600,
7532.07,"Cutter, Hand (Textile Product)"
7532.07,
7532.0700,
7532.0700,"Cutter, Hand (Textile Product)"
7532.09,"Cutter, Machine (Textile Product)"
7532.09,
7532.0900,"Cutter, Machine (Textile Product)"
7532.0900,
7532.0901,Occupational
7532.0901,Garment Cutter (CAM)
7532.0902,"Advance Pattern Maker, Garment"
7532.0902,Advertisement
7532.0903,Occupational
7532.0903,Layer  Man
7532.0903,Layerman
7532.1,"Cutter, Garment (Leather)"
7532.1,
7532.1000,
7532.1000,"Cutter, Garment (Leather)"
7532.1001,"Cutter, Goods and Garments (Leather)"
7532.1001,"Cutter, Goods and Garments"
7532.1001,"Cutter, Hand"
7532.11,"Cutter, Gloves (Leather)"
7532.11,
7532.1100,
7532.1100,"Cutter, Gloves (Leather)"
7532.12,Button Hole Maker
7532.12,
7532.1200,
7532.1200,Button Hole Maker
7532.13,
7532.13,Cutter Tent
7532.1300,Cutter Tent
7532.1300,
7532.99,
7532.99,Garment and Related Pattern
7532.99,Garment and Related Pattern Makers and
7532.9900,Garment and Related Pattern Makers and
7532.9900,Garment and Related Pattern
7532.9900,
7533.01,
7533.01,"Sewer, Hand"
7533.0100,
7533.0100,"Sewer, Hand"
7533.0201,
7533.0201,"Hand Embroiderer, General"
7533.0201,
7533.03,"Hand Embroiderer, Zari/Hand Embroider,"
7533.03,"Hand Embroiderer, Zari /Hand"
7533.03,
7533.0300,"Hand Embroiderer, Zari /Hand"
7533.0300,"Hand Embroiderer, Zari/Hand Embroider,"
7533.0300,
7533.06,Darner
7533.06,
7533.0600,
7533.0600,Darner
7533.07,"Sewer, Tent (Hand)"
7533.07,
7533.0700,
7533.0700,"Sewer, Tent (Hand)"
7533.08,Umbrella Maker
7533.08,
7533.0800,
7533.0800,Umbrella Maker
7533.09,
7533.09,Umbrella Examiner
7533.0900,Umbrella Examiner
7533.0900,
7533.1,Sail and Awning Maker
7533.1,
7533.1000,
7533.1000,Sail and Awning Maker
7533.11,
7533.11,"Tailor, Tent (Machine)"
7533.1100,
7533.1100,"Tailor, Tent (Machine)"
7533.12,
7533.12,Doll Maker
7533.1200,Doll Maker
7533.1200,
7533.99,"Sewers, Embroiderers and Related Workers,"
7533.99,"Sewers, Embroiderers and Related"
7533.99,
7533.9900,
7533.9900,"Sewers, Embroiderers and Related Workers,"
7533.9900,"Sewers, Embroiderers and Related"
7534.01,"Upholsterer, Furniture"
7534.01,
7534.0100,
7534.0100,"Upholsterer, Furniture"
7534.02,
7534.02,"Upholsterer, Orthopaedic"
7534.02,"Upholsterer, Orthopaedic Appliances"
7534.0200,"Upholsterer, Orthopaedic"
7534.0200,"Upholsterer, Orthopaedic Appliances"
7534.0200,
7534.03,
7534.03,"Upholsterer, Vehicle"
7534.0300,"Upholsterer, Vehicle"
7534.0300,
7534.04,Cushion Maker
7534.04,
7534.0400,Cushion Maker
7534.0400,
7534.05,
7534.05,Mattress Maker (Spring)
7534.0500,Mattress Maker (Spring)
7534.0500,
7534.99,"Upholsterers and Related Workers, Other"
7534.99,"Upholsterers and Related Workers,"
7534.99,
7534.9900,"Upholsterers and Related Workers, Other"
7534.9900,"Upholsterers and Related Workers,"
7534.9900,
7535.01,"Sorter, Hides and Skin"
7535.01,
7535.0100,
7535.0100,"Sorter, Hides and Skin"
7535.02,
7535.02,Flayer
7535.0200,
7535.0200,Flayer
7535.03,
7535.03,"Lime Pitman, Leather"
7535.0300,"Lime Pitman, Leather"
7535.0300,
7535.04,"Dehairer, Hand"
7535.04,
7535.04,"De-hairer, Hand"
7535.0400,"De-hairer, Hand"
7535.0400,"Dehairer, Hand"
7535.0400,
7535.05,
7535.05,"Flesher, Hand"
7535.0500,
7535.0500,"Flesher, Hand"
7535.06,Delimer
7535.06,
7535.0600,Delimer
7535.0600,
7535.07,
7535.07,"Scudder, Hand"
7535.0700,"Scudder, Hand"
7535.0700,
7535.09,
7535.09,"Fluffer, Hand"
7535.0900,"Fluffer, Hand"
7535.0900,
7535.1,"Staker, Hand"
7535.1,
7535.1000,
7535.1000,"Staker, Hand"
7535.11,Bark Pitman (Tanning)
7535.11,
7535.1100,
7535.1100,Bark Pitman (Tanning)
7535.12,Drum Man (Tanning)
7535.12,
7535.1200,Drum Man (Tanning)
7535.1200,
7535.13,
7535.13,"Leather, Currier"
7535.13,"Leath er, Currier"
7535.1300,"Leath er, Currier"
7535.1300,"Leather, Currier"
7535.1300,
7535.14,"Dyer, Leather"
7535.14,
7535.1400,
7535.1400,"Dyer, Leather"
7535.15,
7535.15,"Embosser, Leather"
7535.1500,
7535.1500,"Embosser, Leather"
7535.16,
7535.16,"Seasoner, Leather"
7535.1600,"Seasoner, Leather"
7535.1600,
7535.17,"Pelt Dresser, General"
7535.17,
7535.1700,
7535.1700,"Pelt Dresser, General"
7535.18,Pelt Grader
7535.18,
7535.1800,
7535.1800,Pelt Grader
7535.19,Pelt Flesher
7535.19,
7535.1900,
7535.1900,Pelt Flesher
7535.2,
7535.2,Pelt Plucker and Trimmer
7535.2000,Pelt Plucker and Trimmer
7535.2000,
7535.21,
7535.21,"Pelt Dyer, Hand"
7535.2100,"Pelt Dyer, Hand"
7535.2100,
7535.22,"Pelt, Stitcher"
7535.22,"Pelt, Strecher"
7535.22,
7535.2200,"Pelt, Strecher"
7535.2200,"Pelt, Stitcher"
7535.2200,
7535.99,"Pelt Dressers, Tanners and Fell"
7535.99,"Pelt Dressers, Tanners and Fell Mongers,"
7535.99,
7535.9900,
7535.9900,"Pelt Dressers, Tanners and Fell Mongers,"
7535.9900,"Pelt Dressers, Tanners and Fell"
7536.01,"Shoemaker, Hand"
7536.01,
7536.0100,"Shoemaker, Hand"
7536.0100,
7536.02,"Shoemaker, Orthopaedic  Shoe Maker, Orthopaedic makes"
7536.02,
7536.02,"Shoemaker, Orthopaedic"
7536.0200,"Shoemaker, Orthopaedic"
7536.0200,
7536.0200,"Shoemaker, Orthopaedic  Shoe Maker, Orthopaedic makes"
7536.03,
7536.03,"Shoe Repairer, Cobbler/Shoemaker Cobbler"
7536.03,"Shoe Repairer, Cobbler /Shoemaker"
7536.0300,"Shoe Repairer, Cobbler /Shoemaker"
7536.0300,"Shoe Repairer, Cobbler/Shoemaker Cobbler"
7536.0300,
7536.04,Pattern Maker (Footwear)
7536.04,
7536.04,Pattern Maker (Foot Wear)
7536.0400,Pattern Maker (Footwear)
7536.0400,Pattern Maker (Foot Wear)
7536.0400,
7536.05,
7536.05,"Cutter, Hand"
7536.0500,"Cutter, Hand"
7536.0500,
7536.06,"Skiver, Hand (Footwear)"
7536.06,
7536.06,"Skiver, Hand (Foot Wear)"
7536.0600,"Skiver, Hand (Foot Wear)"
7536.0600,"Skiver, Hand (Footwear)"
7536.0600,
7536.08,
7536.08,"Laster, Hand"
7536.0800,
7536.0800,"Laster, Hand"
7536.12,Counter Moulde r
7536.12,
7536.12,Counter Moulder
7536.1200,Counter Moulder
7536.1200,Counter Moulde r
7536.1200,
7536.15,"Sole Stitcher, Hand"
7536.15,
7536.1500,"Sole Stitcher, Hand"
7536.1500,
7536.16,
7536.16,"Heel Attacher, Hand (Foot Wear)"
7536.16,"Heel Attacher, Hand (Footwear)"
7536.1600,"Heel Attacher, Hand (Foot Wear)"
7536.1600,
7536.1600,"Heel Attacher, Hand (Footwear)"
7536.17,
7536.17,"Trimmer, Hand"
7536.1700,
7536.1700,"Trimmer, Hand"
7536.18,Harness Maker
7536.18,
7536.1800,
7536.1800,Harness Maker
7536.19,Saddler
7536.19,
7536.1900,
7536.1900,Saddler
7536.2,"Leather Cutter, Hand"
7536.2,
7536.2000,"Leather Cutter, Hand"
7536.2000,
7536.21,
7536.21,"Stitcher, Hand"
7536.2100,"Stitcher, Hand"
7536.2100,
7536.22,"Assembler, Hand"
7536.22,
7536.2200,"Assembler, Hand"
7536.2200,
7536.23,Suitcase Maker
7536.23,
7536.2300,Suitcase Maker
7536.2300,
7536.24,Purse Maker
7536.24,
7536.2400,
7536.2400,Purse Maker
7536.25,
7536.25,Whip Maker
7536.2500,Whip Maker
7536.2500,
7536.26,
7536.26,Belt Maker
7536.2600,Belt Maker
7536.2600,
7536.27,Horn Comb Maker (Hand)
7536.27,Horn Comb Maker (Hand)  Horn Comb Maker (Hand) makes horn
7536.27,
7536.2700,Horn Comb Maker (Hand)
7536.2700,
7536.2700,Horn Comb Maker (Hand)  Horn Comb Maker (Hand) makes horn
7536.99,"Shoe Maker and Related Workers,"
7536.99,
7536.99,"Shoemaker and Related Workers, Other"
7536.9900,"Shoe Maker and Related Workers,"
7536.9900,"Shoemaker and Related Workers, Other"
7536.9900,
7541.01,"Diver, Pearl"
7541.01,"Diver, Pearl  Diver, Pearl dives to sea bed to collect"
7541.01,
7541.0100,
7541.0100,"Diver, Pearl  Diver, Pearl dives to sea bed to collect"
7541.0100,"Diver, Pearl"
7541.02,
7541.02,"Diver, Chank"
7541.0200,"Diver, Chank"
7541.0200,
7541.03,Coral Breaker
7541.03,
7541.0300,
7541.0300,Coral Breaker
7541.04,Shell Gatherer
7541.04,
7541.0400,Shell Gatherer
7541.0400,
7541.05,
7541.05,Seaweed Gatherer
7541.05,"Seaweed Gatherer  Seaweed Gatherer collects by hand, from"
7541.0500,"Seaweed Gatherer  Seaweed Gatherer collects by hand, from"
7541.0500,Seaweed Gatherer
7541.0500,
7541.06,Dress  Diver
7541.06,Dress Diver
7541.06,
7541.0600,
7541.0600,Dress Diver
7541.0600,Dress  Diver
7541.07,
7541.07,Skin Diver
7541.0700,
7541.0700,Skin Diver
7541.99,
7541.99,"Underwater Divers , Other"
7541.99,"Underwater Divers, Other"
7541.9900,"Underwater Divers, Other"
7541.9900,"Underwater Divers , Other"
7541.9900,
7542.01,
7542.01,Shotfirer
7542.01,Shot  Firer
7542.0100,
7542.0100,Shot  Firer
7542.0100,Shotfirer
7542.0101,Person Handling Explosives
7542.0101,Personal and
7542.02,Safety Lamp Checker
7542.02,
7542.0200,Safety Lamp Checker
7542.0200,
7542.03,
7542.03,"Cobber, Mica"
7542.0300,
7542.0300,"Cobber, Mica"
7542.04,
7542.04,"Sickle Dresser, Mica"
7542.0400,
7542.0400,"Sickle Dresser, Mica"
7542.05,
7542.05,"Screener, Mica"
7542.0500,"Screener, Mica"
7542.0500,
7542.06,"Knife Dresser, Mica"
7542.06,
7542.0600,"Knife Dresser, Mica"
7542.0600,
7542.07,
7542.07,"Film Splitter, Mica"
7542.0700,"Film Splitter, Mica"
7542.0700,
7542.08,Deep Cell Attendant
7542.08,
7542.0800,Deep Cell Attendant
7542.0800,
7542.99,"Shot Firers and Blasters, Other"
7542.99,
7542.99,"Shotfirers  and Blasters, Other"
7542.9900,"Shotfirers  and Blasters, Other"
7542.9900,"Shot Firers and Blasters, Other"
7542.9900,
7543.0101,Cloth Examiner/Fabric Checker
7543.0101,
7543.0101,
7543.0201,QC Executive – Sewing Line
7543.0201,QC Executive -Sewing Line
7543.0201,Quality Assessor
7543.0202,Quality Assessor
7543.0202,Quality Assurance
7543.03,"Examiner, (Footwear)/Quality Controller"
7543.03,
7543.0300,"Examiner, (Footwear)/Quality Controller"
7543.0300,
7543.0301,Mechanic Aircraft
7543.0301,Measurement Checker
7543.0302,Inline Checker
7543.0302,Inner Layer and
7543.04,"Examiner, Dry Cleaning/Fabric Inspection"
7543.04,
7543.04,"Examiner, Dry Cleaning /Fabric"
7543.0400,
7543.0400,"Examiner, Dry Cleaning /Fabric"
7543.0400,"Examiner, Dry Cleaning/Fabric Inspection"
7543.05,
7543.05,"Examiner, Wood Working"
7543.0500,"Examiner, Wood Working"
7543.0500,
7543.0701,Industrial –
7543.0701,Incoming QC Technician
7543.0702,Final Product QC Technician
7543.0702,Final Quality
7543.0801,Functional Tester
7543.0802,Performance Tester
7543.0802,Performance
7543.0803,Occupational
7543.0803,Reliability Tester
7543.0804,Safety Testing Technician
7543.0804,Safety Testing
7543.0901,Functional Tester
7543.0901,Functional Tester – Medical Devices
7543.0901,Functional Tester -Medical Devices
7543.1001,Functional Tester -RAC
7543.1001,Functional Tester
7543.1001,Functional Tester – RAC
7543.1002,Functional Tester – TV
7543.1002,Functional Tester -TV
7543.1002,Fur And Leather
7543.1003,Safety Testing Technician -TV
7543.1003,Sail and Awning
7543.1003,Safety Testing Technician – TV
7543.1004,Safety Testing Technician – RACW
7543.1004,Safety Testing Technician -RACWO
7543.1004,Safety Testing
7543.1005,Performance Tester – RACW
7543.1005,Performance
7543.1005,Performance Tester -RACW
7543.1006,Periodontist
7543.1006,Performance Tester – TV
7543.1006,Performance Tester -TV
7543.1101,Testing Technician
7543.1101,Textile Designer
7543.2001,"Quality Inspector – Forged, Casted or"
7543.2001,Occupational
7543.2001,"Quality Inspector -forged, casted or"
7543.3001,Quality Control Inspector – Calendering
7543.3001,Quality Control Inspector -
7543.3001,Quality Control
7543.3002,Quality Control
7543.3002,Quality Control Inspector -
7543.3002,Quality Control Inspector – Dimension
7543.3003,Quality control Inspector -Extrusion
7543.3003,Quality Control Inspector – Extrusion
7543.3003,Quality Control
7543.3004,Quality Control
7543.3004,Quality Control Inspector -Statistical
7543.3004,Quality Control Inspector – Statistical
7543.3005,Quality Controller
7543.3005,Quality Control Inspector – Visual
7543.3005,Quality Control I nspector -Visual
7543.4001,Factory Compliance Auditor
7543.4001,Family Planning
7543.5001,Sampling Tailor
7543.5001,Sampling Co -Ordinator
7543.5001,Sampling Co-ordinator
7543.99,"Product Graders and Testers,"
7543.99,"Product Graders and Testers, Others"
7543.99,Product Specialist
7543.9900,Product Specialist
7543.9900,"Product Graders and Testers,"
7543.9900,"Product Graders and Testers, Others"
7848.8567,Police
8111.01,
8111.01,"Miner, Coal Cutting Machine"
8111.0100,
8111.0100,"Miner, Coal Cutting Machine"
8111.02,"Driller, Machine"
8111.02,
8111.0200,"Driller, Machine"
8111.0200,
8111.03,
8111.03,Wagon Driller
8111.0300,
8111.0300,Wagon Driller
8111.04,Diamond Driller
8111.04,
8111.0400,
8111.0400,Diamond Driller
8111.0401,Rigger
8111.0401,Rig Mounted  Drill Operator
8111.0401,Rig Mouted Drill Operator
8111.05,Pick Miners
8111.05,
8111.0500,
8111.0500,Pick Miners
8111.06,"Miner, Metal"
8111.06,
8111.0600,
8111.0600,"Miner, Metal"
8111.07,
8111.07,"Miner, Mica"
8111.0700,"Miner, Mica"
8111.0700,
8111.08,
8111.08,"Miner, Coal"
8111.0800,"Miner, Coal"
8111.0800,
8111.09,"Quarryman, Stone/Quarryman, Non -Metal"
8111.09,
8111.09,"Quarryman, Stone /Quarryman,"
8111.0900,
8111.0900,"Quarryman, Stone /Quarryman,"
8111.0900,"Quarryman, Stone/Quarryman, Non -Metal"
8111.1,"Quarryman, Other"
8111.1,
8111.1000,"Quarryman, Other"
8111.1000,
8111.11,Main Header Colliery
8111.11,
8111.1100,Main Header Colliery
8111.1100,
8111.12,"Stone Cutter, Mines"
8111.12,
8111.1200,
8111.1200,"Stone Cutter, Mines"
8111.13,"Roof Bolter, Mining"
8111.13,
8111.13,"Roof Bolter, M ining"
8111.1300,
8111.1300,"Roof Bolter, M ining"
8111.1300,"Roof Bolter, Mining"
8111.14,
8111.14,Mine Cutting and Channelling Machine
8111.14,Mine Cutting and Channelling
8111.1400,Mine Cutting and Channelling
8111.1400,
8111.1400,Mine Cutting and Channelling Machine
8111.15,
8111.15,"Timberman, Mines"
8111.1500,"Timberman, Mines"
8111.1500,
8111.16,
8111.16,"Creeperman, Colliery"
8111.1600,"Creeperman, Colliery"
8111.1600,
8111.17,
8111.17,Stowing Worker
8111.1700,
8111.1700,Stowing Worker
8111.18,"Packer, Rock"
8111.18,
8111.1800,"Packer, Rock"
8111.1800,
8111.19,
8111.19,"Sampler, Mining/Sampler Metal/Non -Metal"
8111.19,"Sampler, Mining /Sampler"
8111.1900,"Sampler, Mining/Sampler Metal/Non -Metal"
8111.1900,"Sampler, Mining /Sampler"
8111.1900,
8111.2,
8111.2,"Groove Cutter, Mining"
8111.2000,
8111.2000,"Groove Cutter, Mining"
8111.21,
8111.21,Bratticeman
8111.2100,Bratticeman
8111.2100,
8111.22,
8111.22,"Driller, Hand"
8111.2200,
8111.2200,"Driller, Hand"
8111.23,"Shaft Worker  Shaft  Worker  maintains cages, pulleys,"
8111.23,Shaft Worker
8111.23,
8111.2300,Shaft Worker
8111.2300,
8111.2300,"Shaft Worker  Shaft  Worker  maintains cages, pulleys,"
8111.24,Banksman
8111.24,
8111.2400,
8111.2400,Banksman
8111.25,Jackman
8111.25,
8111.2500,
8111.2500,Jackman
8111.26,
8111.26,"Scraper Driver, Mines"
8111.2600,
8111.2600,"Scraper Driver, Mines"
8111.2601,Sprinkler and Other Vehicle Driver
8111.2601,Spun Pipe
8111.27,"Shovel Operator, Mines"
8111.27,
8111.2700,"Shovel Operator, Mines"
8111.2700,
8111.28,
8111.28,"Trammer, Mines"
8111.2800,"Trammer, Mines"
8111.2800,
8111.2901,Wire Saw Operator
8111.2901,Wireless Inspector
8111.99,"Mines, Quarrymen and Related Workers,"
8111.99,
8111.99,"Mines, Quarrymen and Related"
8111.9900,
8111.9900,"Mines, Quarrymen and Related Workers,"
8111.9900,"Mines, Quarrymen and Related"
8112.01,
8112.01,"Crusher Operator, Mineral"
8112.0100,
8112.0100,"Crusher Operator, Mineral"
8112.02,
8112.02,Pulveriser Operator
8112.0200,Pulveriser Operator
8112.0200,
8112.03,
8112.03,Stamp Mill Operator
8112.0300,
8112.0300,Stamp Mill Operator
8112.04,
8112.04,Cyanide  Man
8112.04,Cynideman
8112.0400,Cyanide  Man
8112.0400,
8112.0400,Cynideman
8112.05,Precipitator
8112.05,
8112.0500,
8112.0500,Precipitator
8112.06,
8112.06,Washing Plant Operator
8112.0600,Washing Plant Operator
8112.0600,
8112.07,"Stone Sawyer, Machine"
8112.07,
8112.0700,
8112.0700,"Stone Sawyer, Machine"
8112.08,"Stone Cutter, Machine"
8112.08,
8112.0800,"Stone Cutter, Machine"
8112.0800,
8112.09,"Stone Polisher, Machine"
8112.09,
8112.0900,"Stone Polisher, Machine"
8112.0900,
8112.1,"Pipe Machine Man , Stoneware"
8112.1,
8112.1,"Pipe Machineman, Stoneware"
8112.1000,
8112.1000,"Pipe Machineman, Stoneware"
8112.1000,"Pipe Machine Man , Stoneware"
8112.11,
8112.11,"Thread Cutting Machine Operator,"
8112.1100,
8112.1100,"Thread Cutting Machine Operator,"
8112.12,
8112.12,Cone Operator (Mine and Quarry)
8112.12,Cone Operator (Mine & Quarry)
8112.1200,Cone Operator (Mine and Quarry)
8112.1200,
8112.1200,Cone Operator (Mine & Quarry)
8112.99,Mineral and Stone Processing Plant
8112.99,
8112.9900,Mineral and Stone Processing Plant
8112.9900,
8113.01,
8113.01,"Well Drillers, Petroleum and Gas"
8113.0100,"Well Drillers, Petroleum and Gas"
8113.0100,
8113.02,Derrickman
8113.02,
8113.0200,
8113.0200,Derrickman
8113.03,
8113.03,Mudman
8113.0300,
8113.0300,Mudman
8113.04,
8113.04,Cementer
8113.0400,
8113.0400,Cementer
8113.05,
8113.05,Well Puller
8113.0500,
8113.0500,Well Puller
8113.06,Scaperman
8113.06,
8113.0600,
8113.0600,Scaperman
8113.07,
8113.07,Gauger
8113.0700,
8113.0700,Gauger
8113.08,"Well Driller, Machine (Other than"
8113.08,
8113.0800,"Well Driller, Machine (Other than"
8113.0800,
8113.99,Well Drillers and Borers and Related
8113.99,
8113.99,Well Drillers and Borers and
8113.9900,
8113.9900,Well Drillers and Borers and Related
8113.9900,Well Drillers and Borers and
8114.01,
8114.01,Polishing Machine Operator
8114.01,Polishing Machine Operator (Mosaic)
8114.0100,
8114.0100,Polishing Machine Operator (Mosaic)
8114.0100,Polishing Machine Operator
8114.02,Batching and Mixing Plant Operator
8114.02,
8114.0200,
8114.0200,Batching and Mixing Plant Operator
8114.03,
8114.03,Concrete Mixer Operator
8114.0300,
8114.0300,Concrete Mixer Operator
8114.05,
8114.05,Cast Stone Maker
8114.0500,Cast Stone Maker
8114.0500,
8114.06,Lead Brush Maker (Abrasive Wheel)
8114.06,Lead Brush Maker (Abrasive
8114.06,
8114.0600,Lead Brush Maker (Abrasive
8114.0600,
8114.0600,Lead Brush Maker (Abrasive Wheel)
8114.07,Fettler (Brick & Tile)
8114.07,Fettler (Brick and Tile)
8114.07,
8114.0700,Fettler (Brick & Tile)
8114.0700,Fettler (Brick and Tile)
8114.0700,
8114.99,
8114.99,Cement and Other Mineral Products
8114.9900,Cement and Other Mineral Products
8114.9900,
8121.03,"Larry Car Driver, Furnace"
8121.03,
8121.0300,"Larry Car Driver, Furnace"
8121.0300,
8121.23,Shearing and Upcoiler Operator
8121.23,Shearing and Upcoiler Operator (Non -
8121.23,
8121.2300,Shearing and Upcoiler Operator (Non -
8121.2300,Shearing and Upcoiler Operator
8121.2300,
8121.24,Flattening Machine and Flying
8121.24,
8121.24,Flattening Machine and Flying Shear
8121.2400,Flattening Machine and Flying Shear
8121.2400,
8121.2400,Flattening Machine and Flying
8121.25,Slitting Machine Operator (Non -
8121.25,Slitting Machine Operator (Non -Ferrous
8121.25,
8121.2500,Slitting Machine Operator (Non -
8121.2500,Slitting Machine Operator (Non -Ferrous
8121.2500,
8121.27,"Roller, Second Hand, Strip Mill"
8121.27,
8121.27,"Roller, Second Hand, Strip Mill (Non -Ferrous"
8121.2700,"Roller, Second Hand, Strip Mill (Non -Ferrous"
8121.2700,"Roller, Second Hand, Strip Mill"
8121.2700,
8121.3,"Charger, Reveraberatory, Pulverised Coal"
8121.3,"Charger, Rever beratory, Pulverised"
8121.3,
8121.3000,"Charger, Rever beratory, Pulverised"
8121.3000,
8121.3000,"Charger, Reveraberatory, Pulverised Coal"
8121.31,
8121.31,"Melter Reveraberatory – Furnace,"
8121.3100,"Melter Reveraberatory – Furnace,"
8121.3100,
8121.33,Slag Flusher
8121.33,
8121.3300,Slag Flusher
8121.3300,
8121.3301,Casting Technician
8121.3301,Casting or Foundry
8121.3301,Casting or Foundry Assistant/Helper
8121.3701,Heat Treating Furnace Operator
8121.3701,
8121.3701,
8121.3801,Assistant Casting Technician
8121.3801,Assistant  Casting Technician
8121.3801,Assistant Hair
8121.42,Die Casting Machine Operator
8121.42,
8121.4200,Die Casting Machine Operator
8121.4200,
8121.4201,Pressure Die Casting Operator
8121.4201,Pressure Die Casting (PDC) Operator
8121.4201,Priest
8121.43,
8121.43,Casting Machine Operator (Non -Ferrous
8121.4300,Casting Machine Operator (Non -Ferrous
8121.4300,
8121.44,
8121.44,Casting – Operator Helper (Non -Ferrous
8121.44,Casting -Operator Helper
8121.4400,Casting – Operator Helper (Non -Ferrous
8121.4400,
8121.4400,Casting -Operator Helper
8121.45,Spun Pipe Machine Operator
8121.45,
8121.4500,Spun Pipe Machine Operator
8121.4500,
8121.46,
8121.46,"Core Maker, Machine"
8121.4600,
8121.4600,"Core Maker, Machine"
8121.47,
8121.47,"Annealer, Metal"
8121.4700,"Annealer, Metal"
8121.4700,
8121.48,
8121.48,"Hardener, Metal"
8121.4800,
8121.4800,"Hardener, Metal"
8121.49,
8121.49,"Temperer, Metal"
8121.49,"Temperer,  Metal"
8121.4900,
8121.4900,"Temperer,  Metal"
8121.4900,"Temperer, Metal"
8121.52,"Looper, Metal Drawing"
8121.52,
8121.5200,"Looper, Metal Drawing"
8121.5200,
8121.55,
8121.55,Seamless Pipe and Tube Drawers
8121.5500,Seamless Pipe and Tube Drawers
8121.5500,
8121.56,
8121.56,Extrusion Press Operator
8121.5600,
8121.5600,Extrusion Press Operator
8121.58,Meta l Drawing Operatives
8121.58,
8121.58,Metal Drawing Operatives
8121.5800,
8121.5800,Meta l Drawing Operatives
8121.5800,Metal Drawing Operatives
8121.99,
8121.99,"Metal Processing Plant Operators, Other"
8121.9900,"Metal Processing Plant Operators, Other"
8121.9900,
8122.01,
8122.01,Electroplater
8122.0100,
8122.0100,Electroplater
8122.0101,Surface Treatment Technician
8122.0101,"Surgeon, General"
8122.2,
8122.2,"Enameller, Chemical"
8122.2000,
8122.2000,"Enameller, Chemical"
8122.3,
8122.3,Reeling Machine Operator
8122.3000,Reeling Machine Operator
8122.3000,
8122.35,
8122.35,"Galvanizer/Operator – Electroplating,"
8122.35,Galvanizer /Operator -
8122.3500,Galvanizer /Operator -
8122.3500,
8122.3500,"Galvanizer/Operator – Electroplating,"
8122.55,
8122.55,Metal Sprayer
8122.5500,
8122.5500,Metal Sprayer
8122.6,
8122.6,"Sample Checker, Metal Making"
8122.6000,
8122.6000,"Sample Checker, Metal Making"
8122.62,Shot Blaster
8122.62,
8122.6200,
8122.6200,Shot Blaster
8122.67,Picker
8122.67,
8122.6700,
8122.6700,Picker
8122.69,
8122.69,"Hardness Tester, Metal"
8122.6900,
8122.6900,"Hardness Tester, Metal"
8122.7,Speeder Machine Operator (Abrasive
8122.7,
8122.7000,Speeder Machine Operator (Abrasive
8122.7000,
8122.71,
8122.71,Sizing Machine Operator (Abrasive
8122.71,Sizing Machine Operator (Abrasive Wheel)
8122.7100,
8122.7100,Sizing Machine Operator (Abrasive Wheel)
8122.7100,Sizing Machine Operator (Abrasive
8122.72,
8122.72,Abrasive Coated Cloth and Paper
8122.72,Abrasive Coated Cloth and Papermaker
8122.7200,Abrasive Coated Cloth and Paper
8122.7200,
8122.7200,Abrasive Coated Cloth and Papermaker
8122.73,
8122.73,Skiving Machine Operator (Abrasive)
8122.73,Skiving Machine Operator
8122.7300,
8122.7300,Skiving Machine Operator
8122.7300,Skiving Machine Operator (Abrasive)
8122.74,Belt Press Operator (Abrasive)
8122.74,Belt Press Operator (Abrasive)  Belt Press Operator; Pressing Machine
8122.74,
8122.7400,Belt Press Operator (Abrasive)
8122.7400,Belt Press Operator (Abrasive)  Belt Press Operator; Pressing Machine
8122.7400,
8122.75,Roll Winding Machine Operator (Abrasive)
8122.75,
8122.75,Roll Winding Machine Operator
8122.7500,Roll Winding Machine Operator (Abrasive)
8122.7500,
8122.7500,Roll Winding Machine Operator
8122.76,Sheet Cutter (Abrasive)
8122.76,
8122.7600,
8122.7600,Sheet Cutter (Abrasive)
8122.77,Slitting Machine Operator
8122.77,Slitting Machine Operator (Abrasive)
8122.77,
8122.7700,Slitting Machine Operator (Abrasive)
8122.7700,Slitting Machine Operator
8122.7700,
8122.78,Clicker Press Operator (Abrasive)
8122.78,
8122.7800,Clicker Press Operator (Abrasive)
8122.7800,
8122.79,
8122.79,Splint Feeder (Match)
8122.7900,
8122.7900,Splint Feeder (Match)
8122.8,
8122.8,Splint Drying Chamberman ( Match)
8122.8,Splint Drying Chamberman (Match)
8122.8000,
8122.8000,Splint Drying Chamberman ( Match)
8122.8000,Splint Drying Chamberman (Match)
8122.81,
8122.81,Levelling Machine Attendant
8122.81,Levelling Machine Attendant (Match)
8122.8100,Levelling Machine Attendant
8122.8100,Levelling Machine Attendant (Match)
8122.8100,
8122.99,"Metal Finishing, Plating and Coating"
8122.99,
8122.99,"Metal Finishing, Plating and"
8122.9900,
8122.9900,"Metal Finishing, Plating and"
8122.9900,"Metal Finishing, Plating and Coating"
8131.01,"Crusher Operator, Chemical"
8131.01,
8131.0100,
8131.0100,"Crusher Operator, Chemical"
8131.02,Miller /Mill Operator (Chemical)
8131.02,
8131.02,Miller/Mill Operator (Chemical)
8131.0200,Miller /Mill Operator (Chemical)
8131.0200,
8131.0200,Miller/Mill Operator (Chemical)
8131.03,
8131.03,"Pulveriser Operator, Chemical"
8131.0300,
8131.0300,"Pulveriser Operator, Chemical"
8131.04,Mixing Machineman Attendant (Chemical)
8131.04,Mixing Machine Man  Attendant
8131.04,
8131.0400,
8131.0400,Mixing Machineman Attendant (Chemical)
8131.0400,Mixing Machine Man  Attendant
8131.05,
8131.05,Compounding Man (Match)
8131.0500,Compounding Man (Match)
8131.0500,
8131.08,"Sieving Machine Attendant,"
8131.08,
8131.08,"Sieving Machine Attendant, Chemical"
8131.0800,
8131.0800,"Sieving Machine Attendant, Chemical"
8131.0800,"Sieving Machine Attendant,"
8131.09,
8131.09,Grading Machine Attendant
8131.09,Grading Machine Attendant (Abrasive)
8131.0900,Grading Machine Attendant (Abrasive)
8131.0900,Grading Machine Attendant
8131.0900,
8131.14,
8131.14,Drying Chamber Attendant
8131.1400,
8131.1400,Drying Chamber Attendant
8131.15,
8131.15,Drying Chamber Attendant (Match
8131.1500,
8131.1500,Drying Chamber Attendant (Match
8131.17,
8131.17,Size Maker (Abrasive)
8131.1700,Size Maker (Abrasive)
8131.1700,
8131.18,
8131.18,Paste Maker
8131.1800,Paste Maker
8131.1800,
8131.21,
8131.21,Ammonia Operator /Ammonia
8131.21,Ammonia Operator/Ammonia Plant
8131.2100,Ammonia Operator /Ammonia
8131.2100,Ammonia Operator/Ammonia Plant
8131.2100,
8131.22,Heat Treater
8131.22,
8131.2200,
8131.2200,Heat Treater
8131.23,Filter Press Operator
8131.23,
8131.2300,
8131.2300,Filter Press Operator
8131.24,Filter Press Operator (Ceramics)
8131.24,
8131.2400,Filter Press Operator (Ceramics)
8131.2400,
8131.25,"Strainer, Liquid"
8131.25,
8131.2500,
8131.2500,"Strainer, Liquid"
8131.26,
8131.26,Box Filtration Operator
8131.2600,Box Filtration Operator
8131.2600,
8131.27,
8131.27,Hydro Extractor Operator
8131.2700,
8131.2700,Hydro Extractor Operator
8131.28,
8131.28,Crude Oil Treater (Oil Field)
8131.2800,Crude Oil Treater (Oil Field)
8131.2800,
8131.29,
8131.29,Gauger (Cement)
8131.2900,
8131.2900,Gauger (Cement)
8131.3,Disc Operator (Abrasive)
8131.3,
8131.3000,
8131.3000,Disc Operator (Abrasive)
8131.31,Crude -Oil Treater (Petrol and Gas)
8131.31,Crude Oil Treater  (Petrol & Gas)
8131.31,
8131.3100,Crude -Oil Treater (Petrol and Gas)
8131.3100,
8131.3100,Crude Oil Treater  (Petrol & Gas)
8131.32,Brine Maker (Chemical)
8131.32,
8131.3200,Brine Maker (Chemical)
8131.3200,
8131.3501,
8131.3501,Autoclave Operator
8131.3501,
8131.36,Evaporator Operator
8131.36,
8131.3600,
8131.3600,Evaporator Operator
8131.37,Reactor Convertor Operator
8131.37,
8131.3700,
8131.3700,Reactor Convertor Operator
8131.38,Converter Operator (Grain -Feed
8131.38,
8131.38,Converter Operator (Grain Feed Mills)
8131.3800,Converter Operator (Grain -Feed
8131.3800,
8131.3800,Converter Operator (Grain Feed Mills)
8131.39,
8131.39,Distiller (Chemical)
8131.3900,Distiller (Chemical)
8131.3900,
8131.4,
8131.4,Continuous Machine Operator (Match Box
8131.4,Continuous Machine Operator
8131.4000,Continuous Machine Operator (Match Box
8131.4000,Continuous Machine Operator
8131.4000,
8131.41,Receiver (Match)
8131.41,
8131.4100,Receiver (Match)
8131.4100,
8131.42,Box Making Machine Operator
8131.42,
8131.42,Box Making Machine Operator (Match)
8131.4200,Box Making Machine Operator (Match)
8131.4200,
8131.4200,Box Making Machine Operator
8131.43,
8131.43,Box Filling Machine Operator (Match)
8131.43,Box Filling Machine Operator
8131.4300,Box Filling Machine Operator (Match)
8131.4300,
8131.4300,Box Filling Machine Operator
8131.44,
8131.44,Friction Machine Operator (Match)
8131.4400,Friction Machine Operator (Match)
8131.4400,
8131.45,
8131.45,Box Closing Machine Operator (Match)
8131.45,Box Closing Machine Operator
8131.4500,Box Closing Machine Operator
8131.4500,
8131.4500,Box Closing Machine Operator (Match)
8131.46,
8131.46,Bandroll and Labelling Machine Operator
8131.46,Band  roll and Labelling Machine
8131.4600,
8131.4600,Band  roll and Labelling Machine
8131.4600,Bandroll and Labelling Machine Operator
8131.49,"Coke Oven Operator, Controller"
8131.49,
8131.4900,"Coke Oven Operator, Controller"
8131.4900,
8131.56,
8131.56,"Charcoal Burner, Beehive Kiln (Chemical)"
8131.56,"Charcoal Burner, Beehive Kiln"
8131.5600,
8131.5600,"Charcoal Burner, Beehive Kiln"
8131.5600,"Charcoal Burner, Beehive Kiln (Chemical)"
8131.58,
8131.58,Producer Gas Plant Operator
8131.5800,
8131.5800,Producer Gas Plant Operator
8131.59,
8131.59,"Bale Cutter Operator, Rubber"
8131.59,"Bale Cutter  Operator, Rubber"
8131.5900,
8131.5900,"Bale Cutter  Operator, Rubber"
8131.5900,"Bale Cutter Operator, Rubber"
8131.6,
8131.6,"Masticator, Rubber"
8131.6000,"Masticator, Rubber"
8131.6000,
8131.61,Straining Operator (Rubber Reclaim)
8131.61,Straining Operator (Rubber
8131.61,
8131.6100,
8131.6100,Straining Operator (Rubber Reclaim)
8131.6100,Straining Operator (Rubber
8131.62,"Mixer, Rubber /Mill Operator"
8131.62,"Mixer, Rubber/Mill Operator"
8131.62,
8131.6200,"Mixer, Rubber/Mill Operator"
8131.6200,"Mixer, Rubber /Mill Operator"
8131.6200,
8131.63,"Solution and Dough Making,"
8131.63,
8131.63,"Solution and Dough Making, Operator,"
8131.6300,"Solution and Dough Making, Operator,"
8131.6300,
8131.6300,"Solution and Dough Making,"
8131.64,Synthetic Fibre Maker
8131.64,
8131.6400,Synthetic Fibre Maker
8131.6400,
8131.65,Refining Machine Operator (Oils
8131.65,
8131.65,Refining Machine Operator (Oils and
8131.6500,Refining Machine Operator (Oils and
8131.6500,
8131.6500,Refining Machine Operator (Oils
8131.66,Hydrogenation Operator (Oil and
8131.66,Hydrogenation Operator (Oil & Fats)/Oil
8131.66,
8131.6600,
8131.6600,Hydrogenation Operator (Oil & Fats)/Oil
8131.6600,Hydrogenation Operator (Oil and
8131.67,Deodorizer
8131.67,
8131.6700,
8131.6700,Deodorizer
8131.68,
8131.68,Crystallisation Attendant
8131.6800,Crystallisation Attendant
8131.6800,
8131.7,
8131.7,Tablet Machine Operator
8131.7000,Tablet Machine Operator
8131.7000,
8131.71,
8131.71,Tablet Coater
8131.7100,
8131.7100,Tablet Coater
8131.72,Ampoule Machine/Plant Operator
8131.72,Ampoule Machine /Plant Operator
8131.72,
8131.7200,Ampoule Machine/Plant Operator
8131.7200,
8131.7200,Ampoule Machine /Plant Operator
8131.75,M.B. Tester
8131.75,M.B. Tes ter
8131.75,
8131.7500,
8131.7500,M.B. Tester
8131.7500,M.B. Tes ter
8131.76,"Optical Examiner, Ampoules"
8131.76,
8131.7600,"Optical Examiner, Ampoules"
8131.7600,
8131.77,Acid Plant Operator
8131.77,
8131.7700,
8131.7700,Acid Plant Operator
8131.78,Sulphur Burner
8131.78,
8131.78,Sulphur  Burner
8131.7800,
8131.7800,Sulphur Burner
8131.7800,Sulphur  Burner
8131.8,Acid Concentrator
8131.8,
8131.8000,
8131.8000,Acid Concentrator
8131.81,"Acid Worker, Other"
8131.81,
8131.8100,"Acid Worker, Other"
8131.8100,
8131.82,"Cell Room Attendant, Chemical"
8131.82,
8131.8200,"Cell Room Attendant, Chemical"
8131.8200,
8131.83,
8131.83,Gas Storage Attendant
8131.8300,Gas Storage Attendant
8131.8300,
8131.84,Soap Machine Attendant
8131.84,
8131.8400,
8131.8400,Soap Machine Attendant
8131.85,"Extraction Attendant, Chemical"
8131.85,
8131.8500,"Extraction Attendant, Chemical"
8131.8500,
8131.87,Laboratory Attendant
8131.87,
8131.8700,Laboratory Attendant
8131.8700,
8131.88,
8131.88,Agarbati Maker
8131.88,Agarbatti Maker
8131.8800,Agarbatti Maker
8131.8800,Agarbati Maker
8131.8800,
8131.89,
8131.89,Pencil Maker
8131.8900,Pencil Maker
8131.8900,
8131.9,
8131.9,"Assembler, Marking Devices (Pen & Pencil)"
8131.9,"Assembler, Marking Devices (Pen"
8131.9000,"Assembler, Marking Devices (Pen"
8131.9000,"Assembler, Marking Devices (Pen & Pencil)"
8131.9000,
8131.99,
8131.99,"Chemical Products Machine Operators,"
8131.99,Chemical -Products Machine
8131.9900,Chemical -Products Machine
8131.9900,
8131.9900,"Chemical Products Machine Operators,"
8132.01,
8132.01,Printer Photographic
8132.0100,
8132.0100,Printer Photographic
8132.02,"Developer, Photographic"
8132.02,
8132.0200,
8132.0200,"Developer, Photographic"
8132.03,
8132.03,"Developer, Automatic (Photofinishing)"
8132.03,"Developer, Automatic"
8132.0300,"Developer, Automatic (Photofinishing)"
8132.0300,"Developer, Automatic"
8132.0300,
8132.04,
8132.04,"Enlarger, Photographic"
8132.0400,
8132.0400,"Enlarger, Photographic"
8132.05,
8132.05,"Retoucher, Photographic"
8132.0500,
8132.0500,"Retoucher, Photographic"
8132.06,
8132.06,Photographic Dark Room Operatives
8132.06,Photographic Dark Room
8132.0600,Photographic Dark Room
8132.0600,Photographic Dark Room Operatives
8132.0600,
8132.07,"Printing Machine Operator,"
8132.07,"Printing Machine Operator, Photographic"
8132.07,
8132.0700,"Printing Machine Operator, Photographic"
8132.0700,"Printing Machine Operator,"
8132.0700,
8132.08,
8132.08,Film Developing Machine Operator
8132.0800,Film Developing Machine Operator
8132.0800,
8132.09,Photographic Film and Paper
8132.09,Photographic Film and Papermaker
8132.09,
8132.0900,Photographic Film and Papermaker
8132.0900,Photographic Film and Paper
8132.0900,
8132.1,
8132.1,Linoleum Maker
8132.1000,Linoleum Maker
8132.1000,
8132.99,
8132.99,"Photographic Products Machine Operators,"
8132.9900,
8132.9900,"Photographic Products Machine Operators,"
8141.01,Calend er Machine Operator
8141.01,
8141.01,Calendar Machine Operator
8141.0100,Calend er Machine Operator
8141.0100,Calendar Machine Operator
8141.0100,
8141.0101,Pre-Assembly
8141.0101,Pre- and Post -Calendering Operator
8141.0101,Pre and Post Calendering Operator
8141.02,Cord Dipping Operator
8141.02,
8141.0200,Cord Dipping Operator
8141.0200,
8141.03,
8141.03,Extruding Machine Operator
8141.03,Extruding Machine Operator (Rubber)
8141.0300,
8141.0300,Extruding Machine Operator
8141.0300,Extruding Machine Operator (Rubber)
8141.0301,Fermentation Man
8141.0301,Feed Extruder Operator
8141.0302,Tube Extruder Operator
8141.0302,
8141.0302,
8141.04,Rubber Fabric Cutting Machine Operator
8141.04,Rubber Fabric Cutting Machine
8141.04,
8141.0400,
8141.0400,Rubber Fabric Cutting Machine
8141.0400,Rubber Fabric Cutting Machine Operator
8141.05,Slitting Machine Operator (Cycle
8141.05,Slitting Machine Operator (Cycle Tyre)
8141.05,
8141.0500,
8141.0500,Slitting Machine Operator (Cycle
8141.0500,Slitting Machine Operator (Cycle Tyre)
8141.06,
8141.06,Bead Maker (Rubber Tyre)
8141.0600,Bead Maker (Rubber Tyre)
8141.0600,
8141.07,Profiling Operator (Cycle Tyre)
8141.07,
8141.0700,Profiling Operator (Cycle Tyre)
8141.0700,
8141.0711,Continuous Curing Operator
8141.0711,Continuous
8141.0712,Roto Curing Operator
8141.0712,Rough Assorter
8141.0713,Inland and Coastal
8141.0713,Injection Moulding Operator
8141.0714,Transfer Moulding Operator
8141.0714,"Transferor,"
8141.0715,Interpreter
8141.0715,Internal Mixer Operator
8141.0716,Kneader Operator
8141.0716,"Knife Dresser,"
8141.08,Finishing Operator (Rubber Tyre)
8141.08,
8141.0800,Finishing Operator (Rubber Tyre)
8141.0800,
8141.09,Sealing and Valve Fitting Operator
8141.09,
8141.0900,Sealing and Valve Fitting Operator
8141.0900,
8141.1,Finishing Operator (Rubber Tube)
8141.1,
8141.1000,Finishing Operator (Rubber Tube)
8141.1000,
8141.11,Sheet Maker (Rubber)
8141.11,
8141.1100,Sheet Maker (Rubber)
8141.1100,
8141.1201,
8141.1201,Moulder (Rubber) /Compression
8141.1201,
8141.1201,Moulder (Rubber)/Compression Moulding
8141.1301,Calenderer Rubberised
8141.1301,Calenderer Rubberised Fabric/Operator -
8141.1301,
8141.1301,
8141.14,Hose Maker (Rubber Goods)
8141.14,
8141.1400,Hose Maker (Rubber Goods)
8141.1400,
8141.15,Latex Worker
8141.15,
8141.1500,
8141.1500,Latex Worker
8141.16,Latex Foam Cushion Maker
8141.16,
8141.1600,Latex Foam Cushion Maker
8141.1600,
8141.1701,Tyre Builder/Radial Building Operator
8141.1701,
8141.1701,Tyre Builder /Radial Building
8141.1701,
8141.1702,Tyre Building Operator – Commercial
8141.1702,Tyre Building
8141.1702,Tyre Building Operator -Commercial
8141.1703,Tyre Inflation
8141.1703,Tyre Building Operator – Passenger Vehicles
8141.1703,Tyre Building Operator -Passenger
8141.18,
8141.18,Tyre Moulder
8141.1800,Tyre Moulder
8141.1800,
8141.1801,Tyre Moulding Operator
8141.1801,Tyre Repairer
8141.19,
8141.19,Band Builder (Tyre Building)
8141.1900,Band Builder (Tyre Building)
8141.1900,
8141.2,Trimmer (Tyre Building)
8141.2,
8141.2000,Trimmer (Tyre Building)
8141.2000,
8141.21,
8141.21,Tyre Repairer
8141.2100,Tyre Repairer
8141.2100,
8141.22,"Moulder, Rubber Tube"
8141.22,
8141.2200,
8141.2200,"Moulder, Rubber Tube"
8141.23,Cycle Tube Reverser
8141.23,
8141.2300,
8141.2300,Cycle Tube Reverser
8141.24,Rubber Stamp Maker
8141.24,
8141.2400,
8141.2400,Rubber Stamp Maker
8141.99,"Rubber and Rubberised Product Makers,"
8141.99,Rubber and Rubberised Product
8141.99,
8141.9900,
8141.9900,"Rubber and Rubberised Product Makers,"
8141.9900,Rubber and Rubberised Product
8142.01,
8142.01,Tablet Machine Operator
8142.0100,
8142.0100,Tablet Machine Operator
8142.02,
8142.02,Laminating Press Operator (Plastic)
8142.0200,Laminating Press Operator (Plastic)
8142.0200,
8142.03,Extruding Machine Setter (Plastic)
8142.03,
8142.0300,
8142.0300,Extruding Machine Setter (Plastic)
8142.04,Extruding Machine Operator (Plastic)
8142.04,Extruding Machine Operator
8142.04,
8142.0400,Extruding Machine Operator (Plastic)
8142.0400,Extruding Machine Operator
8142.0400,
8142.0501,Injection Moulding Machine Operator
8142.0501,Injection Moulding Machine
8142.0501,
8142.0501,
8142.0502,Mouldman (Glass)
8142.0502,Moulding Operator
8142.0503,Encapsulation O perator
8142.0503,Energy Auditor
8142.0503,Encapsulation Operator
8142.06,Compression Moulding Machine Operator
8142.06,Compression Moulding Machine
8142.06,
8142.0600,Compression Moulding Machine Operator
8142.0600,
8142.0600,Compression Moulding Machine
8142.07,Bottle Blowing Machine Operator (Plastic)
8142.07,
8142.07,Bottle Blowing Machine Operator
8142.0700,Bottle Blowing Machine Operator (Plastic)
8142.0700,Bottle Blowing Machine Operator
8142.0700,
8142.08,
8142.08,Vacu um Plastic Forming Machine
8142.08,Vacuum Plastic Forming Machine Operator
8142.0800,
8142.0800,Vacu um Plastic Forming Machine
8142.0800,Vacuum Plastic Forming Machine Operator
8142.09,
8142.09,Embossing Machine Setter (Plastic)
8142.0900,Embossing Machine Setter (Plastic)
8142.0900,
8142.1,
8142.1,Embossing Machine Operator
8142.1,Embossing Machine Operator (Plastic)
8142.1000,Embossing Machine Operator (Plastic)
8142.1000,
8142.1000,Embossing Machine Operator
8142.11,
8142.11,Printing Machine Operator (Plastic)
8142.1100,Printing Machine Operator (Plastic)
8142.1100,
8142.12,Button Maker
8142.12,
8142.1200,
8142.1200,Button Maker
8142.13,Mould Setter (Plastic)
8142.13,
8142.1300,
8142.1300,Mould Setter (Plastic)
8142.1301,Plastic Products
8142.1301,Plastic Moulding Technician or Operator
8142.1301,Plastic Moulding Technician or
8142.14,
8142.14,"Moulder, Hand (Plastic)"
8142.1400,
8142.1400,"Moulder, Hand (Plastic)"
8142.15,Cementer (Plastic)
8142.15,
8142.1500,
8142.1500,Cementer (Plastic)
8142.16,Plastic Fabricator
8142.16,
8142.1600,
8142.1600,Plastic Fabricator
8142.99,Plastic Products Making
8142.99,
8142.99,"Plastic Products Making Operatives, Other"
8142.9900,
8142.9900,Plastic Products Making
8142.9900,"Plastic Products Making Operatives, Other"
8143.01,Cardboard Box Maker
8143.01,
8143.0100,Cardboard Box Maker
8143.0100,
8143.02,
8143.02,"Envelope Maker, Machine"
8143.0200,"Envelope Maker, Machine"
8143.0200,
8143.03,"Cellophane Bag Maker,  Machine"
8143.03,"Cellophane Bag Maker, Machine"
8143.03,
8143.0300,
8143.0300,"Cellophane Bag Maker,  Machine"
8143.0300,"Cellophane Bag Maker, Machine"
8143.04,
8143.04,"Flower Maker, Paper"
8143.0400,
8143.0400,"Flower Maker, Paper"
8143.05,
8143.05,Papier Mache Moulder
8143.0500,
8143.0500,Papier Mache Moulder
8143.99,
8143.99,"Paper Product Makers, Other"
8143.9900,
8143.9900,"Paper Product Makers, Other"
8151.01,"Garnette Machine Man , Woollen"
8151.01,
8151.01,"Garnett Machineman, Woollen"
8151.0100,"Garnette Machine Man , Woollen"
8151.0100,"Garnett Machineman, Woollen"
8151.0100,
8151.03,Rag Machine Man  (Woollen
8151.03,
8151.03,Rag Machineman (Woollen Textile)
8151.0300,Rag Machine Man  (Woollen
8151.0300,
8151.0300,Rag Machineman (Woollen Textile)
8151.04,Doubling Machine Operator (Textile)
8151.04,Doubling -Machine Operator
8151.04,
8151.0400,
8151.0400,Doubling -Machine Operator
8151.0400,Doubling Machine Operator (Textile)
8151.05,Combing Tenter
8151.05,
8151.0500,Combing Tenter
8151.0500,
8151.06,"Spinner, Frame (Textile)/Ring Frame Tenter"
8151.06,
8151.06,"Spinner, Frame (Textile)/Ring"
8151.0600,
8151.0600,"Spinner, Frame (Textile)/Ring"
8151.0600,"Spinner, Frame (Textile)/Ring Frame Tenter"
8151.07,Drawing Tenter
8151.07,
8151.0700,
8151.0700,Drawing Tenter
8151.1,
8151.1,Reeler Textile
8151.1000,
8151.1000,Reeler Textile
8151.11,
8151.11,Reed Man
8151.1100,
8151.1100,Reed Man
8151.12,Healdman (Textile)
8151.12,
8151.12,Healdman  (Textile)
8151.1200,
8151.1200,Healdman (Textile)
8151.1200,Healdman  (Textile)
8151.13,"Reeler, Silk"
8151.13,
8151.1300,
8151.1300,"Reeler, Silk"
8151.14,
8151.14,Yarn Tester
8151.1400,Yarn Tester
8151.1400,
8151.15,Warping Boy (Textile)/Wrapper
8151.15,Wrapping  Boy (Textile)/ Wrapper
8151.15,
8151.1500,Warping Boy (Textile)/Wrapper
8151.1500,Wrapping  Boy (Textile)/ Wrapper
8151.1500,
8151.16,Pin Setter (Textile)
8151.16,
8151.1600,Pin Setter (Textile)
8151.1600,
8151.17,
8151.17,Roller Coverer
8151.1700,Roller Coverer
8151.1700,
8151.18,Winder  Textile/Winding Operator
8151.18,Winder Textile/Winding Operator
8151.18,
8151.1800,
8151.1800,Winder  Textile/Winding Operator
8151.1800,Winder Textile/Winding Operator
8151.19,Size Mixer (Textile)
8151.19,
8151.1900,
8151.1900,Size Mixer (Textile)
8151.2,"Waterproofer, Textile"
8151.2,
8151.2000,"Waterproofer, Textile"
8151.2000,
8151.21,"Weighter, Silk"
8151.21,
8151.2100,
8151.2100,"Weighter, Silk"
8151.22,Fetler (Woollen Textile)
8151.22,
8151.2200,Fetler (Woollen Textile)
8151.2200,
8151.99,
8151.99,"Fibre Preparing, Spinning and Winding"
8151.99,"Fibre Preparing, Spinning and"
8151.9900,"Fibre Preparing, Spinning and Winding"
8151.9900,"Fibre Preparing, Spinning and"
8151.9900,
8152.01,
8152.01,Drawing Man
8152.0100,Drawing Man
8152.0100,
8152.02,"Doffer, Fly Frame /Speed Frame"
8152.02,
8152.02,"Doffer, Fly Frame/Speed Frame Operator"
8152.0200,
8152.0200,"Doffer, Fly Frame/Speed Frame Operator"
8152.0200,"Doffer, Fly Frame /Speed Frame"
8152.03,Knitting Jobber
8152.03,
8152.0300,
8152.0300,Knitting Jobber
8152.04,Card Cutter
8152.04,
8152.0400,
8152.0400,Card Cutter
8152.05,
8152.05,Mat Shearing Operator
8152.0500,Mat Shearing Operator
8152.0500,
8152.06,"Flat Knitter, Machine/Knitting Machine"
8152.06,"Flat Knitter, Machine /Knitting"
8152.06,
8152.0600,
8152.0600,"Flat Knitter, Machine/Knitting Machine"
8152.0600,"Flat Knitter, Machine /Knitting"
8152.07,Sock Knitter/Knitting machine
8152.07,
8152.07,Sock Knitter/Knitting Machine Operator –
8152.0700,Sock Knitter/Knitting machine
8152.0700,
8152.0700,Sock Knitter/Knitting Machine Operator –
8152.08,
8152.08,"Sock Knitter, Automatic Machine"
8152.0800,
8152.0800,"Sock Knitter, Automatic Machine"
8152.09,
8152.09,"Knitter, Machine/Knitting Machine"
8152.0900,
8152.0900,"Knitter, Machine/Knitting Machine"
8152.1,"Looperman, Hosiery"
8152.1,"Looper  Man, Hosiery"
8152.1,
8152.1000,
8152.1000,"Looper  Man, Hosiery"
8152.1000,"Looperman, Hosiery"
8152.11,Warp Knitter/Knitting Machine Operator –
8152.11,
8152.11,Warp Knitter/Knitting Machine
8152.1100,Warp Knitter/Knitting Machine Operator –
8152.1100,
8152.1100,Warp Knitter/Knitting Machine
8152.12,
8152.12,"Weaver, Lace (Machine)"
8152.1200,
8152.1200,"Weaver, Lace (Machine)"
8152.13,"Braid Maker, Machine/Braiding Machine"
8152.13,"Braid Maker, M achine/Braiding"
8152.13,
8152.1300,
8152.1300,"Braid Maker, Machine/Braiding Machine"
8152.1300,"Braid Maker, M achine/Braiding"
8152.14,Lace Maker (Machine)
8152.14,
8152.1400,Lace Maker (Machine)
8152.1400,
8152.16,Warp Tying Machine  Man
8152.16,
8152.16,Warp Tying Machineman
8152.1600,Warp Tying Machineman
8152.1600,
8152.1600,Warp Tying Machine  Man
8152.17,
8152.17,Wrapper
8152.1700,
8152.1700,Wrapper
8152.2,Front Sizer (Cotton Textile)
8152.2,
8152.2000,
8152.2000,Front Sizer (Cotton Textile)
8152.21,Back Sizer
8152.21,
8152.2100,
8152.2100,Back Sizer
8152.99,"Weaving and Knitting Machine Operators,"
8152.99,Weaving and Knitting Machine
8152.99,
8152.9900,Weaving and Knitting Machine
8152.9900,
8152.9900,"Weaving and Knitting Machine Operators,"
8153.0101,"Sewing Machine Operator, General"
8153.0101,
8153.0101,
8153.0102,Stitcher (Leather Goods and Garments)
8153.0102,Occupational
8153.0102,Stitcher (Leather Goods and
8153.0103,Specialized Sewing Machine
8153.0103,Specialized Sewing Machine Operator
8153.0103,Speech Language
8153.0111,Occupation
8153.02,"Button Hole Maker, Machine"
8153.02,
8153.0200,
8153.0200,"Button Hole Maker, Machine"
8153.03,Eyelet Holing Machine Operator
8153.03,
8153.0300,Eyelet Holing Machine Operator
8153.0300,
8153.04,Button Stitching Machine Operator
8153.04,
8153.0400,
8153.0400,Button Stitching Machine Operator
8153.05,"Embroider, Machine"
8153.05,
8153.0500,"Embroider, Machine"
8153.0500,
8153.06,
8153.06,Embroidery Machine Operator (Semi -
8153.06,Embroidery -Machine Operator
8153.0600,Embroidery Machine Operator (Semi -
8153.0600,Embroidery -Machine Operator
8153.0600,
8153.0601,Embroidery Machine Operator (Zig
8153.0601,Embroidery Machine Operator (Zig Zag
8153.0601,Emergency
8153.0701,Framer – Computerised Embroidery
8153.0701,Framer -Computerised Embroidery
8153.0701,Freelance
8153.0702,Helper -Parts Making (Leather
8153.0702,Helper – Upper
8153.0702,Helper – Parts Making (Leather Goods and
8153.0703,Helper -Finishing Operations
8153.0703,Helper – Parts
8153.0703,Helper – Finishing Operations (Leather
8153.99,"Sewers and Embroiders, Other"
8153.99,
8153.9900,"Sewers and Embroiders, Other"
8153.9900,
8154.02,Kierman (Textile)/Package Dyeing Machine
8154.02,
8154.02,Kierman (Textile)/Package Dyeing
8154.0200,Kierman (Textile)/Package Dyeing
8154.0200,Kierman (Textile)/Package Dyeing Machine
8154.0200,
8154.03,
8154.03,"Scouringman, Woollen Yarn"
8154.03,"Scouring  Man, Wool len Yarn"
8154.0300,
8154.0300,"Scouring  Man, Wool len Yarn"
8154.0300,"Scouringman, Woollen Yarn"
8154.05,
8154.05,Washing Machineman
8154.05,Washing Machine Man
8154.0500,
8154.0500,Washing Machineman
8154.0500,Washing Machine Man
8154.06,"De-Gummer, Silk"
8154.06,
8154.0600,"De-Gummer, Silk"
8154.0600,
8154.07,"Carbonizer, Textile"
8154.07,"Carboniser, Textile"
8154.07,
8154.0700,"Carbonizer, Textile"
8154.0700,"Carboniser, Textile"
8154.0700,
8154.08,"Scutcher  Man, Bleaching"
8154.08,"Scutcherman, Bleaching"
8154.08,
8154.0800,"Scutcherman, Bleaching"
8154.0800,
8154.0800,"Scutcher  Man, Bleaching"
8154.09,Dyed -Yarn Operator (Textile)
8154.09,Dyed - Yarn Operator (Textile)
8154.09,
8154.0900,Dyed -Yarn Operator (Textile)
8154.0900,
8154.0900,Dyed - Yarn Operator (Textile)
8154.1,
8154.1,Jiggerman (Cotton Textile)/Jigger Machine
8154.1,Jigger  Man (Cotton Textile)/Jigger
8154.1000,
8154.1000,Jiggerman (Cotton Textile)/Jigger Machine
8154.1000,Jigger  Man (Cotton Textile)/Jigger
8154.11,Dye Automation Operator
8154.11,Dye Automation Operator (Textile)/ Dyeing
8154.1100,Dye Automation Operator (Textile)/ Dyeing
8154.1100,Dye Automation Operator
8154.12,Wool Dyer
8154.12,
8154.1200,Wool Dyer
8154.1200,
8154.15,
8154.15,Dyer Garment
8154.15,Dyer G arment
8154.1500,Dyer G arment
8154.1500,
8154.1500,Dyer Garment
8154.17,
8154.17,Damping Machine Attendant
8154.1700,
8154.1700,Damping Machine Attendant
8154.18,Calenderman (Cotton Textile)
8154.18,
8154.1800,
8154.1800,Calenderman (Cotton Textile)
8154.19,
8154.19,Miller
8154.1900,Miller
8154.1900,
8154.2,Raising Machine Man  (Textile)
8154.2,
8154.2,Raising Machineman (Textile)
8154.2000,Raising Machine Man  (Textile)
8154.2000,
8154.2000,Raising Machineman (Textile)
8154.21,
8154.21,Stentering Machineman/Stentering
8154.21,Stentering Machine
8154.2100,Stentering Machine
8154.2100,
8154.2100,Stentering Machineman/Stentering
8154.22,Cropper
8154.22,
8154.2200,
8154.2200,Cropper
8154.23,Padding Machineman/Padding Mangle
8154.23,Padding Machine Man /Padding
8154.23,
8154.2300,Padding Machineman/Padding Mangle
8154.2300,
8154.2300,Padding Machine Man /Padding
8154.24,Brushing Machineman (Textile)
8154.24,Brushing Machine Man  (Textile)
8154.24,
8154.2400,Brushing Machineman (Textile)
8154.2400,Brushing Machine Man  (Textile)
8154.2400,
8154.25,
8154.25,Crabbing Machineman (Woollen Textile)
8154.25,Crabbing Machine  Man (Woollen
8154.2500,Crabbing Machineman (Woollen Textile)
8154.2500,
8154.2500,Crabbing Machine  Man (Woollen
8154.26,Sanforizing Machineman
8154.26,Sanforizing Machine Man
8154.26,
8154.2600,Sanforizing Machineman
8154.2600,
8154.2600,Sanforizing Machine Man
8154.27,Singeing Machine Man /Singeing
8154.27,Singeing Machineman/Singeing Machine
8154.27,
8154.2700,Singeing Machine Man /Singeing
8154.2700,Singeing Machineman/Singeing Machine
8154.2700,
8154.99,"Bleaching, Dyeing and Cleaning"
8154.99,"Bleaching, Dyeing and Cleaning Machine"
8154.99,
8154.9900,"Bleaching, Dyeing and Cleaning Machine"
8154.9900,
8154.9900,"Bleaching, Dyeing and Cleaning"
8155.01,"Dehairer, Machine/Dehairer Machine"
8155.01,
8155.01,"De-Hairer, Machine /De-Hairer"
8155.0100,"Dehairer, Machine/Dehairer Machine"
8155.0100,"De-Hairer, Machine /De-Hairer"
8155.0100,
8155.0201,"Flesher, Machine/Fleshing Operator"
8155.0201,"Flesher, Machine /Fleshing"
8155.0201,
8155.0201,
8155.03,
8155.03,"Scudder, Machine /Scudding"
8155.03,"Scudder, Machine/Scudding Machine"
8155.0300,
8155.0300,"Scudder, Machine /Scudding"
8155.0300,"Scudder, Machine/Scudding Machine"
8155.04,
8155.04,"Hide and Skin Setter,"
8155.04,"Hide and Skin Setter, Machine/Setting"
8155.0400,"Hide and Skin Setter,"
8155.0400,"Hide and Skin Setter, Machine/Setting"
8155.0400,
8155.05,"Hide Splitter, Machine/Splitting Machine"
8155.05,
8155.05,"Hide Splitter, Machine /Splitting"
8155.0500,
8155.0500,"Hide Splitter, Machine/Splitting Machine"
8155.0500,"Hide Splitter, Machine /Splitting"
8155.0501,Splitting and Sammying Operator (Leather)
8155.0501,Sports Coach
8155.0501,Splitting and Sammying Operator
8155.0601,"Hide Shaver, Machine/Shaving Operator"
8155.0601,"Hide Shaver, Machine /Shaving"
8155.0601,
8155.0601,
8155.07,"Staker, Machine/Staking Machine Operator"
8155.07,"Staker, Machine /Staking Machine"
8155.07,
8155.0700,"Staker, Machine /Staking Machine"
8155.0700,"Staker, Machine/Staking Machine Operator"
8155.0700,
8155.0801,"Leather Buffer, Machine/Buffing Operator"
8155.0801,
8155.0801,"Leather Buffer, Machine/Buffing"
8155.0801,
8155.09,
8155.09,"Leather Glazer, Machine/Glazing Machine"
8155.09,"Leather Glazer, Machine /Glazing"
8155.0900,"Leather Glazer, Machine /Glazing"
8155.0900,
8155.0900,"Leather Glazer, Machine/Glazing Machine"
8155.1,Rolling Machine Operator (Leather)
8155.1,Rolling Machine O perator (Leather)
8155.1,
8155.1000,
8155.1000,Rolling Machine O perator (Leather)
8155.1000,Rolling Machine Operator (Leather)
8155.1101,
8155.1101,
8155.1101,"Tanner, Rotary Drum, Continuous"
8155.1101,"Tanner, Rotary Drum, Continuous Process"
8155.1102,Post Tanning Machine Operator
8155.1102,Postman
8155.12,Leather Measuring Machine
8155.12,
8155.1200,Leather Measuring Machine
8155.1200,
8155.1201,
8155.1201,Helper – Wet Operations (Multi -Skilled)
8155.1201,Helper -Wet Operations
8155.1201,
8155.1202,Helper – Dry Operations (Finished Leather)
8155.1202,Helper – Finishing
8155.1202,Helper -Dry Operations (Finished
8155.1203,Helper – Finishing
8155.1203,Helper -Finishin g Operation
8155.1203,Helper – Finishing Operation(Finished
8155.99,
8155.99,Fur and Leather Preparing Machine
8155.99,Fur And Leather Preparing Machine
8155.9900,
8155.9900,Fur And Leather Preparing Machine
8155.9900,Fur and Leather Preparing Machine
8156.01,Pounding Machine Operator (Foot -
8156.01,
8156.01,Pounding Machine Operator (Footwear)
8156.0100,
8156.0100,Pounding Machine Operator (Footwear)
8156.0100,Pounding Machine Operator (Foot -
8156.02,"Heel Breaster, Machine"
8156.02,
8156.02,"Heel Breaster, Machine (Foot -"
8156.0200,"Heel Breaster, Machine"
8156.0200,"Heel Breaster, Machine (Foot -"
8156.0200,
8156.04,
8156.04,"Heel Builder, Mac hine (Foot -"
8156.04,"Heel Builder, Machine (Footwear)/Machine"
8156.0400,
8156.0400,"Heel Builder, Machine (Footwear)/Machine"
8156.0400,"Heel Builder, Mac hine (Foot -"
8156.05,Sole Rounding Machine Operator
8156.05,
8156.0500,
8156.0500,Sole Rounding Machine Operator
8156.06,"Nailer, Machine/Machine Operator, Nailing"
8156.06,"Nailer, Machine /Machine"
8156.06,
8156.0600,"Nailer, Machine/Machine Operator, Nailing"
8156.0600,
8156.0600,"Nailer, Machine /Machine"
8156.0701,
8156.0701,
8156.0701,"Cutter, Machine/Cutter (Footwear)"
8156.0701,"Cutter, Machine/C utter (Footwear)"
8156.08,
8156.08,"Leather Cutter, Machine"
8156.0800,"Leather Cutter, Machine"
8156.0800,
8156.09,"Welt Sewer, Machine/Machine Operator,"
8156.09,"Welt Sewer, Machine /Machine"
8156.09,
8156.0900,"Welt Sewer, Machine /Machine"
8156.0900,
8156.0900,"Welt Sewer, Machine/Machine Operator,"
8156.0901,Stitching Operator (Footwear)
8156.0901,"Stock Clerks, Other"
8156.1001,
8156.1001,"Skiver, Machine/Skiving Operator"
8156.1001,
8156.1401,"Laster, Machine/Lasting Operator"
8156.1401,
8156.1401,
8156.15,"Sole Stitcher, Machine"
8156.15,
8156.1500,
8156.1500,"Sole Stitcher, Machine"
8156.16,"Seat Laster, Machine /Lasting"
8156.16,"Seat Laster, Machine/Lasting Machine"
8156.16,
8156.1600,"Seat Laster, Machine/Lasting Machine"
8156.1600,
8156.1600,"Seat Laster, Machine /Lasting"
8156.17,
8156.17,"Splitter, Machine/Splitting Machine"
8156.17,"Splitter, Machine /Splitting"
8156.1700,"Splitter, Machine /Splitting"
8156.1700,
8156.1700,"Splitter, Machine/Splitting Machine"
8156.18,
8156.18,"Heeler, Machine/Heel Attacher"
8156.18,"Heeler , Machine /Heel Attacher"
8156.1800,
8156.1800,"Heeler , Machine /Heel Attacher"
8156.1800,"Heeler, Machine/Heel Attacher"
8156.19,
8156.19,"Heel Compressor, Machine (Footwear)"
8156.19,"Heel Compressor, Machine (Foot"
8156.1900,"Heel Compressor, Machine (Footwear)"
8156.1900,"Heel Compressor, Machine (Foot"
8156.1900,
8156.2,"Sole Leveller, Machine"
8156.2,
8156.2000,"Sole Leveller, Machine"
8156.2000,
8156.21,"Trimmer, M achine"
8156.21,"Trimmer, Machine"
8156.21,
8156.2100,"Trimmer, M achine"
8156.2100,"Trimmer, Machine"
8156.2100,
8156.22,"Edge Setter, Machine"
8156.22,
8156.2200,
8156.2200,"Edge Setter, Machine"
8156.23,
8156.23,Edge Burnisher
8156.2300,
8156.2300,Edge Burnisher
8156.24,
8156.24,Heel Padding Machine Operator
8156.2400,
8156.2400,Heel Padding Machine Operator
8156.25,Eyeleting Machine Operator
8156.25,Eyeletting Machine Operator
8156.25,
8156.2500,Eyeleting Machine Operator
8156.2500,
8156.2500,Eyeletting Machine Operator
8156.2501,Pre-Assembly Operator
8156.2501,Precipitator
8156.26,
8156.26,Riveting Machine Operator
8156.2600,
8156.2600,Riveting Machine Operator
8156.2601,Helper – Bottom Making
8156.2601,Helper – Dry
8156.2601,Helper – Bottom Making (Footwear)
8156.2602,Helper – Upper Making (Footwear)
8156.2602,Helper – Wet
8156.2602,Helper –Upper Making (Footwear)
8156.2603,Helper -Finishing (Footwear)
8156.2603,Helper – Finishing
8156.2603,Helper – Finishing (Footwear)
8156.99,"Cutting, Lasting and Sewing Machine"
8156.99,
8156.99,"Cutting, Lasting and Sewing"
8156.9900,
8156.9900,"Cutting, Lasting and Sewing Machine"
8156.9900,"Cutting, Lasting and Sewing"
8157.01,Washing Machine Operator
8157.01,
8157.0100,
8157.0100,Washing Machine Operator
8157.02,
8157.02,Drying Machine Operator
8157.0200,
8157.0200,Drying Machine Operator
8157.03,"Dry Cleaner, Machine"
8157.03,
8157.0300,"Dry Cleaner, Machine"
8157.0300,
8157.04,"Presser, Machine/Ironing Operator"
8157.04,
8157.0400,"Presser, Machine/Ironing Operator"
8157.0400,
8157.0401,Pressman
8159.01,"Folder, Machine/Folding Machine Operator"
8159.01,"Folder, Machine/Folding Machine"
8159.01,
8159.0100,
8159.0100,"Folder, Machine/Folding Machine"
8159.0100,"Folder, Machine/Folding Machine Operator"
8159.02,"Splicing -Machine Operator,"
8159.02,
8159.02,"Splicing – Machine Operator, Automatic"
8159.0200,"Splicing -Machine Operator,"
8159.0200,"Splicing – Machine Operator, Automatic"
8159.0200,
8159.03,
8159.03,Balling – Machine Operator (Textile)
8159.03,Balling -Machine Operator (Textile)
8159.0300,
8159.0300,Balling -Machine Operator (Textile)
8159.0300,Balling – Machine Operator (Textile)
8159.04,Press Operator
8159.04,
8159.0400,Press Operator
8159.0400,
8159.99,
8159.99,"Leather Cutters, Lasters and Sewers and"
8159.99,"Leather Cutters, Lasters and Sewers"
8159.9900,"Leather Cutters, Lasters and Sewers and"
8159.9900,
8159.9900,"Leather Cutters, Lasters and Sewers"
8160.03,
8160.03,Pasteurising Plant Operator (Dairy)
8160.0300,
8160.0300,Pasteurising Plant Operator (Dairy)
8160.04,Mixing Tank Operator
8160.04,
8160.0400,Mixing Tank Operator
8160.0400,
8160.05,Dairy Processing Equipment Operator
8160.05,Dairy Processing Equipment
8160.05,
8160.0500,
8160.0500,Dairy Processing Equipment Operator
8160.0500,Dairy Processing Equipment
8160.07,"Miller, Food Grains"
8160.07,
8160.0700,"Miller, Food Grains"
8160.0700,
8160.08,"Husker, Machine (Food Grains)"
8160.08,
8160.0800,"Husker, Machine (Food Grains)"
8160.0800,
8160.09,"Rollerman, (Food Grains)"
8160.09,
8160.09,"Roller Man , (Food Grains)"
8160.0900,
8160.0900,"Rollerman, (Food Grains)"
8160.0900,"Roller Man , (Food Grains)"
8160.1,
8160.1,Flour Mill Operator
8160.1000,Flour Mill Operator
8160.1000,
8160.11,
8160.11,"Siever, Machine"
8160.1100,
8160.1100,"Siever, Machine"
8160.12,
8160.12,"Oil Crusher Operator, Power"
8160.1200,"Oil Crusher Operator, Power"
8160.1200,
8160.13,
8160.13,Filter Press Operator (Oil)
8160.1300,Filter Press Operator (Oil)
8160.1300,
8160.15,Wafer Baking Machine Operator
8160.15,
8160.15,Wafer Baking Machine Operator (Baking)
8160.1500,Wafer Baking Machine Operator (Baking)
8160.1500,
8160.1500,Wafer Baking Machine Operator
8160.16,
8160.16,Cooker Operator
8160.1600,Cooker Operator
8160.1600,
8160.17,Cutting Machine Operator
8160.17,Cutting Machine Operator (Confectionery)
8160.17,
8160.1700,Cutting Machine Operator
8160.1700,
8160.1700,Cutting Machine Operator (Confectionery)
8160.18,"Chocolate Maker, Helper"
8160.18,
8160.1800,"Chocolate Maker, Helper"
8160.1800,
8160.19,
8160.19,"Flake Miller, Wheat and Oats (Grain -Feed"
8160.1900,"Flake Miller, Wheat and Oats (Grain -Feed"
8160.1900,
8160.2,Noodle Press Operator
8160.2,
8160.2000,Noodle Press Operator
8160.2000,
8160.22,Peeling Machine Operator  (Food
8160.22,Peeling Machine Operator (Food Canning
8160.22,
8160.2200,Peeling Machine Operator (Food Canning
8160.2200,
8160.2200,Peeling Machine Operator  (Food
8160.23,Pitting Machine Operator (Food
8160.23,
8160.23,Pitting Machine Operator (Food Canning
8160.2300,Pitting Machine Operator (Food
8160.2300,Pitting Machine Operator (Food Canning
8160.2300,
8160.24,Fruit Press Operator (Food Canning and
8160.24,Fruit Press Operator (Food Canning
8160.24,
8160.2400,Fruit Press Operator (Food Canning and
8160.2400,Fruit Press Operator (Food Canning
8160.2400,
8160.25,Seaming Machine Operator (Food Canning
8160.25,
8160.25,Seaming Machine Operator (Food
8160.2500,
8160.2500,Seaming Machine Operator (Food Canning
8160.2500,Seaming Machine Operator (Food
8160.26,Retort Operator (Food Canning and
8160.26,
8160.2600,Retort Operator (Food Canning and
8160.2600,
8160.27,Processing Man (Food Canning and
8160.27,
8160.27,Processing Man (Food Can ning and
8160.2700,Processing Man (Food Canning and
8160.2700,Processing Man (Food Can ning and
8160.2700,
8160.28,Panman (Food Canning and Preserving)
8160.28,Panman (Food Canning and
8160.28,
8160.2800,Panman (Food Canning and Preserving)
8160.2800,
8160.2800,Panman (Food Canning and
8160.29,
8160.29,Exhaust Box Operator (Food Canning and
8160.29,Exhaust Box Operator (Food
8160.2900,Exhaust Box Operator (Food Canning and
8160.2900,
8160.2900,Exhaust Box Operator (Food
8160.3,Foodstuff Freezer
8160.3,
8160.3000,
8160.3000,Foodstuff Freezer
8160.31,
8160.31,Peanut Blancher
8160.3100,Peanut Blancher
8160.3100,
8160.32,
8160.32,Dehydrator Tender (Canning and
8160.32,Dehydrator Tender (Canning &
8160.3200,Dehydrator Tender (Canning &
8160.3200,Dehydrator Tender (Canning and
8160.3200,
8160.33,Refining -Machine Operator (Oi l
8160.33,Refining – Machine Operator (Oil & Grease)
8160.33,
8160.3300,
8160.3300,Refining -Machine Operator (Oi l
8160.3300,Refining – Machine Operator (Oil & Grease)
8160.34,
8160.34,"Crusher Operator, Sugarcane"
8160.3400,
8160.3400,"Crusher Operator, Sugarcane"
8160.35,Filter Pressman
8160.35,
8160.3500,Filter Pressman
8160.3500,
8160.36,Dorr Clarifier Operator
8160.36,
8160.3600,
8160.3600,Dorr Clarifier Operator
8160.37,
8160.37,"Evaporator Operator, Sugar"
8160.3700,"Evaporator Operator, Sugar"
8160.3700,
8160.38,"Panman, Sugar"
8160.38,"Pan Man, Sugar"
8160.38,
8160.3800,"Panman, Sugar"
8160.3800,"Pan Man, Sugar"
8160.3800,
8160.39,Crystallizer  Man
8160.39,
8160.39,Crystalizerman
8160.3900,Crystalizerman
8160.3900,
8160.3900,Crystallizer  Man
8160.4,Centrifugal Man
8160.4,
8160.4000,Centrifugal Man
8160.4000,
8160.41,Magmaman
8160.41,
8160.4100,Magmaman
8160.4100,
8160.42,
8160.42,Cutter Driver
8160.4200,Cutter Driver
8160.4200,
8160.43,"Cane Carrier Driver, Mill House"
8160.43,
8160.4300,
8160.4300,"Cane Carrier Driver, Mill House"
8160.44,Raw Juice Tank Pump Attendant
8160.44,Raw Juice Tank Pump Attendant  Raw Juice Tank Pump Attendant; Juice
8160.44,
8160.4400,
8160.4400,Raw Juice Tank Pump Attendant  Raw Juice Tank Pump Attendant; Juice
8160.4400,Raw Juice Tank Pump Attendant
8160.45,
8160.45,Juice Measuring Man
8160.4500,Juice Measuring Man
8160.4500,
8160.46,Lime Juice Tank Attendant
8160.46,
8160.4600,Lime Juice Tank Attendant
8160.4600,
8160.47,Juice Heater Man
8160.47,
8160.4700,
8160.4700,Juice Heater Man
8160.48,
8160.48,Juice Heater Helper
8160.4800,
8160.4800,Juice Heater Helper
8160.49,
8160.49,Carbonation Man
8160.4900,
8160.4900,Carbonation Man
8160.5,Carbonation Storage Tank Attendant
8160.5,
8160.5,Carbonation Storage Tank
8160.5000,
8160.5000,Carbonation Storage Tank Attendant
8160.5000,Carbonation Storage Tank
8160.51,"Sulphitation Man, Sugar"
8160.51,
8160.5100,"Sulphitation Man, Sugar"
8160.5100,
8160.52,"Eliminator Attendant, Sugar"
8160.52,
8160.5200,
8160.5200,"Eliminator Attendant, Sugar"
8160.53,"Settling Tank Man, Sugar"
8160.53,
8160.5300,"Settling Tank Man, Sugar"
8160.5300,
8160.54,Works Poor Attendant
8160.54,
8160.5400,
8160.5400,Works Poor Attendant
8160.55,Gur Maker
8160.55,
8160.5500,
8160.5500,Gur Maker
8160.57,Tea Maker
8160.57,
8160.5700,Tea Maker
8160.5700,
8160.58,Withering Loft Attendant (Tea)
8160.58,
8160.5800,Withering Loft Attendant (Tea)
8160.5800,
8160.59,Roller Attendant
8160.59,
8160.5900,Roller Attendant
8160.5900,
8160.6,Pulp Houseman (Coffee)
8160.6,
8160.6000,
8160.6000,Pulp Houseman (Coffee)
8160.61,Peeling Machine Attendant (Coffee)
8160.61,Peeling Machine Attendant
8160.61,
8160.6100,Peeling Machine Attendant
8160.6100,
8160.6100,Peeling Machine Attendant (Coffee)
8160.62,Firing Machine Attendant (Tea)
8160.62,
8160.6200,Firing Machine Attendant (Tea)
8160.6200,
8160.63,Tea Blender
8160.63,
8160.6300,Tea Blender
8160.6300,
8160.64,Coffee Blender
8160.64,
8160.6400,
8160.6400,Coffee Blender
8160.65,Coffee Roaster
8160.65,Coffee Ro aster
8160.65,
8160.6500,Coffee Ro aster
8160.6500,
8160.6500,Coffee Roaster
8160.66,"Roaster, Cocoa -Bean"
8160.66,"Roaster, Cocoa Bean"
8160.66,
8160.6600,"Roaster, Cocoa -Bean"
8160.6600,"Roaster, Cocoa Bean"
8160.6600,
8160.68,Brew Master
8160.68,
8160.6800,Brew Master
8160.6800,
8160.69,Malt Maker
8160.69,
8160.6900,
8160.6900,Malt Maker
8160.7,
8160.7,Masher
8160.7000,Masher
8160.7000,
8160.71,
8160.71,Fermentation Man
8160.7100,
8160.7100,Fermentation Man
8160.72,
8160.72,Yeast Maker
8160.7200,Yeast Maker
8160.7200,
8160.73,
8160.73,Malt Vinegar Maker
8160.7300,Malt Vinegar Maker
8160.7300,
8160.74,
8160.74,Filterman
8160.7400,
8160.7400,Filterman
8160.75,"Pasteuriser, Brewery"
8160.75,
8160.7500,"Pasteuriser, Brewery"
8160.7500,
8160.76,Syrup Plant Operator
8160.76,Syrup P lant Operator
8160.76,
8160.7600,Syrup P lant Operator
8160.7600,
8160.7600,Syrup Plant Operator
8160.77,
8160.77,Syrup Maker
8160.7700,Syrup Maker
8160.7700,
8160.78,Syrup Mixing Plant Operator
8160.78,
8160.7800,
8160.7800,Syrup Mixing Plant Operator
8160.79,Syruper
8160.79,
8160.7900,Syruper
8160.7900,
8160.8,Bottling Plant In -Charge
8160.8,Bottling Plant In  Charge
8160.8,
8160.8000,
8160.8000,Bottling Plant In -Charge
8160.8000,Bottling Plant In  Charge
8160.81,
8160.81,"Bottle Washer, Machine"
8160.8100,
8160.8100,"Bottle Washer, Machine"
8160.82,Carbonator Machine Attendant
8160.82,
8160.8200,Carbonator Machine Attendant
8160.8200,
8160.83,
8160.83,"Filler, Aerated Water"
8160.8300,
8160.8300,"Filler, Aerated Water"
8160.84,
8160.84,"Filler, Aerated Water, Hand Machine"
8160.8400,
8160.8400,"Filler, Aerated Water, Hand Machine"
8160.86,"Drier and Cooler Operator, Tobacco"
8160.86,
8160.8600,
8160.8600,"Drier and Cooler Operator, Tobacco"
8160.87,"Cutting Machine Operator, Tobacco"
8160.87,
8160.8700,
8160.8700,"Cutting Machine Operator, Tobacco"
8160.88,Cigarette Making Machine Operator
8160.88,Cigarette Making Machine
8160.88,
8160.8800,Cigarette Making Machine
8160.8800,
8160.8800,Cigarette Making Machine Operator
8160.89,Stingy Cigarette Slitting Machine Ope rator
8160.89,Stingy Cigarette Slitting Machine
8160.89,
8160.8900,Stingy Cigarette Slitting Machine
8160.8900,
8160.8900,Stingy Cigarette Slitting Machine Ope rator
8160.99,Food and Related Products
8160.99,Food and Related Products Machine
8160.99,Foodstuff Freezer
8160.9900,Food and Related Products
8160.9900,Foodstuff Freezer
8160.9900,Food and Related Products Machine
8171.01,"Chipper man , Paper Pulp"
8171.01,"Chipperman, Paper Pulp"
8171.01,
8171.0100,"Chipper man , Paper Pulp"
8171.0100,
8171.0100,"Chipperman, Paper Pulp"
8171.02,"Grinder, Paper Pulp"
8171.02,
8171.0200,
8171.0200,"Grinder, Paper Pulp"
8171.04,"Sorter, Paper Pulp"
8171.04,
8171.0400,
8171.0400,"Sorter, Paper Pulp"
8171.05,"Cutter, Paper Pulp"
8171.05,
8171.0500,
8171.0500,"Cutter, Paper Pulp"
8171.06,
8171.06,"Liquor Maker, Paper Pulp"
8171.0600,
8171.0600,"Liquor Maker, Paper Pulp"
8171.08,
8171.08,"Causticman, Paper"
8171.08,"Causticman, Paper Pulp/Causticizing"
8171.0800,"Causticman, Paper"
8171.0800,
8171.0800,"Causticman, Paper Pulp/Causticizing"
8171.09,
8171.09,"Bleacher, Paper Pulp"
8171.0900,"Bleacher, Paper Pulp"
8171.0900,
8171.11,
8171.11,"Agitator, Paper Pulp"
8171.1100,
8171.1100,"Agitator, Paper Pulp"
8171.12,
8171.12,"Machine Operator, Paper"
8171.1200,"Machine Operator, Paper"
8171.1200,
8171.14,
8171.14,"Wireboy, Paper"
8171.14,"Wire Boy, Paper"
8171.1400,"Wire Boy, Paper"
8171.1400,
8171.1400,"Wireboy, Paper"
8171.16,"Cutter, Paper"
8171.16,
8171.1600,
8171.1600,"Cutter, Paper"
8171.17,"Finisher, Paper"
8171.17,
8171.1700,"Finisher, Paper"
8171.1700,
8171.18,
8171.18,"Vat Man, Handmade Paper"
8171.1800,
8171.1800,"Vat Man, Handmade Paper"
8171.19,"Transferor, Handmade Paper"
8171.19,"Transferer, Hand Made Paper"
8171.19,
8171.1900,"Transferer, Hand Made Paper"
8171.1900,
8171.1900,"Transferor, Handmade Paper"
8171.2,"Tub-Sizer, Handmade Paper"
8171.2,"Tub-Sizer, H and Made Paper"
8171.2,
8171.2000,"Tub-Sizer, H and Made Paper"
8171.2000,"Tub-Sizer, Handmade Paper"
8171.2000,
8171.21,"Drier, Handmade Paper"
8171.21,"Drier, Hand Made Paper"
8171.21,
8171.2100,
8171.2100,"Drier, Handmade Paper"
8171.2100,"Drier, Hand Made Paper"
8171.22,
8171.22,"Presser, Hand Made Paper"
8171.22,"Presser, Handmade Paper"
8171.2200,"Presser, Hand Made Paper"
8171.2200,
8171.2200,"Presser, Handmade Paper"
8171.24,"Calenderman, Handmade Paper"
8171.24,
8171.2400,"Calenderman, Handmade Paper"
8171.2400,
8171.25,"Coating -Machine Operator,"
8171.25,"Coating Machine Operator, Hardboard"
8171.25,
8171.2500,"Coating -Machine Operator,"
8171.2500,"Coating Machine Operator, Hardboard"
8171.2500,
8171.99,
8171.99,"Pulp and Papermaking Plant Operators,"
8171.99,Pulp and Papermaking Plant
8171.9900,Pulp and Papermaking Plant
8171.9900,"Pulp and Papermaking Plant Operators,"
8171.9900,
8172.01,
8172.01,"Wood Sawyer, Machine, General"
8172.0100,
8172.0100,"Wood Sawyer, Machine, General"
8172.02,
8172.02,"Wood Sawyer, Edger"
8172.0200,
8172.0200,"Wood Sawyer, Edger"
8172.03,Band Saw Operator
8172.03,
8172.0300,
8172.0300,Band Saw Operator
8172.04,
8172.04,Circular Saw Operator
8172.0400,Circular Saw Operator
8172.0400,
8172.07,Veneer Cutter
8172.07,
8172.0700,Veneer Cutter
8172.0700,
8172.08,Peeling Machine Operator
8172.08,
8172.0800,
8172.0800,Peeling Machine Operator
8172.09,"Barrel -Lathe Operator, Outside (Wood"
8172.09,"Barrel -Lathe Operator, Outside"
8172.09,
8172.0900,"Barrel -Lathe Operator, Outside (Wood"
8172.0900,"Barrel -Lathe Operator, Outside"
8172.0900,
8172.1,
8172.1,Wood Chopping Machine Operator
8172.1000,Wood Chopping Machine Operator
8172.1000,
8172.11,Core Laying Machine Operator
8172.11,
8172.1100,
8172.1100,Core Laying Machine Operator
8172.12,"Core Layer, Plywood"
8172.12,
8172.1200,"Core Layer, Plywood"
8172.1200,
8172.99,Wood Processing Plant Operators
8172.99,Wood Processing Plant Operators and
8172.99,
8172.9900,Wood Processing Plant Operators and
8172.9900,
8172.9900,Wood Processing Plant Operators
8181.01,
8181.01,Blowing Machine Operator (Glass)
8181.0100,Blowing Machine Operator (Glass)
8181.0100,
8181.02,"Machine Man , Sheet Glass"
8181.02,
8181.02,"Machineman, Sheet Glass"
8181.0200,"Machine Man , Sheet Glass"
8181.0200,"Machineman, Sheet Glass"
8181.0200,
8181.03,Pressman (Glass)
8181.03,
8181.0300,
8181.0300,Pressman (Glass)
8181.04,Pressman (Ceramics)
8181.04,
8181.0400,Pressman (Ceramics)
8181.0400,
8181.05,"Extruding Press Operator, Clay"
8181.05,
8181.0500,
8181.0500,"Extruding Press Operator, Clay"
8181.06,Rollerman (Glass)
8181.06,Roller Man  (Glass)
8181.06,
8181.0600,Roller Man  (Glass)
8181.0600,Rollerman (Glass)
8181.0600,
8181.07,
8181.07,Pressman (Abrasive)
8181.0700,Pressman (Abrasive)
8181.0700,
8181.08,Tube and Rod Drawer (Glass)
8181.08,
8181.0800,
8181.0800,Tube and Rod Drawer (Glass)
8181.1,Polisher (Glass Manufacturing)
8181.1,Polisher (Glass Mfg.)
8181.1,
8181.1000,
8181.1000,Polisher (Glass Mfg.)
8181.1000,Polisher (Glass Manufacturing)
8181.11,"Modeller, Pottery and Porcelain"
8181.11,
8181.1100,
8181.1100,"Modeller, Pottery and Porcelain"
8181.12,
8181.12,"Furnace Man, Glass/Furnace Operator"
8181.12,"Furnaceman, Glass /Furnace"
8181.1200,"Furnace Man, Glass/Furnace Operator"
8181.1200,"Furnaceman, Glass /Furnace"
8181.1200,
8181.14,
8181.14,Annealer (Glass Product)
8181.1400,Annealer (Glass Product)
8181.1400,
8181.15,"Kiln Man, Pottery and Porcelain"
8181.15,"Kilnman, Pottery and Porcelain"
8181.15,
8181.1500,"Kiln Man, Pottery and Porcelain"
8181.1500,
8181.1500,"Kilnman, Pottery and Porcelain"
8181.16,"Kiln Loader, Pottery and Porcelain"
8181.16,
8181.1600,"Kiln Loader, Pottery and Porcelain"
8181.1600,
8181.17,"Kilnman, Brick and Tile"
8181.17,
8181.17,"Kiln Man, Brick and Tile"
8181.1700,
8181.1700,"Kilnman, Brick and Tile"
8181.1700,"Kiln Man, Brick and Tile"
8181.18,"Kiln Loader, Brick and Tile"
8181.18,
8181.1800,"Kiln Loader, Brick and Tile"
8181.1800,
8181.19,Bricklayer (Brick and Tile)
8181.19,Bricklayer (Brick & Tile)
8181.19,
8181.1900,Bricklayer (Brick and Tile)
8181.1900,Bricklayer (Brick & Tile)
8181.1900,
8181.2,Graduating Machine Operator (Glass)
8181.2,Graduating Machine Operator
8181.2,
8181.2000,
8181.2000,Graduating Machine Operator (Glass)
8181.2000,Graduating Machine Operator
8181.21,
8181.21,Batch Mixer (Glass)
8181.2100,
8181.2100,Batch Mixer (Glass)
8181.22,
8181.22,Abrasive Mixer
8181.2200,Abrasive Mixer
8181.2200,
8181.23,Mixing Machine Operator (Abrasive)
8181.23,
8181.23,Mixing Machine Operator
8181.2300,Mixing Machine Operator (Abrasive)
8181.2300,Mixing Machine Operator
8181.2300,
8181.24,Ball Mill Operator (Cement & Ceramics)
8181.24,
8181.24,Ball Mill Operator (Cement and
8181.2400,
8181.2400,Ball Mill Operator (Cement and
8181.2400,Ball Mill Operator (Cement & Ceramics)
8181.25,
8181.25,Pug Mill Operator (Ceramics)
8181.2500,Pug Mill Operator (Ceramics)
8181.2500,
8181.26,Shaving Machine Operator (Abrasive)
8181.26,
8181.2600,
8181.2600,Shaving Machine Operator (Abrasive)
8181.27,
8181.27,Slip Maker (Ceramics)
8181.27,Slip Maker (Cera mics)
8181.2700,Slip Maker (Ceramics)
8181.2700,Slip Maker (Cera mics)
8181.2700,
8181.28,
8181.28,Glaze Maker
8181.2800,
8181.2800,Glaze Maker
8181.29,
8181.29,Edge Operator (Abrasive)
8181.29,Edge Operator (A brasive)
8181.2900,Edge Operator (Abrasive)
8181.2900,Edge Operator (A brasive)
8181.2900,
8181.3,Wet Disk Operator (Abrasive)
8181.3,
8181.3000,
8181.3000,Wet Disk Operator (Abrasive)
8181.31,
8181.31,Burner Cement
8181.3100,Burner Cement
8181.3100,
8181.32,Clay Modeller
8181.32,
8181.3200,
8181.3200,Clay Modeller
8181.33,Fiberglass – Machine Operator
8181.33,Fibreglass -Machine Operator
8181.33,
8181.3300,
8181.3300,Fibreglass -Machine Operator
8181.3300,Fiberglass – Machine Operator
8181.34,Furnace Helper
8181.34,"Furnace Man, Bidi"
8181.3400,Furnace Helper
8181.3400,"Furnace Man, Bidi"
8181.99,Glass and Ceramics Plant
8181.99,
8181.99,"Glass and Ceramics Plant Operators, Other"
8181.9900,"Glass and Ceramics Plant Operators, Other"
8181.9900,
8181.9900,Glass and Ceramics Plant
8182.01,
8182.01,"Boiler, Tindal"
8182.0100,
8182.0100,"Boiler, Tindal"
8182.02,"Boiler, Attendant"
8182.02,
8182.0200,"Boiler, Attendant"
8182.0200,
8182.03,"Boiler, Fireman"
8182.03,
8182.0300,"Boiler, Fireman"
8182.0300,
8182.04,
8182.04,Boiler House Operatives
8182.0400,Boiler House Operatives
8182.0400,
8182.05,"Serang , Engine Room/Engine Bosun"
8182.05,
8182.05,"Serang, Engine Room /Engine Bosun"
8182.0500,
8182.0500,"Serang , Engine Room/Engine Bosun"
8182.0500,"Serang, Engine Room /Engine Bosun"
8182.06,"Tindal, Engine Room"
8182.06,
8182.0600,"Tindal, Engine Room"
8182.0600,
8182.08,"Fireman, Locomotive"
8182.08,
8182.0800,"Fireman, Locomotive"
8182.0800,
8182.99,"Ships’ Engine Room Ratings, Other"
8182.99,
8182.9900,
8182.9900,"Ships’ Engine Room Ratings, Other"
8183.01,
8183.01,"Building Insulator, Machine"
8183.0100,"Building Insulator, Machine"
8183.0100,
8189.01,"Gem Grinder, Machine"
8189.01,
8189.0100,"Gem Grinder, Machine"
8189.0100,
8189.02,
8189.02,"Gem Polisher, Machine"
8189.0200,"Gem Polisher, Machine"
8189.0200,
8189.0301,CAM Machine Operator
8189.0301,CAM M achine Operator
8189.0301,"Cameraman,"
8189.0401,Laser Sawing Machine Operator
8189.0401,Laser Supervisor
8189.0405,"Bleacher, Paper"
8189.0405,Blade  Sawyer
8189.0405,Blade Sawyer
8189.0501,Casting Machine Operator
8189.0501,Casting Machine
8189.0601,Symmetry Analyser Machine Operator
8189.0601,Synthetic Fibre
8189.0601,Symmetry Analyser Machine
8189.0701,
8189.0701,
8189.0701,Pantograph Machine Operator
8190.01,"Saw Grinder, Machine"
8190.01,
8190.0100,"Saw Grinder, Machine"
8190.0100,
8211.01,"Assembler, Workshop Machine and"
8211.01,
8211.0100,
8211.0100,"Assembler, Workshop Machine and"
8211.0101,Mechanical Sub -Assembly Technician
8211.0101,Mechanical Sub -Assembly
8211.0101,"Mechanist,"
8211.02,
8211.02,Assembler Printing Machinery
8211.0200,Assembler Printing Machinery
8211.0200,
8211.03,"Assembler, Textile Machinery"
8211.03,
8211.0300,"Assembler, Textile Machinery"
8211.0300,
8211.04,
8211.04,"Assembler, Refrigerator and Air"
8211.04,"Assembler, Refrigerator and Air -"
8211.0400,
8211.0400,"Assembler, Refrigerator and Air"
8211.0400,"Assembler, Refrigerator and Air -"
8211.05,"Assembler, Stationary Petrol"
8211.05,"Assembler, Stationary Petrol Engine"
8211.05,
8211.0500,"Assembler, Stationary Petrol Engine"
8211.0500,
8211.0500,"Assembler, Stationary Petrol"
8211.06,"Assembler, Stationary Diesel Engine"
8211.06,"Assembler, Stationary Diesel"
8211.06,
8211.0600,"Assembler, Stationary Diesel Engine"
8211.0600,"Assembler, Stationary Diesel"
8211.0600,
8211.07,
8211.07,"Assembler, Tractor"
8211.0700,
8211.0700,"Assembler, Tractor"
8211.08,"Assembler, Turbine and Steam Engine"
8211.08,
8211.08,"Assembler, Turbine and Steam"
8211.0800,
8211.0800,"Assembler, Turbine and Steam"
8211.0800,"Assembler, Turbine and Steam Engine"
8211.09,
8211.09,Assembler Loco Engines
8211.0900,
8211.0900,Assembler Loco Engines
8211.1,"Erector, Machine and Equipment"
8211.1,
8211.1000,"Erector, Machine and Equipment"
8211.1000,
8211.11,"Assembler, Continuity"
8211.11,
8211.1100,
8211.1100,"Assembler, Continuity"
8211.12,
8211.12,"Assembler, Automobile"
8211.1200,
8211.1200,"Assembler, Automobile"
8211.1201,Vehicle Assembly Fitter
8211.1201,"Vehicle, Window"
8211.1202,"Flake Miller,"
8211.1202,Fitter -Mechanical Assembly
8211.13,"Assembler, Motor Cycle"
8211.13,
8211.1300,"Assembler, Motor Cycle"
8211.1300,
8211.14,"Assembler, Frame, Aircraft"
8211.14,"Assembler, Frame , Aircraft"
8211.14,
8211.1400,"Assembler, Frame, Aircraft"
8211.1400,
8211.1400,"Assembler, Frame , Aircraft"
8212.01,Battery Assembler
8212.01,
8212.0100,Battery Assembler
8212.0100,
8212.02,
8212.02,Assembler Dry Cell (Battery
8212.02,Assembler Dry Cell (Battery Manufacturing)
8212.0200,Assembler Dry Cell (Battery Manufacturing)
8212.0200,Assembler Dry Cell (Battery
8212.0200,
8212.03,Battery Repaire r
8212.03,
8212.03,Battery Repairer
8212.0300,
8212.0300,Battery Repaire r
8212.0300,Battery Repairer
8212.04,
8212.04,"Assembler, Electrical Accessories"
8212.0400,
8212.0400,"Assembler, Electrical Accessories"
8212.0401,"Cutting, Crimping and Connector"
8212.0401,"Cutting, Lasting"
8212.0401,"Cutting, Crimping and Connector Assembly"
8212.0402,Electrical Assembly Operator
8212.0402,Electrical Design
8212.05,Electric -Motor Winder
8212.05,Electric Motor Winder
8212.05,
8212.0500,Electric -Motor Winder
8212.0500,Electric Motor Winder
8212.0500,
8212.06,"Calibrator, Electrical"
8212.06,
8212.0600,"Calibrator, Electrical"
8212.0600,
8212.07,Assembler Precision Instrument
8212.07,
8212.0700,
8212.0700,Assembler Precision Instrument
8212.08,Assembly Operator (Telephone Equipment
8212.08,Assembly Operator (Telephone
8212.08,
8212.0800,
8212.0800,Assembly Operator (Telephone
8212.0800,Assembly Operator (Telephone Equipment
8212.09,
8212.09,Assembly Operator (Radio Manufacturing)
8212.09,Assembly Operator (Radio
8212.0900,Assembly Operator (Radio Manufacturing)
8212.0900,Assembly Operator (Radio
8212.0900,
8212.1,
8212.1,"Form Layer, Cable (Telephone Equipment"
8212.1,"Form Layer, Cable (Telephone"
8212.1000,"Form Layer, Cable (Telephone Equipment"
8212.1000,
8212.1000,"Form Layer, Cable (Telephone"
8212.11,"Cable Maker, Rack Wiring"
8212.11,
8212.11,"Cable Maker, Rack Wiring (Telephone &"
8212.1100,"Cable Maker, Rack Wiring (Telephone &"
8212.1100,
8212.1100,"Cable Maker, Rack Wiring"
8212.12,
8212.12,"Operator, Rack Wiring (Telephone &"
8212.12,"Operator, Rack Wiring (Telephone"
8212.1200,"Operator, Rack Wiring (Telephone"
8212.1200,
8212.1200,"Operator, Rack Wiring (Telephone &"
8212.1301,RAC Assembly Operator
8212.1301,Race Horse Trainer
8212.1401,Assembly Operator – TV
8212.1401,Assembly Operator -TV
8212.1401,Assembly
8212.1501,Mechanical Assembly Operator
8212.1501,Mechanical
8212.1601,Manual Soldering
8212.1601,Manual Insertion Operation
8212.1601,Manual Insertion Operat or
8212.1602,"Ticket Collector,"
8212.1602,Through Hole Assembly Operator
8212.1603,
8212.1603,Pick and Place Assembly Operator
8212.1603,
8212.1604,
8212.1604,Reflow Oven Soldering Operator
8212.1604,
8212.1604,Reflow -oven Soldering Operator
8212.1605,Stenciler
8212.1605,Stencil Printing Operator
8212.1606,Occupational
8212.1606,Component Preparation Operator
8212.1607,"Braid Maker, Hand"
8212.1607,Box-building Assembly Technician
8212.1607,Box-Building Assembly Technician
8212.1701,"Wire Boy, Paper"
8212.1701,Wire Bonding Operator
8212.1702,Die Bonding Operator
8212.1702,Die Casting
8212.1801,Assembly
8212.1801,Assembly Operator Capacitor
8212.1802,Window Opener
8212.1802,Winding Operator
8212.1803,Vacuum Plant Operator
8212.1803,Occupational
8212.1804,"Cobber, Mica"
8212.1804,"Coating, Curing and Marking Operator"
8212.1804,"Coating, Curing and Marking"
8212.1805,Masking Machine Operator
8212.1805,Masseur
8212.1806,Pressman
8212.1806,Pressing Machine Operator
8212.1807,Manual Training
8212.1807,Manual Soldering Technician
8212.1808,Wave Soldering Machine Operator
8212.1808,Wax Model
8212.1901,Welding
8212.1901,Welding Operator
8212.1902,Silicone Painting Operator
8212.1902,Occupational
8212.1903,Sorting Operator
8212.1903,Sound  Designer
8212.1904,Capping Machine Operator
8212.1904,"Captain,"
8212.2001,
8212.2001,Energy Meter Assembly Operator
8212.2001,Engine Tester
8212.2001,
8212.2002,PLC Assembly Operator
8212.2002,Ploughman
8212.2003,UPS Assembly Operator  UPS Assembly Operator is responsi ble for
8212.2003,UPS Assembly Operator
8212.2003,Urologist
8212.2101,Final Assembly Operator -Magnetics
8212.2101,Final Assortment
8212.2201,Assembly
8212.2201,Assembly Operator – PMD and X -Ray
8212.2201,Assembly Operator –PMD and X -
8212.2202,Box Assembly Operator
8212.2202,Box Closing
8212.2301,Module Assembly Technician
8212.2301,Module Soldering Operator
8212.2301,Moneylender
8212.2302,Module Soldering
8212.2302,Module Assembly Technician
8212.2302,Module Soldering Operator
8212.2401,Electrical
8212.2401,Electrical Technician
8212.2501,
8212.2501,
8212.2501,Inner Layer and Pressing Operator
8212.2502,Driver Auto
8212.2502,Drilling Operator
8212.2503,Rubber and
8212.2503,Routing Operator
8212.2504,Solder Masking & Legend Printing Operator
8212.2504,Soldering and
8212.2504,Solder Masking and Legend
8212.2601,Electronics and
8212.2601,Electronic Sub -Assembly Technician
8212.2701,Peanut Blancher
8212.2701,PCB Assembly Operator
8212.99,
8212.99,Electrical and Electronic Equipment
8212.9900,Electrical and Electronic Equipment
8212.9900,
8219.01,"Assembler, Bicycle"
8219.01,
8219.0100,
8219.0100,"Assembler, Bicycle"
8219.02,"Assembler, Sewing Machine"
8219.02,
8219.0200,
8219.0200,"Assembler, Sewing Machine"
8219.03,Assembler (Plastic Product)
8219.03,
8219.0300,
8219.0300,Assembler (Plastic Product)
8219.04,
8219.04,"Assembler, Metal Furniture"
8219.0400,"Assembler, Metal Furniture"
8219.0400,
8219.99,"Paper Board, Textile and Related"
8219.99,"Paper Board, Textile and Related Products"
8219.99,
8219.9900,"Paper Board, Textile and Related Products"
8219.9900,
8219.9900,"Paper Board, Textile and Related"
8311.01,
8311.01,"Loco Driver, Mines"
8311.0100,
8311.0100,"Loco Driver, Mines"
8311.02,"Driver, Railway Engine (Steam)"
8311.02,
8311.0200,
8311.0200,"Driver, Railway Engine (Steam)"
8311.03,"Driver, Railway Engine (Diesel)"
8311.03,"Driver, Railway  Engine, (Diesel)"
8311.03,
8311.0300,
8311.0300,"Driver, Railway Engine (Diesel)"
8311.0300,"Driver, Railway  Engine, (Diesel)"
8311.04,
8311.04,"Driver, Railway Engine (Electrical)"
8311.0400,
8311.0400,"Driver, Railway Engine (Electrical)"
8311.05,"Driver, Shunting (Loco)"
8311.05,
8311.0500,"Driver, Shunting (Loco)"
8311.0500,
8311.0601,Locomotive Driver
8311.0601,"Loftsman, Ship"
8312.01,
8312.01,"Signalman, Railway"
8312.0100,
8312.0100,"Signalman, Railway"
8312.02,Shunting Worker
8312.02,
8312.0200,
8312.0200,Shunting Worker
8312.03,"Points Man, Railway"
8312.03,
8312.0300,"Points Man, Railway"
8312.0300,
8312.04,"Traffic Shunter, Railway"
8312.04,
8312.0400,"Traffic Shunter, Railway"
8312.0400,
8312.05,"Braker, Passenger Train"
8312.05,
8312.0500,"Braker, Passenger Train"
8312.0500,
8312.99,"Pointsmen, Signalmen and"
8312.99,
8312.99,"Pointsmen, Signalmen and Shunters,"
8312.9900,
8312.9900,"Pointsmen, Signalmen and Shunters,"
8312.9900,"Pointsmen, Signalmen and"
8321.0101,
8321.0101,Driver Auto Rickshaw
8321.0101,
8321.02,
8321.02,Despatch Rider
8321.0200,Despatch Rider
8321.0200,
8321.0201,Demographer
8321.0201,Delivery Associate /Two Wheeler
8321.0201,Delivery Associate/Two Wheeler Delivery
8321.99,
8321.99,"Motorcycle Drivers, Other"
8321.9900,
8321.9900,"Motorcycle Drivers, Other"
8322.01,
8322.01,"Driver, Car"
8322.0100,
8322.0100,"Driver, Car"
8322.0101,"Chauffer, Driver Personal"
8322.0101,Check Fl ight
8322.0102,"Chauffer, Driver"
8322.0102,"Chauffer, Cab Driver"
8322.0201,
8322.0201,
8322.0201,"Driver, Taxi"
8322.0301,
8322.0301,
8322.0301,"Driver, Ambulance"
8322.0501,Lighting Artist
8322.0501,Light Motor Vehicle Driver
8322.99,
8322.99,"Car, Taxi and Van Drivers, Other"
8322.9900,"Car, Taxi and Van Drivers, Other"
8322.9900,
8331.01,
8331.01,Tram Car Driver
8331.0100,Tram Car Driver
8331.0100,
8331.02,Trolley Driver
8331.02,
8331.0200,
8331.0200,Trolley Driver
8331.03,"Driver, Bus"
8331.03,
8331.0300,
8331.0300,"Driver, Bus"
8331.0301,Commercial
8331.0301,Commercial Vehicle Driver  Commercial Vehicle Driver needs to drive
8331.0301,Commercial Vehicle Driver
8331.0302,Commercial Vehicle Driver -
8331.0302,Commercial
8331.0302,Commercial Vehicle Driver – Assistant
8331.04,"Driver, Fire Brigade Vehicles"
8331.04,
8331.0400,"Driver, Fire Brigade Vehicles"
8331.0400,
8331.05,
8331.05,Driver Road Test
8331.0500,Driver Road Test
8331.0500,
8331.0501,Test Engineer – IT
8331.0501,Test Driver
8331.06,
8331.06,"Signalman, Tram"
8331.0600,"Signalman, Tram"
8331.0600,
8331.99,"Bus and Tram Drivers, Other"
8331.99,
8331.9900,"Bus and Tram Drivers, Other"
8331.9900,
8332.01,Driver Truck
8332.01,
8332.0100,
8332.0100,Driver Truck
8332.02,
8332.02,Tram Car Driver (Mines)
8332.0200,
8332.0200,Tram Car Driver (Mines)
8332.99,"Heavy Truck and Lorry Drivers, Other"
8332.99,"Heavy Truck and Lorry Drivers,"
8332.99,
8332.9900,
8332.9900,"Heavy Truck and Lorry Drivers,"
8332.9900,"Heavy Truck and Lorry Drivers, Other"
8341.0101,
8341.0101,
8341.0101,"Tractor Operator, Farm"
8341.02,"Operator, Farm Machines"
8341.02,
8341.0200,
8341.0200,"Operator, Farm Machines"
8341.0201,Harvesting Machine Operator
8341.0201,"Hat Maker,"
8341.03,"Tractor Driver, Construction"
8341.03,
8341.03,"Tractor  Driver, Construction"
8341.0300,"Tractor Driver, Construction"
8341.0300,
8341.0300,"Tractor  Driver, Construction"
8341.99,"Farm Machinery Operators, Other"
8341.99,
8341.99,"Farm Machine ry Operators, Other"
8341.9900,
8341.9900,"Farm Machinery Operators, Other"
8341.9900,"Farm Machine ry Operators, Other"
8342.0101,
8342.0101,Bulldozer Operator
8342.0101,
8342.02,Scrapper Operator
8342.02,
8342.0200,Scrapper Operator
8342.0200,
8342.0301,
8342.0301,
8342.0301,Scrapper Loader Operator /Loader
8342.0301,Scrapper Loader Operator/Loader Operator
8342.04,
8342.04,Grader Operator
8342.0400,
8342.0400,Grader Operator
8342.0501,Power Shovel Operator/Excavator Operator
8342.0501,
8342.0501,Power Shovel Operator/Excavator
8342.0501,
8342.06,Bucket Wheel Exca vator Operator
8342.06,
8342.06,Bucket Wheel Excavator Operator
8342.0600,Bucket Wheel Excavator Operator
8342.0600,
8342.0600,Bucket Wheel Exca vator Operator
8342.07,Trench Digging Machine Operator
8342.07,
8342.0700,
8342.0700,Trench Digging Machine Operator
8342.08,Dragline Operator
8342.08,
8342.0800,Dragline Operator
8342.0800,
8342.09,Dredger Operator
8342.09,
8342.0900,Dredger Operator
8342.0900,
8342.1,Boom Driver
8342.1,
8342.1000,Boom Driver
8342.1000,
8342.11,
8342.11,Pile Driver
8342.1100,Pile Driver
8342.1100,
8342.1201,Dumper Operator/Dumper/Tipper
8342.1201,
8342.1201,Dumper Operator/Dumper/Tipper Operator
8342.1201,
8342.1202,Dumper
8342.1202,Dumper Operator
8342.13,
8342.13,Scoop Truck Operator
8342.1300,Scoop Truck Operator
8342.1300,
8342.14,Trippler Machine Operator
8342.14,
8342.14,Tripler Machine Operator
8342.1400,Tripler Machine Operator
8342.1400,
8342.1400,Trippler Machine Operator
8342.15,
8342.15,Conveyor Operator
8342.1500,
8342.1500,Conveyor Operator
8342.16,
8342.16,Spreader Operator
8342.1600,
8342.1600,Spreader Operator
8342.17,Road Roller Driver
8342.17,
8342.1700,Road Roller Driver
8342.1700,
8342.18,
8342.18,Bitumen Mixing Machine Operator
8342.18,Bitumen  Mixing Machine Operator
8342.1800,Bitumen Mixing Machine Operator
8342.1800,
8342.1800,Bitumen  Mixing Machine Operator
8342.19,
8342.19,"Sand Blast Operator, Construction"
8342.1900,"Sand Blast Operator, Construction"
8342.1900,
8342.2001,Executive Chef
8342.2001,Excavator Operator
8342.2101,Mobile Equipment Operator
8342.2101,Model
8342.2201,Stoking Car Operator Ferro Alloys
8342.2201,Stone Carver
8342.99,
8342.99,Earth Moving and Related Plant
8342.99,"Earth Moving and Related Plant Operators,"
8342.9900,
8342.9900,"Earth Moving and Related Plant Operators,"
8342.9900,Earth Moving and Related Plant
8343.01,
8343.01,"Driver, Steam Crane"
8343.0100,"Driver, Steam Crane"
8343.0100,
8343.02,
8343.02,"Crane Operator, Diesel Electric"
8343.0200,"Crane Operator, Diesel Electric"
8343.0200,
8343.03,"Crane Operator, Pneumatic"
8343.03,
8343.0300,
8343.0300,"Crane Operator, Pneumatic"
8343.04,"Crane Operator, Hydraulic"
8343.04,
8343.0400,
8343.0400,"Crane Operator, Hydraulic"
8343.05,Mobile Crane Operator
8343.05,
8343.0500,
8343.0500,Mobile Crane Operator
8343.0501,EOT Crane Operator
8343.0501,Epigraphist
8343.06,"Crane Operator, Gantry"
8343.06,
8343.0600,"Crane Operator, Gantry"
8343.0600,
8343.07,
8343.07,Overhead Crane Operator
8343.0700,Overhead Crane Operator
8343.0700,
8343.08,Derrick Crane Operator
8343.08,
8343.0800,
8343.0800,Derrick Crane Operator
8343.09,
8343.09,"Derrick Crane Operator, Magnetic"
8343.0900,"Derrick Crane Operator, Magnetic"
8343.0900,
8343.1,
8343.1,"Crane Driver, Hammer Head"
8343.1000,"Crane Driver, Hammer Head"
8343.1000,
8343.11,
8343.11,Winchman
8343.1100,Winchman
8343.1100,
8343.12,
8343.12,Hoist Operator
8343.1200,
8343.1200,Hoist Operator
8343.13,Bridge Opening Operator
8343.13,
8343.1300,
8343.1300,Bridge Opening Operator
8343.14,Winding Engineman
8343.14,
8343.1400,
8343.1400,Winding Engineman
8343.15,Haulage Engine Driver
8343.15,
8343.1500,
8343.1500,Haulage Engine Driver
8343.16,"Crane and Hoist Operators, Other"
8343.16,
8343.1600,
8343.1600,"Crane and Hoist Operators, Other"
8343.17,
8343.17,Aerial Ropeway Operator
8343.1700,
8343.1700,Aerial Ropeway Operator
8343.18,
8343.18,Liftman
8343.1800,Liftman
8343.1800,
8343.99,"Crane, Hoist and Related Plant Operators,"
8343.99,"Crane, Hoist and Related Plant"
8343.99,
8343.9900,"Crane, Hoist and Related Plant Operators,"
8343.9900,
8343.9900,"Crane, Hoist and Related Plant"
8344.01,Lift Truck Operator
8344.01,
8344.0100,Lift Truck Operator
8344.0100,
8344.0201,
8344.0201,Fork Lift Truck Operator
8344.0201,
8344.0201,Fork Lift Truck Operator/Fork Lift
8344.99,"Lift Truck Operator, Other"
8344.99,
8344.9900,
8344.9900,"Lift Truck Operator, Other"
8350.01,"Serang, Deck/Bosun"
8350.01,
8350.01,"Serang, Deck /Bosun"
8350.0100,
8350.0100,"Serang, Deck /Bosun"
8350.0100,"Serang, Deck/Bosun"
8350.03,Seaconny /OS (Ordinary Seaman)
8350.03,Seaconny/OS (Ordinary Seaman)
8350.03,
8350.0300,Seaconny/OS (Ordinary Seaman)
8350.0300,
8350.0300,Seaconny /OS (Ordinary Seaman)
8350.04,Lascar /OS (Ordinary Seaman)
8350.04,Lascar/OS (Ordinary Seaman)
8350.04,
8350.0400,Lascar /OS (Ordinary Seaman)
8350.0400,Lascar/OS (Ordinary Seaman)
8350.0400,
8350.05,
8350.05,"Driver, Launch/Tug Master"
8350.0500,"Driver, Launch/Tug Master"
8350.0500,
8350.06,Boatman
8350.06,
8350.0600,
8350.0600,Boatman
8350.07,Rudderman
8350.07,
8350.0700,
8350.0700,Rudderman
8350.08,
8350.08,Oarsman
8350.0800,Oarsman
8350.0800,
8350.99,"Ships’ Deck Ratings, Barge Crews and"
8350.99,
8350.99,"Ships’ Deck Ratings, Barge Crews"
8350.9900,
8350.9900,"Ships’ Deck Ratings, Barge Crews"
8350.9900,"Ships’ Deck Ratings, Barge Crews and"
9111.01,
9111.01,Domestic Servant
9111.0100,Domestic Servant
9111.0100,
9111.02,Char -Dust Cleaner and Salvager
9111.02,Char Dust Cleaner and Salvager
9111.02,
9111.0200,Char Dust Cleaner and Salvager
9111.0200,
9111.0200,Char -Dust Cleaner and Salvager
9111.03,
9111.03,"Cleaner, Home Restoration Service"
9111.0300,
9111.0300,"Cleaner, Home Restoration Service"
9111.99,"Domestic and Related Helpers,"
9111.99,
9111.99,"Domestic and Related Helpers, Cleaners and"
9111.9900,"Domestic and Related Helpers,"
9111.9900,"Domestic and Related Helpers, Cleaners and"
9111.9900,
9112.01,"Dusting Man, Office; Farash,"
9112.01,
9112.0100,
9112.0100,"Dusting Man, Office; Farash,"
9112.02,Cleaner Hospital
9112.02,
9112.0200,
9112.0200,Cleaner Hospital
9112.99,
9112.99,"Helpers and Cleaners in Offices,"
9112.99,"Helpers and Cleaners in Offices, Hotels and"
9112.9900,"Helpers and Cleaners in Offices, Hotels and"
9112.9900,
9112.9900,"Helpers and Cleaners in Offices,"
9121.01,Dhobi
9121.01,
9121.0100,Dhobi
9121.0100,
9121.02,"Laundry Workers (Marker, Sorter)"
9121.02,
9121.02,"Laundry  Workers (Marker, Sorter)"
9121.0200,"Laundry Workers (Marker, Sorter)"
9121.0200,
9121.0200,"Laundry  Workers (Marker, Sorter)"
9121.03,"Dry Cleaner, Hand"
9121.03,
9121.0300,"Dry Cleaner, Hand"
9121.0300,
9121.04,
9121.04,Spot Remover
9121.0400,
9121.0400,Spot Remover
9121.05,Rug Cleaner
9121.05,
9121.0500,Rug Cleaner
9121.0500,
9121.06,
9121.06,"Presser, Hand"
9121.0600,"Presser, Hand"
9121.0600,
9121.07,"Dry Cleaner, Spot"
9121.07,
9121.0700,"Dry Cleaner, Spot"
9121.0700,
9121.99,
9121.99,"Launderers, Dry Cleaners and"
9121.99,"Launderers, Dry Cleaners and Pressers,"
9121.9900,"Launderers, Dry Cleaners and Pressers,"
9121.9900,"Launderers, Dry Cleaners and"
9121.9900,
9122.01,
9122.01,"Cleaner, Window"
9122.0100,"Cleaner, Window"
9122.0100,
9122.0201,Washing Machine
9122.0201,Washer
9122.0301,"Drum Maker,"
9122.0301,Driving Assistant
9122.99,"Vehicle, Window and Related"
9122.99,"Vehicle, Window and Related Cleaners,"
9122.99,
9122.9900,"Vehicle, Window and Related Cleaners,"
9122.9900,"Vehicle, Window and Related"
9122.9900,
9134.5678,Journalist
9211.01,
9211.01,Ploughman
9211.0100,
9211.0100,Ploughman
9211.02,
9211.02,"Labourer, Agriculture"
9211.0200,
9211.0200,"Labourer, Agriculture"
9211.03,
9211.03,Picker (Tobacco)
9211.0300,Picker (Tobacco)
9211.0300,
9211.99,
9211.99,"Farm Hands and Labourers, Other"
9211.9900,"Farm Hands and Labourers, Other"
9211.9900,
9215.01,"Labourer, Plantation"
9215.01,
9215.0100,"Labourer, Plantation"
9215.0100,
9215.02,Tappers
9215.02,
9215.0200,
9215.0200,Tappers
9215.99,"Forestry Labourers and Related Workers,"
9215.99,Plantation Labourers and Related
9215.99,
9215.9900,
9215.9900,Plantation Labourers and Related
9215.9900,"Forestry Labourers and Related Workers,"
9311.01,"Mines, Quarrymen, Related"
9311.01,
9311.01,"Mines, Quarrymen, Related Workers"
9311.0100,
9311.0100,"Mines, Quarrymen, Related Workers"
9311.0100,"Mines, Quarrymen, Related"
9311.0101,Mazdoor/Helper
9311.0101,Measurement
9311.02,Digger (Mine and Quarry)
9311.02,
9311.02,Digger (Mine & Quarry)
9311.0200,Digger (Mine & Quarry)
9311.0200,
9311.0200,Digger (Mine and Quarry)
9311.99,"Mining and Quarrying  Labourers,"
9311.99,"Mining and Quarrying Labourers, Other"
9311.99,
9311.9900,"Mining and Quarrying  Labourers,"
9311.9900,"Mining and Quarrying Labourers, Other"
9311.9900,
9312.01,"Labourer, Other"
9312.01,
9312.0100,
9312.0100,"Labourer, Other"
9312.02,
9312.02,Track Repairer (Rail Transport)
9312.0200,Track Repairer (Rail Transport)
9312.0200,
9312.99,Construction and  Maintenance
9312.99,"Construction and Maintenance Labourers,"
9312.99,
9312.9900,Construction and  Maintenance
9312.9900,"Construction and Maintenance Labourers,"
9312.9900,
9313.01,Well Digger Helper
9313.01,
9313.0100,Well Digger Helper
9313.0100,
9313.0201,Helper Bar Bender and Fixer
9313.0201,Helper Carpenter
9313.0301,Helper Painter and
9313.0301,Helper Mason
9313.0401,Helper Carpenter -Shuttering and
9313.0401,Helper Electrician
9313.0401,Helper Carpenter – Shuttering & Scaffolding
9313.0501,Helper Electrician
9313.0501,Helper  Electrician
9313.0501,Helper Laboratory
9313.0601,Helper Mason
9313.0601,Helper Laboratory and Field Technician
9313.0601,Helper Laboratory and Field
9313.0701,Helper Painter and Decorator
9313.0701,Helpers and
9313.99,
9313.99,"Building Construction Labourers, Other"
9313.99,"Building Construction Labourers,"
9313.9900,"Building Construction Labourers,"
9313.9900,"Building Construction Labourers, Other"
9313.9900,
9321.0101,
9321.0101,"Packer, Hand"
9321.0101,
9321.0101,"Packer, Hand  Packer, Hand; Carton Filler; Boxer; Case"
9321.0102,Packaging
9321.0102,Packager and Despatcher
9321.0201,
9321.0201,
9321.0201,Labeller
9321.0205,Tagger and Labeller
9321.0205,"Tailor,  Fur"
9321.03,Stenciler
9321.03,
9321.0300,Stenciler
9321.0300,
9321.04,
9321.04,"Stamper, Hand"
9321.0400,
9321.0400,"Stamper, Hand"
9321.1101,
9321.1101,
9321.1101,Weigher
9321.1102,Issuing and Return In  charge
9321.1102,IT Co -Ordinator in
9321.1102,Issuing and Return In -Charge
9321.1103,
9321.1103,
9321.1103,Diamond Bagger and Flueter
9321.12,Counter
9321.12,
9321.1200,Counter
9321.1200,
9321.13,
9321.13,"Container Washer, Machine"
9321.1300,
9321.1300,"Container Washer, Machine"
9321.1401,Machining
9321.1401,Machining Assistant or Helper
9321.99,"Hand Packers, Others"
9321.99,
9321.9900,
9321.9900,"Hand Packers, Others"
9329.01,"Khatedar, Salt Production"
9329.01,
9329.0100,
9329.0100,"Khatedar, Salt Production"
9329.02,
9329.02,"Mukadam, Salt Production"
9329.0200,
9329.0200,"Mukadam, Salt Production"
9329.03,Salt Reclamation Worker
9329.03,
9329.0300,
9329.0300,Salt Reclamation Worker
9329.04,
9329.04,Checker
9329.0400,Checker
9329.0400,
9329.05,Tester
9329.05,
9329.0500,Tester
9329.0500,
9329.06,
9329.06,Sorter
9329.0600,
9329.0600,Sorter
9329.0701,"Accident Officer,"
9329.0701,Accessory  Fitter
9329.0701,Accessory Fitter
9329.0801,Parts Picker
9329.0801,"Passenger Guide,"
9331.01,"Driver, Cycle Rickshaw"
9331.01,
9331.0100,
9331.0100,"Driver, Cycle Rickshaw"
9331.03,Hand CartMan
9331.03,Hand Cartman
9331.03,
9331.0300,
9331.0300,Hand Cartman
9331.0300,Hand Cart Man
9331.04,"Traffic Hand, Gliding"
9331.04,"Traffic Han d, Gliding"
9331.04,
9331.0400,"Traffic Hand, Gliding"
9331.0400,"Traffic Han d, Gliding"
9331.0400,
9331.06,Transport Equipment Operators and
9331.06,Transport Equipment Operators
9331.06,
9331.0600,
9331.0600,Transport Equipment Operators and
9331.0600,Transport Equipment Operators
9331.07,Transport Service Operator
9331.0700,Transport Service Operator
9331.0700,
9331.99,"Hand Pedal Vehicle Drivers, Other"
9331.9900,"Hand Pedal Vehicle Drivers, Other"
9331.9900,
9332.01,Horse Carriage Driver
9332.0100,Horse Carriage Driver
9332.0100,
9332.02,Cart Driver
9332.0200,Cart Driver
9332.0200,
9332.03,Mahout
9332.0300,
9332.0300,Mahout
9332.04,Pack Animal Driver
9332.0400,
9332.0400,Pack Animal Driver
9332.05,"Supervisor, Animal -Drawn and"
9332.05,"Supervisor, Animal -Drawn and Manually"
9332.0500,"Supervisor, Animal -Drawn and"
9332.0500,"Supervisor, Animal -Drawn and Manually"
9332.0500,
9332.99,Animal and Animal Drawn Vehicle
9332.99,"Animal and Animal Drawn Vehicle Drivers,"
9332.9900,"Animal and Animal Drawn Vehicle Drivers,"
9332.9900,
9332.9900,Animal and Animal Drawn Vehicle
9333.01,Loader and Unloader
9333.0100,Loader and U nloader
9333.0100,
9333.0100,Loader and Unloader
9333.0101,Loader /Loading and Unloading
9333.0101,Loader/Loading and Unloading Operator
9333.0101,Loan Approval
9333.0201,Warehouse Worker
9333.0201,
9333.0202,Loader/Loading
9333.0202,"Loader, Transport"
9333.99,"Freight Handlers, Other"
9333.9900,
9333.9900,"Freight Handlers, Other"
9412.01,Kitchen  Helper
9412.01,Kitchen Helper
9412.0100,
9412.0100,Kitchen  Helper
9412.0100,Kitchen Helper
9510.01,Boot Polisher
9510.01,Boot Polisher  Boot Polisher cleans and polishes shoes.
9510.0100,Boot Polisher
9510.0100,Boot Polisher  Boot Polisher cleans and polishes shoes.
9510.0100,
9510.02,Bill Poster
9510.0200,Bill Poster
9510.0200,
9510.99,Shoe Cleaning and Other Street Services
9510.99,Shoe Cleaning and Other Street
9510.99,
9510.9900,Shoe Cleaning and Other Street Services
9510.9900,
9510.9900,Shoe Cleaning and Other Street
9520.01,Hawker
9520.0100,
9520.0100,Hawker
9520.99,"Street Vendors, Non Food"
9520.99,"Street Vendors, Non -Food Products, Other"
9520.9900,
9520.9900,"Street Vendors, Non Food"
9520.9900,"Street Vendors, Non -Food Products, Other"
9611.01,Garbage Collector (Motor Transport)
9611.01,Garbage Collector
9611.0100,Garbage Collector (Motor
9611.0100,
9611.0100,Garbage Collector (Motor Transport)
9611.0201,E-Waste Collector
9611.0201,"Examiner,"
9611.99,"Garbage Collectors, Other"
9611.9900,"Garbage Collectors, Other"
9611.9900,
9613.03,"Sweeper, Dry"
9613.0300,"Sweeper, Dry"
9613.0300,
9613.04,"Sweeper, Wet"
9613.0400,
9613.0400,"Sweeper, Wet"
9613.05,"Sweeper, Sewer"
9613.0500,"Sweeper, Sewer"
9613.0500,
9613.99,"Sweepers and Related Labourers,"
9613.99,"Sweepers and Related Labourers, Other"
9613.9900,
9613.9900,"Sweepers and Related Labourers,"
9613.9900,"Sweepers and Related Labourers, Other"
9621.03,Caddie
9621.0300,
9621.0300,Caddie
9621.04,Bellhop  (Hotel and Restaurant)
9621.04,Bellhop (Hotel & Restaurant)
9621.0400,Bellhop  (Hotel and Restaurant)
9621.0400,Bellhop (Hotel & Restaurant)
9621.0400,
9621.05,"Porter, Baggage (Hotel and"
9621.05,"Porter, Baggage (Hotel & Restaurant)"
9621.0500,"Porter, Baggage (Hotel and"
9621.0500,
9621.0500,"Porter, Baggage (Hotel & Restaurant)"
9621.06,(Letter Box Peon) Post Man
9621.0600,
9621.0600,(Letter Box Peon) Post Man
9621.07,Mail Carrier
9621.0700,
9621.0700,Mail Carrier
9621.08,"Runner, Mail"
9621.0800,"Runner, Mail"
9621.0800,
9621.09,"Sorter, Mail"
9621.0900,"Sorter, Mail"
9621.0900,
9621.12,"Hotel Concierge  Hotel Concierge; Baggage Porter, Hotel"
9621.12,Hotel Concierge
9621.1200,"Hotel Concierge  Hotel Concierge; Baggage Porter, Hotel"
9621.1200,
9621.1200,Hotel Concierge
9621.13,Water Carrier
9621.1300,
9621.1300,Water Carrier
9621.99,"Messengers, Package Deliverers"
9621.99,"Messengers, Package Deliverers and"
9621.9900,"Messengers, Package Deliverers and"
9621.9900,"Messengers, Package Deliverers"
9621.9900,
9623.01,Vending Machine Attendant
9623.0100,
9623.0100,Vending Machine Attendant
9623.02,Coin Collector
9623.0200,
9623.0200,Coin Collector
9623.03,Meter Reader
9623.0300,
9623.0300,Meter Reader
9623.0301,Municipal Water and Sewage Assessor
9623.0301,Municipal Water and Sewage
9623.0301,Munsif
9623.0401,PUC Attendant
9623.0401,Pug Mill Operator
9623.0501,Tyre Inflation Attendant
9623.0501,Tyre Moulder
9623.0601,Quick Care Point Attendant
9623.0601,RAC Assembly
9623.99,Vending Machine Money
9623.99,"Vending Machine Money Collectors, Meter"
9623.9900,"Vending Machine Money Collectors, Meter"
9623.9900,Vending Machine Money
9623.9900,
9629.01,Usher
9629.0100,
9629.0100,Usher
9629.99,"Doorkeepers, Watchpersons and Related"
9629.99,"Door Keepers, Watchpers ons and"
9629.9900,"Doorkeepers, Watchpersons and Related"
9629.9900,
9629.9900,"Door Keepers, Watchpers ons and"
